strategy_id,asset_key,market,family,signal_time,entry_time,exit_time,side,entry_price,exit_price,r_multiple,exit_reason
dow_jones_futures_daily_tsmom_next_overnight_signalmonth_direction_momentum_entryminute_94_b4c3cfd5,dow_jones_futures,futures,daily_tsmom_next_overnight,1667331900,1667332800,1667395800,1,32680.0,32560.0,-1.856006271015732,time_exit
dow_jones_futures_daily_tsmom_next_overnight_signalmonth_direction_momentum_entryminute_94_b4c3cfd5,dow_jones_futures,futures,daily_tsmom_next_overnight,1667418300,1667419200,1667482200,-1,32165.0,31981.0,1.1770766385663245,time_exit
dow_jones_futures_daily_tsmom_next_overnight_signalmonth_direction_momentum_entryminute_94_b4c3cfd5,dow_jones_futures,futures,daily_tsmom_next_overnight,1667504700,1667505600,1667568600,-1,32006.0,32206.0,-2.5049015857245696,time_exit
dow_jones_futures_daily_tsmom_next_overnight_signalmonth_direction_momentum_entryminute_94_b4c3cfd5,dow_jones_futures,futures,daily_tsmom_next_overnight,1667591100,1667592000,1667831400,-1,32433.0,32546.0,-0.9862614240612783,time_exit
dow_jones_futures_daily_tsmom_next_overnight_signalmonth_direction_momentum_entryminute_94_b4c3cfd5,dow_jones_futures,futures,daily_tsmom_next_overnight,1667853900,1667854800,1667917800,1,32847.0,32972.0,2.0944424337860523,time_exit
dow_jones_futures_daily_tsmom_next_overnight_signalmonth_direction_momentum_entryminute_94_b4c3cfd5,dow_jones_futures,futures,daily_tsmom_next_overnight,1667940300,1667941200,1668004200,1,33176.0,32903.0,-2.701817584264559,time_exit
dow_jones_futures_daily_tsmom_next_overnight_signalmonth_direction_momentum_entryminute_94_b4c3cfd5,dow_jones_futures,futures,daily_tsmom_next_overnight,1668026700,1668027600,1668090600,1,32530.0,33274.0,8.973559073940445,time_exit
dow_jones_futures_daily_tsmom_next_overnight_signalmonth_direction_momentum_entryminute_94_b4c3cfd5,dow_jones_futures,futures,daily_tsmom_next_overnight,1668113100,1668114000,1668177000,1,33713.0,33597.0,-1.3460375711214416,time_exit
dow_jones_futures_daily_tsmom_next_overnight_signalmonth_direction_momentum_entryminute_94_b4c3cfd5,dow_jones_futures,futures,daily_tsmom_next_overnight,1668199500,1668200400,1668436200,1,33772.0,33742.0,-0.355027452822673,time_exit
dow_jones_futures_daily_tsmom_next_overnight_signalmonth_direction_momentum_entryminute_94_b4c3cfd5,dow_jones_futures,futures,daily_tsmom_next_overnight,1668458700,1668459600,1668522600,1,33569.0,33889.0,4.3488690835526205,time_exit
dow_jones_futures_daily_tsmom_next_overnight_signalmonth_direction_momentum_entryminute_94_b4c3cfd5,dow_jones_futures,futures,daily_tsmom_next_overnight,1668545100,1668546000,1668609000,-1,33618.0,33643.0,-0.22254049973028403,time_exit
dow_jones_futures_daily_tsmom_next_overnight_signalmonth_direction_momentum_entryminute_94_b4c3cfd5,dow_jones_futures,futures,daily_tsmom_next_overnight,1668631500,1668632400,1668695400,-1,33596.0,33342.0,3.769214191282365,time_exit
dow_jones_futures_daily_tsmom_next_overnight_signalmonth_direction_momentum_entryminute_94_b4c3cfd5,dow_jones_futures,futures,daily_tsmom_next_overnight,1668717900,1668718800,1668781800,1,33586.0,33700.0,1.7540685236529256,time_exit
dow_jones_futures_daily_tsmom_next_overnight_signalmonth_direction_momentum_entryminute_94_b4c3cfd5,dow_jones_futures,futures,daily_tsmom_next_overnight,1668804300,1668805200,1669041000,1,33773.0,33763.0,-0.135945386522917,time_exit
dow_jones_futures_daily_tsmom_next_overnight_signalmonth_direction_momentum_entryminute_94_b4c3cfd5,dow_jones_futures,futures,daily_tsmom_next_overnight,1669063500,1669064400,1669127400,1,33737.0,33893.0,2.9394320535654943,time_exit
dow_jones_futures_daily_tsmom_next_overnight_signalmonth_direction_momentum_entryminute_94_b4c3cfd5,dow_jones_futures,futures,daily_tsmom_next_overnight,1669149900,1669150800,1669213800,1,34122.0,34175.0,1.3110505690814733,time_exit
dow_jones_futures_daily_tsmom_next_overnight_signalmonth_direction_momentum_entryminute_94_b4c3cfd5,dow_jones_futures,futures,daily_tsmom_next_overnight,1669236300,1669237200,1669645800,1,34217.0,34221.0,0.07123501046418965,time_exit
dow_jones_futures_daily_tsmom_next_overnight_signalmonth_direction_momentum_entryminute_94_b4c3cfd5,dow_jones_futures,futures,daily_tsmom_next_overnight,1669668300,1669669200,1669732200,1,33857.0,33806.0,-1.0325133165777844,time_exit
dow_jones_futures_daily_tsmom_next_overnight_signalmonth_direction_momentum_entryminute_94_b4c3cfd5,dow_jones_futures,futures,daily_tsmom_next_overnight,1669754700,1669755600,1669818600,-1,33854.0,33875.0,-0.37873107503208614,time_exit
dow_jones_futures_daily_tsmom_next_overnight_signalmonth_direction_momentum_entryminute_94_b4c3cfd5,dow_jones_futures,futures,daily_tsmom_next_overnight,1669841100,1669842000,1669905000,1,34609.0,34516.0,-0.9463443748743509,time_exit
dow_jones_futures_daily_tsmom_next_overnight_signalmonth_direction_momentum_entryminute_94_b4c3cfd5,dow_jones_futures,futures,daily_tsmom_next_overnight,1698867900,1698868800,1698931800,1,33356.0,33532.0,2.4763260394608024,time_exit
dow_jones_futures_daily_tsmom_next_overnight_signalmonth_direction_momentum_entryminute_94_b4c3cfd5,dow_jones_futures,futures,daily_tsmom_next_overnight,1698954300,1698955200,1699018200,1,33914.0,34082.0,4.400891775708093,time_exit
dow_jones_futures_daily_tsmom_next_overnight_signalmonth_direction_momentum_entryminute_94_b4c3cfd5,dow_jones_futures,futures,daily_tsmom_next_overnight,1699040700,1699041600,1699281000,1,34131.0,34169.0,0.9103199444260172,time_exit
dow_jones_futures_daily_tsmom_next_overnight_signalmonth_direction_momentum_entryminute_94_b4c3cfd5,dow_jones_futures,futures,daily_tsmom_next_overnight,1699303500,1699304400,1699367400,1,34165.0,34122.0,-1.2497402760483702,time_exit
dow_jones_futures_daily_tsmom_next_overnight_signalmonth_direction_momentum_entryminute_94_b4c3cfd5,dow_jones_futures,futures,daily_tsmom_next_overnight,1699389900,1699390800,1699453800,1,34215.0,34270.0,1.5158627090284875,time_exit
dow_jones_futures_daily_tsmom_next_overnight_signalmonth_direction_momentum_entryminute_94_b4c3cfd5,dow_jones_futures,futures,daily_tsmom_next_overnight,1699476300,1699477200,1699540200,1,34167.0,34165.0,-0.05293846537459469,time_exit
dow_jones_futures_daily_tsmom_next_overnight_signalmonth_direction_momentum_entryminute_94_b4c3cfd5,dow_jones_futures,futures,daily_tsmom_next_overnight,1699562700,1699563600,1699626600,-1,33950.0,34076.0,-2.5132519382988465,time_exit
dow_jones_futures_daily_tsmom_next_overnight_signalmonth_direction_momentum_entryminute_94_b4c3cfd5,dow_jones_futures,futures,daily_tsmom_next_overnight,1699649100,1699650000,1699885800,1,34335.0,34299.0,-0.8723463941818996,time_exit
dow_jones_futures_daily_tsmom_next_overnight_signalmonth_direction_momentum_entryminute_94_b4c3cfd5,dow_jones_futures,futures,daily_tsmom_next_overnight,1699908300,1699909200,1699972200,1,34382.0,34749.0,11.094025533006747,time_exit
dow_jones_futures_daily_tsmom_next_overnight_signalmonth_direction_momentum_entryminute_94_b4c3cfd5,dow_jones_futures,futures,daily_tsmom_next_overnight,1699994700,1699995600,1700058600,1,34879.0,34964.0,1.836668202398596,time_exit
dow_jones_futures_daily_tsmom_next_overnight_signalmonth_direction_momentum_entryminute_94_b4c3cfd5,dow_jones_futures,futures,daily_tsmom_next_overnight,1700081100,1700082000,1700145000,1,35051.0,35029.0,-0.5482405334692841,time_exit
dow_jones_futures_daily_tsmom_next_overnight_signalmonth_direction_momentum_entryminute_94_b4c3cfd5,dow_jones_futures,futures,daily_tsmom_next_overnight,1700167500,1700168400,1700231400,1,35014.0,34984.0,-0.7874417705642763,time_exit
dow_jones_futures_daily_tsmom_next_overnight_signalmonth_direction_momentum_entryminute_94_b4c3cfd5,dow_jones_futures,futures,daily_tsmom_next_overnight,1700253900,1700254800,1700490600,1,35016.0,35044.0,0.8018505725722846,time_exit
dow_jones_futures_daily_tsmom_next_overnight_signalmonth_direction_momentum_entryminute_94_b4c3cfd5,dow_jones_futures,futures,daily_tsmom_next_overnight,1700513100,1700514000,1700577000,1,35225.0,35118.0,-3.138301615499836,time_exit
dow_jones_futures_daily_tsmom_next_overnight_signalmonth_direction_momentum_entryminute_94_b4c3cfd5,dow_jones_futures,futures,daily_tsmom_next_overnight,1700599500,1700600400,1700663400,1,35145.0,35302.0,5.202857525604931,time_exit
dow_jones_futures_daily_tsmom_next_overnight_signalmonth_direction_momentum_entryminute_94_b4c3cfd5,dow_jones_futures,futures,daily_tsmom_next_overnight,1700685900,1700686800,1701095400,1,35311.0,35375.0,1.7287813506987493,time_exit
dow_jones_futures_daily_tsmom_next_overnight_signalmonth_direction_momentum_entryminute_94_b4c3cfd5,dow_jones_futures,futures,daily_tsmom_next_overnight,1701117900,1701118800,1701181800,1,35368.0,35354.0,-0.46930223183727715,time_exit
dow_jones_futures_daily_tsmom_next_overnight_signalmonth_direction_momentum_entryminute_94_b4c3cfd5,dow_jones_futures,futures,daily_tsmom_next_overnight,1701204300,1701205200,1701268200,1,35445.0,35525.0,2.278733397457273,time_exit
dow_jones_futures_daily_tsmom_next_overnight_signalmonth_direction_momentum_entryminute_94_b4c3cfd5,dow_jones_futures,futures,daily_tsmom_next_overnight,1701290700,1701291600,1701354600,1,35491.0,35701.0,5.048150656669541,time_exit
dow_jones_futures_daily_tsmom_next_overnight_signalmonth_direction_momentum_entryminute_94_b4c3cfd5,dow_jones_futures,futures,daily_tsmom_next_overnight,1701377100,1701378000,1701441000,1,35994.0,36039.0,0.9094658796771725,time_exit
dow_jones_futures_daily_tsmom_next_overnight_signalmonth_direction_momentum_entryminute_94_b4c3cfd5,dow_jones_futures,futures,daily_tsmom_next_overnight,1730490300,1730491200,1730730600,-1,42195.0,42069.0,1.7206714734436186,time_exit
dow_jones_futures_daily_tsmom_next_overnight_signalmonth_direction_momentum_entryminute_94_b4c3cfd5,dow_jones_futures,futures,daily_tsmom_next_overnight,1730753100,1730754000,1730817000,-1,41961.0,42030.0,-1.2145538427299054,time_exit
dow_jones_futures_daily_tsmom_next_overnight_signalmonth_direction_momentum_entryminute_94_b4c3cfd5,dow_jones_futures,futures,daily_tsmom_next_overnight,1730839500,1730840400,1730903400,1,42379.0,43680.0,21.624039960175107,time_exit
dow_jones_futures_daily_tsmom_next_overnight_signalmonth_direction_momentum_entryminute_94_b4c3cfd5,dow_jones_futures,futures,daily_tsmom_next_overnight,1730925900,1730926800,1730989800,1,43898.0,43847.0,-0.7674829159841124,time_exit
dow_jones_futures_daily_tsmom_next_overnight_signalmonth_direction_momentum_entryminute_94_b4c3cfd5,dow_jones_futures,futures,daily_tsmom_next_overnight,1731012300,1731013200,1731076200,1,43902.0,43951.0,0.7894880897882246,time_exit
dow_jones_futures_daily_tsmom_next_overnight_signalmonth_direction_momentum_entryminute_94_b4c3cfd5,dow_jones_futures,futures,daily_tsmom_next_overnight,1731098700,1731099600,1731335400,1,44149.0,44577.0,8.250286353797302,time_exit
dow_jones_futures_daily_tsmom_next_overnight_signalmonth_direction_momentum_entryminute_94_b4c3cfd5,dow_jones_futures,futures,daily_tsmom_next_overnight,1731357900,1731358800,1731421800,1,44439.0,44533.0,2.189964549741677,time_exit
dow_jones_futures_daily_tsmom_next_overnight_signalmonth_direction_momentum_entryminute_94_b4c3cfd5,dow_jones_futures,futures,daily_tsmom_next_overnight,1731444300,1731445200,1731508200,1,44075.0,44156.0,1.3946458854446249,time_exit
dow_jones_futures_daily_tsmom_next_overnight_signalmonth_direction_momentum_entryminute_94_b4c3cfd5,dow_jones_futures,futures,daily_tsmom_next_overnight,1731530700,1731531600,1731594600,-1,44105.0,44059.0,0.7640380175903714,time_exit
dow_jones_futures_daily_tsmom_next_overnight_signalmonth_direction_momentum_entryminute_94_b4c3cfd5,dow_jones_futures,futures,daily_tsmom_next_overnight,1731617100,1731618000,1731681000,-1,43900.0,43720.0,2.5419830910465198,time_exit
dow_jones_futures_daily_tsmom_next_overnight_signalmonth_direction_momentum_entryminute_94_b4c3cfd5,dow_jones_futures,futures,daily_tsmom_next_overnight,1731703500,1731704400,1731940200,-1,43575.0,43547.0,0.4393441009321477,time_exit
dow_jones_futures_daily_tsmom_next_overnight_signalmonth_direction_momentum_entryminute_94_b4c3cfd5,dow_jones_futures,futures,daily_tsmom_next_overnight,1731962700,1731963600,1732026600,-1,43537.0,43186.0,6.928335497184657,time_exit
dow_jones_futures_daily_tsmom_next_overnight_signalmonth_direction_momentum_entryminute_94_b4c3cfd5,dow_jones_futures,futures,daily_tsmom_next_overnight,1732049100,1732050000,1732113000,-1,43398.0,43355.0,0.738418929620539,time_exit
dow_jones_futures_daily_tsmom_next_overnight_signalmonth_direction_momentum_entryminute_94_b4c3cfd5,dow_jones_futures,futures,daily_tsmom_next_overnight,1732135500,1732136400,1732199400,-1,43524.0,43554.0,-0.42357772055486437,time_exit
dow_jones_futures_daily_tsmom_next_overnight_signalmonth_direction_momentum_entryminute_94_b4c3cfd5,dow_jones_futures,futures,daily_tsmom_next_overnight,1732221900,1732222800,1732285800,1,43982.0,44248.0,3.966118627655737,time_exit
dow_jones_futures_daily_tsmom_next_overnight_signalmonth_direction_momentum_entryminute_94_b4c3cfd5,dow_jones_futures,futures,daily_tsmom_next_overnight,1732308300,1732309200,1732545000,1,44388.0,44873.0,7.4656100012644835,time_exit
dow_jones_futures_daily_tsmom_next_overnight_signalmonth_direction_momentum_entryminute_94_b4c3cfd5,dow_jones_futures,futures,daily_tsmom_next_overnight,1732567500,1732568400,1732631400,1,44824.0,44633.0,-3.4595346062930377,time_exit
dow_jones_futures_daily_tsmom_next_overnight_signalmonth_direction_momentum_entryminute_94_b4c3cfd5,dow_jones_futures,futures,daily_tsmom_next_overnight,1732653900,1732654800,1732717800,1,44949.0,45071.0,2.333473207035118,time_exit
dow_jones_futures_daily_tsmom_next_overnight_signalmonth_direction_momentum_entryminute_94_b4c3cfd5,dow_jones_futures,futures,daily_tsmom_next_overnight,1732740300,1732741200,1733149800,1,44827.0,44941.0,2.5768308705804857,time_exit
dow_jones_futures_daily_tsmom_next_overnight_signalmonth_direction_momentum_entryminute_94_b4c3cfd5,dow_jones_futures,futures,daily_tsmom_next_overnight,1762202700,1762203600,1762266600,-1,47488.0,47184.0,5.371673658212696,time_exit
dow_jones_futures_daily_tsmom_next_overnight_signalmonth_direction_momentum_entryminute_94_b4c3cfd5,dow_jones_futures,futures,daily_tsmom_next_overnight,1762289100,1762290000,1762353000,-1,47221.0,47163.0,0.7981458146184586,time_exit
dow_jones_futures_daily_tsmom_next_overnight_signalmonth_direction_momentum_entryminute_94_b4c3cfd5,dow_jones_futures,futures,daily_tsmom_next_overnight,1762375500,1762376400,1762439400,-1,47433.0,47321.0,1.78510205037933,time_exit
dow_jones_futures_daily_tsmom_next_overnight_signalmonth_direction_momentum_entryminute_94_b4c3cfd5,dow_jones_futures,futures,daily_tsmom_next_overnight,1762461900,1762462800,1762525800,-1,47040.0,46819.0,2.7623948567487004,time_exit
dow_jones_futures_daily_tsmom_next_overnight_signalmonth_direction_momentum_entryminute_94_b4c3cfd5,dow_jones_futures,futures,daily_tsmom_next_overnight,1762548300,1762549200,1762785000,-1,47080.0,47344.0,-3.0647730219724476,time_exit
dow_jones_futures_daily_tsmom_next_overnight_signalmonth_direction_momentum_entryminute_94_b4c3cfd5,dow_jones_futures,futures,daily_tsmom_next_overnight,1762807500,1762808400,1762871400,1,47462.0,47534.0,1.2504824696795844,time_exit
dow_jones_futures_daily_tsmom_next_overnight_signalmonth_direction_momentum_entryminute_94_b4c3cfd5,dow_jones_futures,futures,daily_tsmom_next_overnight,1762893900,1762894800,1762957800,1,48038.0,48377.0,6.24755571325235,time_exit
dow_jones_futures_daily_tsmom_next_overnight_signalmonth_direction_momentum_entryminute_94_b4c3cfd5,dow_jones_futures,futures,daily_tsmom_next_overnight,1762980300,1762981200,1763044200,1,48371.0,48252.0,-1.9426583112731997,time_exit
dow_jones_futures_daily_tsmom_next_overnight_signalmonth_direction_momentum_entryminute_94_b4c3cfd5,dow_jones_futures,futures,daily_tsmom_next_overnight,1763066700,1763067600,1763130600,1,47556.0,47019.0,-6.001379380239973,time_exit
dow_jones_futures_daily_tsmom_next_overnight_signalmonth_direction_momentum_entryminute_94_b4c3cfd5,dow_jones_futures,futures,daily_tsmom_next_overnight,1763153100,1763154000,1763389800,-1,47242.0,47199.0,0.475981712458702,time_exit
dow_jones_futures_daily_tsmom_next_overnight_signalmonth_direction_momentum_entryminute_94_b4c3cfd5,dow_jones_futures,futures,daily_tsmom_next_overnight,1763412300,1763413200,1763476200,-1,46680.0,46299.0,4.215701033967521,time_exit
dow_jones_futures_daily_tsmom_next_overnight_signalmonth_direction_momentum_entryminute_94_b4c3cfd5,dow_jones_futures,futures,daily_tsmom_next_overnight,1763498700,1763499600,1763562600,-1,46173.0,46159.0,0.12350563866016376,time_exit
dow_jones_futures_daily_tsmom_next_overnight_signalmonth_direction_momentum_entryminute_94_b4c3cfd5,dow_jones_futures,futures,daily_tsmom_next_overnight,1763585100,1763586000,1763649000,-1,46206.0,46796.0,-5.853738933733678,time_exit
dow_jones_futures_daily_tsmom_next_overnight_signalmonth_direction_momentum_entryminute_94_b4c3cfd5,dow_jones_futures,futures,daily_tsmom_next_overnight,1763671500,1763672400,1763735400,-1,45833.0,45904.0,-0.5068706023042543,time_exit
dow_jones_futures_daily_tsmom_next_overnight_signalmonth_direction_momentum_entryminute_94_b4c3cfd5,dow_jones_futures,futures,daily_tsmom_next_overnight,1763757900,1763758800,1763994600,1,46336.0,46258.0,-0.6531680402427015,time_exit
dow_jones_futures_daily_tsmom_next_overnight_signalmonth_direction_momentum_entryminute_94_b4c3cfd5,dow_jones_futures,futures,daily_tsmom_next_overnight,1764017100,1764018000,1764081000,1,46508.0,46657.0,2.319333374013741,time_exit
dow_jones_futures_daily_tsmom_next_overnight_signalmonth_direction_momentum_entryminute_94_b4c3cfd5,dow_jones_futures,futures,daily_tsmom_next_overnight,1764103500,1764104400,1764167400,1,47175.0,47441.0,3.9112309532221676,time_exit
dow_jones_futures_daily_tsmom_next_overnight_signalmonth_direction_momentum_entryminute_94_b4c3cfd5,dow_jones_futures,futures,daily_tsmom_next_overnight,1764189900,1764190800,1764599400,1,47484.0,47559.0,1.3178244792848033,time_exit
