selection_status,selection_reason,rank,strategy_id,label,asset_key,trades,overall_pf,total_r,max_drawdown_r,win_rate_pct,min_planned_rr,min_half_pf,min_quarter_pf,rolling20_pf_p25,bootstrap_pf_p05,block_bootstrap_pf_p05,annual_windows,annual_pass_rate,worst_annual_pf,split_first70_pf,split_last30_pf,overfit_risk,duplicate_of,exact_overlap,exact_containment,near_overlap,near_containment,score
selected,pf_rr_stress_low_overfit_nonduplicate,1,competition_copper_futures_london_first30_last30_reversal_month_1_xasset_rr_5_d91f5efb,HG cross-asset London opening-range reversal into the US close (January filter) true 5R,copper_futures,77,2.881,18.355,1.387,53.2,4.774,1.911,1.180,1.599,1.712,1.747,5,1.000,1.214,2.057,6.817,Low,,0,0.000,0,0.000,5.697
selected,pf_rr_stress_low_overfit_nonduplicate,2,competition_gold_futures_us_first30_last30_reversal_signalmonth_month_10_xasset_rr_5_5519d329,GC cross-asset cross-asset cross-asset US opening-range reversal into the close (October true 5R) true 5R true 5R,gold_futures,50,2.924,9.441,1.191,62.0,4.914,2.764,2.023,2.543,1.610,1.804,4,1.000,2.023,2.814,3.191,Low,,0,0.000,0,0.000,5.467
selected,pf_rr_stress_low_overfit_nonduplicate,3,competition_silver_futures_us_first30_last30_reversal_signalmonth_xasset_rr_5_6a54acc6,SI cross-asset US opening-range reversal into the close (December filter) true 5R,silver_futures,58,2.833,11.279,0.840,55.2,4.832,2.216,1.304,2.643,1.507,2.193,4,1.000,1.341,2.456,4.868,Low,,0,0.000,0,0.000,5.388
selected,pf_rr_stress_low_overfit_nonduplicate,4,competition_dow_jones_futures_us_first30_last30_momentum_signalmonth_month_3_xasset_rr_5_3d9679eb,YM cross-asset cross-asset USDCAD March US first30 last30 momentum true 5R true 5R,dow_jones_futures,61,3.147,35.924,6.021,59.0,4.934,2.042,1.065,1.975,1.925,1.554,5,1.000,1.210,3.821,1.382,Low,,0,0.000,0,0.000,5.350
selected,pf_rr_stress_low_overfit_nonduplicate,5,competition_dow_jones_futures_daily_tsmom_next_overnight_weekday_side_1_long_xasset_rr_4_373963bd,YM cross-asset 20-day daily mean reversion overnight (Tuesday longs) true 4R,dow_jones_futures,90,2.356,67.489,5.005,40.0,3.962,1.693,1.477,1.764,1.547,1.571,5,1.000,1.637,2.259,7.452,Low,,0,0.000,0,0.000,5.348
selected,pf_rr_stress_low_overfit_nonduplicate,6,competition_silver_futures_daily_tsmom_next_overnight_weekday_side_4_long_xasset_rr_5_e11e58c1,SI cross-asset 20-day daily momentum overnight (Friday longs) true 5R,silver_futures,131,2.288,63.147,5.863,45.0,4.793,2.245,1.096,1.169,1.536,1.489,5,1.000,1.240,2.983,2.882,Low,,0,0.000,0,0.000,5.206
selected,pf_rr_stress_low_overfit_nonduplicate,7,competition_australian_dollar_futures_london_first30_ny_open_momentum_weekday_side_0_short_xasset_rr_5_4fbf7cea,6A cross-asset cross-asset London opening-range continuation into New York (Monday shorts) true 5R true 5R,australian_dollar_futures,96,2.348,58.147,5.242,50.5,4.687,1.892,1.471,2.351,1.571,1.630,5,0.800,0.537,2.694,1.826,Low,,0,0.000,0,0.000,4.995
selected,pf_rr_stress_low_overfit_nonduplicate,8,competition_canadian_dollar_futures_london_first30_ny_open_momentum_weekday_side_0_short_xasset_rr_5_b5089070,6C cross-asset cross-asset London opening-range continuation into New York (Monday shorts) true 5R true 5R,canadian_dollar_futures,98,2.332,72.220,5.247,42.9,4.305,2.274,1.360,1.900,1.608,1.807,5,0.800,0.077,2.689,1.611,Low,,0,0.000,0,0.000,4.973
selected,pf_rr_stress_low_overfit_nonduplicate,9,competition_british_pound_futures_us_first30_last30_reversal_signalmonth_xasset_rr_5_5f0cb0e3,6B cross-asset cross-asset US opening-range reversal into the close (October filter) true 5R true 5R,british_pound_futures,57,2.451,11.101,1.318,56.1,4.618,1.715,1.515,1.579,1.323,1.321,4,1.000,1.401,2.112,4.204,Low,,0,0.000,0,0.000,4.787
selected,pf_rr_stress_low_overfit_nonduplicate,10,competition_copper_futures_us_first30_last30_reversal_weekday_side_0_long_xasset_rr_5_412871d7,HG cross-asset US opening-range reversal into the close (Monday longs) true 5R,copper_futures,65,2.564,7.191,1.605,55.4,4.840,1.747,1.435,1.411,1.518,1.185,4,0.750,0.668,3.143,1.642,Low,,0,0.000,0,0.000,4.777
selected,pf_rr_stress_low_overfit_nonduplicate,11,competition_us_treasury_30y_bond_futures_daily_tsmom_next_overnight_weekday_side_4_short_72a8080e,ZB 5-day daily mean reversion overnight (Friday shorts true 5R),us_treasury_30y_bond_futures,90,2.245,46.913,4.523,50.0,4.012,1.675,1.617,1.822,1.493,1.526,5,1.000,1.468,2.165,2.728,Low,,0,0.000,0,0.000,4.768
selected,pf_rr_stress_low_overfit_nonduplicate,12,competition_us_treasury_10y_note_futures_daily_tsmom_next_overnight_weekday_side_4_short_xasset_rr_5_105476cf,ZN cross-asset 5-day daily mean reversion overnight (Friday shorts true 5R) true 5R,us_treasury_10y_note_futures,90,2.162,46.581,6.735,45.6,4.023,1.621,1.347,1.502,1.439,1.364,5,1.000,1.198,2.019,2.794,Low,,0,0.000,0,0.000,4.670
selected,pf_rr_stress_low_overfit_nonduplicate,13,nasdaq_100_futures_round_hundred_rejection_15m,NQ Round Hundred Rejection 15m,nasdaq_100_futures,54,2.123,31.726,8.000,45.3,3.000,1.672,1.333,1.615,1.284,1.253,4,0.750,0.750,2.299,1.500,Low,,0,0.000,0,0.000,3.941
duplicate_rejected,same_trade_overlap,,competition_dow_jones_futures_daily_tsmom_next_overnight_signalweekdayside_direction_momentum_entrymin_c2a8817b,YM 20-day daily mean reversion overnight (Tuesday longs true 4R),dow_jones_futures,90,2.356,67.489,5.005,40.0,3.962,1.693,1.477,1.764,1.463,1.552,5,1.000,1.637,2.259,7.452,Low,competition_dow_jones_futures_daily_tsmom_next_overnight_weekday_side_1_long_xasset_rr_4_373963bd,90,1.000,90,1.000,5.203
duplicate_rejected,same_trade_overlap,,competition_silver_futures_us_first30_last30_reversal_signalmonth_xasset_rr_5_a9d7edf6,SI cross-asset US opening-range reversal into the close (December filter) true 5R,silver_futures,63,2.410,10.532,1.357,54.0,4.832,2.123,1.518,2.062,1.399,1.669,4,1.000,1.228,1.959,5.048,Low,competition_silver_futures_us_first30_last30_reversal_signalmonth_xasset_rr_5_6a54acc6,58,1.000,58,1.000,4.972
watch_rejected,"trades_lt_40,overfit_risk_not_low",,competition_japanese_yen_futures_london_first30_ny_open_reversal_month_9_6d9e482f,6J London opening-range reversal into New York (August true 5R),japanese_yen_futures,31,3.076,31.630,2.918,45.2,4.633,2.036,1.868,3.192,1.524,2.304,4,1.000,2.066,2.679,4.724,Medium,,0,0.000,0,0.000,5.445
watch_rejected,overfit_risk_not_low,,competition_us_treasury_2y_note_futures_daily_tsmom_next_overnight_weekday_side_4_short_xasset_rr_5_027092c6,ZT cross-asset 5-day daily mean reversion overnight (Friday shorts true 5R) true 5R,us_treasury_2y_note_futures,90,2.727,70.917,4.191,48.9,4.011,2.448,1.706,1.678,1.581,1.534,5,1.000,1.477,2.482,1.712,Medium,,0,0.000,0,0.000,5.343
watch_rejected,overfit_risk_not_low,,competition_us_treasury_5y_note_futures_daily_tsmom_next_overnight_weekday_side_4_short_xasset_rr_5_2d6cdfee,ZF cross-asset 5-day daily mean reversion overnight (Friday shorts true 5R) true 5R,us_treasury_5y_note_futures,91,2.405,58.894,5.217,46.2,4.336,2.058,1.901,1.751,1.582,1.682,5,1.000,1.638,2.802,2.409,Medium,,0,0.000,0,0.000,5.198
watch_rejected,overfit_risk_not_low,,competition_new_zealand_dollar_futures_daily_tsmom_next_overnight_weekday_side_4_short_xasset_rr_5_bd3c3876,6N cross-asset 5-day daily mean reversion overnight (Friday shorts true 5R) true 5R,new_zealand_dollar_futures,99,2.116,56.051,10.849,54.1,4.658,2.007,1.177,1.039,1.340,1.266,5,0.600,0.936,2.358,2.153,Medium,,0,0.000,0,0.000,4.585
watch_rejected,overfit_risk_not_low,,competition_canadian_dollar_futures_us_first30_last30_momentum_signalmonth_month_3_xasset_rr_5_384613a9,6C cross-asset cross-asset USDCAD March US first30 last30 momentum true 5R true 5R,canadian_dollar_futures,46,2.359,12.559,1.789,56.5,4.622,2.250,1.247,2.218,1.257,1.545,5,1.000,1.968,2.967,1.445,Medium,,0,0.000,0,0.000,4.299
