strategy_id,folder,asset_key,market,phase,rejection_reason
crude_oil_futures_tori_trades_trendline_break_retest,crude_oil_futures_tori_trades_trendline_break_retest,crude_oil_futures,futures,trendline_break,missing or unfinished backtest_trades.csv
dow_jones_futures_reddit_capitulation_reversion,dow_jones_futures_reddit_capitulation_reversion,dow_jones_futures,futures,reddit_capitulation_reversion,missing or unfinished backtest_trades.csv
dow_jones_futures_reddit_ema_pullback,dow_jones_futures_reddit_ema_pullback,dow_jones_futures,futures,reddit_ema_pullback,missing or unfinished backtest_trades.csv
dow_jones_futures_reddit_orb_breakout_opposite,dow_jones_futures_reddit_orb_breakout_opposite,dow_jones_futures,futures,reddit_orb_breakout,missing or unfinished backtest_trades.csv
dow_jones_futures_reddit_orb_retest,dow_jones_futures_reddit_orb_retest,dow_jones_futures,futures,reddit_orb_retest,missing or unfinished backtest_trades.csv
eur_usd_ny_sweep_bayes,eur_usd_ny_sweep_bayes,eur_usd,forex,ny_sweep_playbook,missing or unfinished backtest_trades.csv
eur_usd_ny_sweep_logit,eur_usd_ny_sweep_logit,eur_usd,forex,ny_sweep_playbook,missing or unfinished backtest_trades.csv
eur_usd_ny_sweep_logit_on_euro_futures,eur_usd_ny_sweep_logit_on_euro_futures,euro_futures,futures,ny_sweep_playbook,missing or unfinished backtest_trades.csv
eur_usd_ny_sweep_stump,eur_usd_ny_sweep_stump,eur_usd,forex,ny_sweep_playbook,missing or unfinished backtest_trades.csv
eur_usd_ny_sweep_stump_prior_day_target,eur_usd_ny_sweep_stump_prior_day_target,eur_usd,forex,ny_sweep_playbook,missing or unfinished backtest_trades.csv
eur_usd_ny_sweep_stump_prior_day_target_on_silver_futures_opposite,eur_usd_ny_sweep_stump_prior_day_target_on_silver_futures_opposite,silver_futures,futures,ny_sweep_playbook,missing or unfinished backtest_trades.csv
gbp_usd_humbled_trader_vwap_pullback,gbp_usd_humbled_trader_vwap_pullback,gbp_usd,forex,vwap_pullback,missing or unfinished backtest_trades.csv
gbp_usd_ict_turtle_soup,gbp_usd_ict_turtle_soup,gbp_usd,forex,ict_turtle_soup,missing or unfinished backtest_trades.csv
gbp_usd_ny_sweep_bayes,gbp_usd_ny_sweep_bayes,gbp_usd,forex,ny_sweep_playbook,missing or unfinished backtest_trades.csv
gbp_usd_ny_sweep_bayes_prior_day_target_on_sp_500_futures,gbp_usd_ny_sweep_bayes_prior_day_target_on_sp_500_futures,sp_500_futures,futures,ny_sweep_playbook,missing or unfinished backtest_trades.csv
gbp_usd_ny_sweep_logit,gbp_usd_ny_sweep_logit,gbp_usd,forex,ny_sweep_playbook,missing or unfinished backtest_trades.csv
gbp_usd_ny_sweep_stump,gbp_usd_ny_sweep_stump,gbp_usd,forex,ny_sweep_playbook,missing or unfinished backtest_trades.csv
gbp_usd_ny_sweep_stump_on_british_pound_futures,gbp_usd_ny_sweep_stump_on_british_pound_futures,british_pound_futures,futures,ny_sweep_playbook,missing or unfinished backtest_trades.csv
gbp_usd_ny_sweep_stump_on_euro_futures,gbp_usd_ny_sweep_stump_on_euro_futures,euro_futures,futures,ny_sweep_playbook,missing or unfinished backtest_trades.csv
gold_futures_echo_neural_mean_reversion,gold_futures_echo_neural_mean_reversion,gold_futures,futures,mean_reversion,missing or unfinished backtest_trades.csv
gold_futures_echo_neural_mean_reversion_balanced,gold_futures_echo_neural_mean_reversion_balanced,gold_futures,futures,mean_reversion,missing or unfinished backtest_trades.csv
gold_futures_echo_neural_momentum,gold_futures_echo_neural_momentum,gold_futures,futures,momentum,missing or unfinished backtest_trades.csv
gold_futures_echo_neural_momentum_balanced,gold_futures_echo_neural_momentum_balanced,gold_futures,futures,momentum,missing or unfinished backtest_trades.csv
gold_futures_humbled_trader_vwap_pullback_opposite,gold_futures_humbled_trader_vwap_pullback_opposite,gold_futures,futures,vwap_pullback,missing or unfinished backtest_trades.csv
gold_futures_reddit_ema_pullback,gold_futures_reddit_ema_pullback,gold_futures,futures,reddit_ema_pullback,missing or unfinished backtest_trades.csv
gold_futures_reddit_orb_breakout,gold_futures_reddit_orb_breakout,gold_futures,futures,reddit_orb_breakout,missing or unfinished backtest_trades.csv
gold_futures_tori_trades_trendline_break_retest,gold_futures_tori_trades_trendline_break_retest,gold_futures,futures,tori_trendline_mtf,missing or unfinished backtest_trades.csv
gold_spot_tori_trades_trendline_break_retest,gold_spot_tori_trades_trendline_break_retest,gold_spot,gold_spot,tori_trendline_mtf,missing or unfinished backtest_trades.csv
nasdaq_100_futures_claytrader_support_resistance_retest,nasdaq_100_futures_claytrader_support_resistance_retest,nasdaq_100_futures,futures,support_resistance_retest,missing or unfinished backtest_trades.csv
nasdaq_100_futures_decile_forward_edge_5m,nasdaq_100_futures_decile_forward_edge_5m,nasdaq_100_futures,futures,decile_forward_edge,missing or unfinished backtest_trades.csv
nasdaq_100_futures_momentum,nasdaq_100_futures_momentum,nasdaq_100_futures,futures,momentum,missing or unfinished backtest_trades.csv
nasdaq_100_futures_percentile_range_study_15m,nasdaq_100_futures_percentile_range_study_15m,nasdaq_100_futures,futures,percentile_range_study,missing or unfinished backtest_trades.csv
nasdaq_100_futures_percentile_range_study_1h,nasdaq_100_futures_percentile_range_study_1h,nasdaq_100_futures,futures,percentile_range_study,missing or unfinished backtest_trades.csv
nasdaq_100_futures_percentile_range_study_1m,nasdaq_100_futures_percentile_range_study_1m,nasdaq_100_futures,futures,percentile_range_study,missing or unfinished backtest_trades.csv
nasdaq_100_futures_percentile_range_study_30m,nasdaq_100_futures_percentile_range_study_30m,nasdaq_100_futures,futures,percentile_range_study,missing or unfinished backtest_trades.csv
nasdaq_100_futures_percentile_range_study_5m,nasdaq_100_futures_percentile_range_study_5m,nasdaq_100_futures,futures,percentile_range_study,missing or unfinished backtest_trades.csv
nasdaq_100_futures_reddit_ema_pullback,nasdaq_100_futures_reddit_ema_pullback,nasdaq_100_futures,futures,reddit_ema_pullback,missing or unfinished backtest_trades.csv
nasdaq_100_futures_reddit_orb_breakout,nasdaq_100_futures_reddit_orb_breakout,nasdaq_100_futures,futures,reddit_orb_breakout,missing or unfinished backtest_trades.csv
nasdaq_100_futures_reddit_orb_retest,nasdaq_100_futures_reddit_orb_retest,nasdaq_100_futures,futures,reddit_orb_retest,missing or unfinished backtest_trades.csv
nasdaq_100_futures_sma20_support_bounce_1h,nasdaq_100_futures_sma20_support_bounce_1h,nasdaq_100_futures,futures,moving_average_touch,missing or unfinished backtest_trades.csv
nasdaq_100_futures_sma50_sma200_cross_15m,nasdaq_100_futures_sma50_sma200_cross_15m,nasdaq_100_futures,futures,moving_average_crossover,missing or unfinished backtest_trades.csv
nasdaq_100_futures_tori_trades_trendline_break_retest,nasdaq_100_futures_tori_trades_trendline_break_retest,nasdaq_100_futures,futures,trendline_break,missing or unfinished backtest_trades.csv
nzd_usd_ny_sweep_bayes,nzd_usd_ny_sweep_bayes,nzd_usd,forex,ny_sweep_playbook,missing or unfinished backtest_trades.csv
nzd_usd_ny_sweep_logit,nzd_usd_ny_sweep_logit,nzd_usd,forex,ny_sweep_playbook,missing or unfinished backtest_trades.csv
nzd_usd_ny_sweep_stump,nzd_usd_ny_sweep_stump,nzd_usd,forex,ny_sweep_playbook,missing or unfinished backtest_trades.csv
russell_2000_futures_claytrader_support_resistance_retest,russell_2000_futures_claytrader_support_resistance_retest,russell_2000_futures,futures,support_resistance_retest,missing or unfinished backtest_trades.csv
russell_2000_futures_reddit_orb_retest,russell_2000_futures_reddit_orb_retest,russell_2000_futures,futures,reddit_orb_retest,missing or unfinished backtest_trades.csv
silver_futures_reddit_capitulation_reversion,silver_futures_reddit_capitulation_reversion,silver_futures,futures,reddit_capitulation_reversion,missing or unfinished backtest_trades.csv
sp_500_futures_reddit_orb_breakout,sp_500_futures_reddit_orb_breakout,sp_500_futures,futures,reddit_orb_breakout,missing or unfinished backtest_trades.csv
sp_500_futures_tori_trades_trendline_break_retest,sp_500_futures_tori_trades_trendline_break_retest,sp_500_futures,futures,trendline_break,missing or unfinished backtest_trades.csv
us_treasury_10y_note_futures_momentum_opposite,us_treasury_10y_note_futures_momentum_opposite,us_treasury_10y_note_futures,futures,momentum,missing or unfinished backtest_trades.csv
usd_cad_ny_sweep_bayes,usd_cad_ny_sweep_bayes,usd_cad,forex,ny_sweep_playbook,missing or unfinished backtest_trades.csv
usd_cad_ny_sweep_logit,usd_cad_ny_sweep_logit,usd_cad,forex,ny_sweep_playbook,missing or unfinished backtest_trades.csv
usd_cad_ny_sweep_logit_prior_day_target,usd_cad_ny_sweep_logit_prior_day_target,usd_cad,forex,ny_sweep_playbook,missing or unfinished backtest_trades.csv
usd_cad_ny_sweep_logit_prior_day_target_on_canadian_dollar_futures_opposite,usd_cad_ny_sweep_logit_prior_day_target_on_canadian_dollar_futures_opposite,canadian_dollar_futures,futures,ny_sweep_playbook,missing or unfinished backtest_trades.csv
usd_cad_ny_sweep_stump,usd_cad_ny_sweep_stump,usd_cad,forex,ny_sweep_playbook,missing or unfinished backtest_trades.csv
usd_chf_ny_sweep_stump,usd_chf_ny_sweep_stump,usd_chf,forex,ny_sweep_playbook,missing or unfinished backtest_trades.csv
usd_jpy_ny_sweep_bayes,usd_jpy_ny_sweep_bayes,usd_jpy,forex,ny_sweep_playbook,missing or unfinished backtest_trades.csv
usd_jpy_ny_sweep_bayes_on_copper_futures,usd_jpy_ny_sweep_bayes_on_copper_futures,copper_futures,futures,ny_sweep_playbook,missing or unfinished backtest_trades.csv
usd_jpy_ny_sweep_bayes_on_dow_jones_futures,usd_jpy_ny_sweep_bayes_on_dow_jones_futures,dow_jones_futures,futures,ny_sweep_playbook,missing or unfinished backtest_trades.csv
usd_jpy_ny_sweep_logit,usd_jpy_ny_sweep_logit,usd_jpy,forex,ny_sweep_playbook,missing or unfinished backtest_trades.csv
usd_jpy_ny_sweep_logit_on_sp_500_futures,usd_jpy_ny_sweep_logit_on_sp_500_futures,sp_500_futures,futures,ny_sweep_playbook,missing or unfinished backtest_trades.csv
usd_jpy_ny_sweep_stump,usd_jpy_ny_sweep_stump,usd_jpy,forex,ny_sweep_playbook,missing or unfinished backtest_trades.csv
usd_jpy_ny_sweep_stump_on_copper_futures,usd_jpy_ny_sweep_stump_on_copper_futures,copper_futures,futures,ny_sweep_playbook,missing or unfinished backtest_trades.csv
usd_jpy_ny_sweep_stump_prior_day_target,usd_jpy_ny_sweep_stump_prior_day_target,usd_jpy,forex,ny_sweep_playbook,missing or unfinished backtest_trades.csv
usd_jpy_ny_sweep_stump_prior_day_target_on_natural_gas_futures_opposite,usd_jpy_ny_sweep_stump_prior_day_target_on_natural_gas_futures_opposite,natural_gas_futures,futures,ny_sweep_playbook,missing or unfinished backtest_trades.csv
