rank,strategy_id,label,folder,asset_key,symbol,market,phase,source,overall_pf,overall_trades,total_r,win_rate_pct,max_drawdown_r,pf_bootstrap_p05,split1_pf,split1_trades,split2_pf,split2_trades,split3_pf,split3_trades,split4_pf,split4_trades,min_split_pf,min_split_trades,duplicate_of,duplicate_overlap_trades,rejection_reason,variant_id
,aud_usd_ny_sweep_stump,AUD/USD NY Sweep V4 Stump,aud_usd_ny_sweep_stump,aud_usd,AUDUSD,forex,ny_sweep_playbook,pre_2022_ml_holdout_rebuild_2026_05,2.360560,37,20.408406,59.459459,2.165584,1.334879,1.754755,10,3.517185,9,1.752922,9,3.023796,9,1.752922,9,aud_usd_ny_sweep_bayes,36,exact overlapping trade signature,ny_sweep_v4|model=stump|min=0.5|start=420|end=510|max_tests=1|risk_min=10|risk_max=20|min_wick=0.35|rr=1.75|max_bars=96|one_trade=0
,competition_aud_usd_ny_open_gap_fade_signalmonth_direction_fade_entryminute_570_exitbarminute_660_ming_37fd5084,Competition AUDUSD Ny Open Gap Fade Signalmonth,competition_aud_usd_ny_open_gap_fade_signalmonth_direction_fade_entryminute_570_exitbarminute_660_ming_37fd5084,aud_usd,AUDUSD,forex,competition_session_edge,competition_session_edge_train_forward_2026,2.022520,64,53.490688,56.250000,13.240331,1.110974,1.032438,16,1.756605,16,1.174680,16,8.510571,16,1.032438,16,competition_aud_usd_ny_open_gap_fade_signalmonth_direction_fade_entryminute_570_exitbarminute_660_ming_5c432e4e,64,exact overlapping trade signature,competition_session_edge|family=ny_open_gap_fade_signalmonth|direction=fade|entry=570|exit=660|min_gap_atr=0.5|signal_month=10
,competition_aud_usd_us_first30_last30_reversal_signalmonth_direction_opposite_entryminute_930_exitbarm_a3a7f703,Competition AUDUSD Us First30 Last30 Reversal Signalmonth,competition_aud_usd_us_first30_last30_reversal_signalmonth_direction_opposite_entryminute_930_exitbarm_a3a7f703,aud_usd,AUDUSD,forex,competition_session_edge,competition_session_edge_train_forward_2026,2.211011,66,10.139998,62.121212,2.150633,1.253318,1.225451,17,1.307500,16,2.425345,17,16.034611,16,1.225451,16,competition_aud_usd_us_first30_last30_reversal_signalmonth_direction_opposite_entryminute_930_exitbarm_c8c5223e,60,exact overlapping trade signature,competition_session_edge|family=us_first30_last30_reversal_signalmonth|direction=opposite|entry=930|exit=945|min_signal_atr=0.1|signal_end=585|signal_month=12|signal_start=570
,competition_aud_usd_us_first30_last30_reversal_signalmonth_direction_opposite_entryminute_930_exitbarm_d5d237bf,Competition AUDUSD Us First30 Last30 Reversal Signalmonth,competition_aud_usd_us_first30_last30_reversal_signalmonth_direction_opposite_entryminute_930_exitbarm_d5d237bf,aud_usd,AUDUSD,forex,competition_session_edge,competition_session_edge_train_forward_2026,2.211409,70,11.353407,61.428571,1.786607,1.272343,1.019547,18,1.926963,17,2.488667,18,7.659673,17,1.019547,17,competition_aud_usd_us_first30_last30_reversal_signalmonth_direction_opposite_entryminute_930_exitbarm_c8c5223e,60,exact overlapping trade signature,competition_session_edge|family=us_first30_last30_reversal_signalmonth|direction=opposite|entry=930|exit=945|min_signal_atr=0.05|signal_end=585|signal_month=12|signal_start=570
,competition_eur_jpy_daily_tsmom_next_rth_signalweekdayside_direction_momentum_entryminute_570_exitminu_fc0fe405,Competition EURJPY Daily Tsmom Next Rth Signalweekdayside,competition_eur_jpy_daily_tsmom_next_rth_signalweekdayside_direction_momentum_entryminute_570_exitminu_fc0fe405,eur_jpy,EURJPY,forex,competition_session_edge,competition_session_edge_train_forward_2026,2.001342,122,120.977285,62.295082,30.248017,1.358666,1.776674,31,3.183730,30,1.498469,31,1.812532,30,1.498469,30,competition_eur_jpy_daily_tsmom_next_rth_signalmonth_direction_momentum_entryminute_570_exitminute_945_563aa3f1,12,exact overlapping trade signature,competition_session_edge|family=daily_tsmom_next_rth_signalweekdayside|direction=momentum|entry=570|exit=945|lookback=5|signal_weekday_side=1_long
,competition_gbp_jpy_london_first30_ny_open_reversal_signalmonth_direction_opposite_entryminute_480_exi_3456ad91,Competition GBPJPY London First30 Ny Open Reversal Signalmonth,competition_gbp_jpy_london_first30_ny_open_reversal_signalmonth_direction_opposite_entryminute_480_exi_3456ad91,gbp_jpy,GBPJPY,forex,competition_session_edge,competition_session_edge_train_forward_2026,2.125095,66,42.499941,57.575758,7.971145,1.273717,1.751998,17,1.922981,16,1.194905,17,8.377376,16,1.194905,16,competition_gbp_jpy_london_first30_ny_open_reversal_signalmonth_direction_opposite_entryminute_480_exi_d549e3a7,59,exact overlapping trade signature,competition_session_edge|family=london_first30_ny_open_reversal_signalmonth|direction=opposite|entry=480|exit=570|min_signal_atr=0.35|signal_end=195|signal_month=6|signal_start=180
,competition_gbp_jpy_london_first30_ny_open_reversal_signalweekdayside_direction_opposite_entryminute_4_4eee8ecb,Competition GBPJPY London First30 Ny Open Reversal Signalweekdayside,competition_gbp_jpy_london_first30_ny_open_reversal_signalweekdayside_direction_opposite_entryminute_4_4eee8ecb,gbp_jpy,GBPJPY,forex,competition_session_edge,competition_session_edge_train_forward_2026,2.294778,87,73.134148,58.620690,9.891080,1.409880,1.255441,22,1.835393,22,3.005266,22,6.115567,21,1.255441,21,competition_gbp_jpy_london_first30_ny_open_reversal_signalmonth_direction_opposite_entryminute_480_exi_d549e3a7,9,exact overlapping trade signature,competition_session_edge|family=london_first30_ny_open_reversal_signalweekdayside|direction=opposite|entry=480|exit=570|min_signal_atr=0.5|signal_end=195|signal_start=180|signal_weekday_side=2_short
,competition_gbp_jpy_london_first30_ny_open_reversal_signalweekdayside_direction_opposite_entryminute_4_5322bb1f,Competition GBPJPY London First30 Ny Open Reversal Signalweekdayside,competition_gbp_jpy_london_first30_ny_open_reversal_signalweekdayside_direction_opposite_entryminute_4_5322bb1f,gbp_jpy,GBPJPY,forex,competition_session_edge,competition_session_edge_train_forward_2026,2.054426,115,80.533762,57.391304,11.985847,1.335645,1.241134,29,2.185056,29,2.317711,29,2.801615,28,1.241134,28,competition_gbp_jpy_london_first30_ny_open_reversal_signalmonth_direction_opposite_entryminute_480_exi_d549e3a7,9,exact overlapping trade signature,competition_session_edge|family=london_first30_ny_open_reversal_signalweekdayside|direction=opposite|entry=480|exit=570|min_signal_atr=0.05|signal_end=195|signal_start=180|signal_weekday_side=2_short
,competition_gbp_jpy_london_first30_ny_open_reversal_signalweekdayside_direction_opposite_entryminute_4_61184239,Competition GBPJPY London First30 Ny Open Reversal Signalweekdayside,competition_gbp_jpy_london_first30_ny_open_reversal_signalweekdayside_direction_opposite_entryminute_4_61184239,gbp_jpy,GBPJPY,forex,competition_session_edge,competition_session_edge_train_forward_2026,2.054426,115,80.533762,57.391304,11.985847,1.335645,1.241134,29,2.185056,29,2.317711,29,2.801615,28,1.241134,28,competition_gbp_jpy_london_first30_ny_open_reversal_signalmonth_direction_opposite_entryminute_480_exi_d549e3a7,9,exact overlapping trade signature,competition_session_edge|family=london_first30_ny_open_reversal_signalweekdayside|direction=opposite|entry=480|exit=570|min_signal_atr=0.1|signal_end=195|signal_start=180|signal_weekday_side=2_short
,competition_gbp_jpy_london_first30_ny_open_reversal_signalweekdayside_direction_opposite_entryminute_4_80895cdd,Competition GBPJPY London First30 Ny Open Reversal Signalweekdayside,competition_gbp_jpy_london_first30_ny_open_reversal_signalweekdayside_direction_opposite_entryminute_4_80895cdd,gbp_jpy,GBPJPY,forex,competition_session_edge,competition_session_edge_train_forward_2026,2.054426,115,80.533762,57.391304,11.985847,1.335645,1.241134,29,2.185056,29,2.317711,29,2.801615,28,1.241134,28,competition_gbp_jpy_london_first30_ny_open_reversal_signalmonth_direction_opposite_entryminute_480_exi_d549e3a7,9,exact overlapping trade signature,competition_session_edge|family=london_first30_ny_open_reversal_signalweekdayside|direction=opposite|entry=480|exit=570|min_signal_atr=0|signal_end=195|signal_start=180|signal_weekday_side=2_short
,competition_gbp_jpy_london_first30_ny_open_reversal_signalweekdayside_direction_opposite_entryminute_4_f28a94ed,Competition GBPJPY London First30 Ny Open Reversal Signalweekdayside,competition_gbp_jpy_london_first30_ny_open_reversal_signalweekdayside_direction_opposite_entryminute_4_f28a94ed,gbp_jpy,GBPJPY,forex,competition_session_edge,competition_session_edge_train_forward_2026,2.045998,111,79.391866,56.756757,11.985847,1.334649,1.073792,28,2.741281,28,2.274236,28,2.790065,27,1.073792,27,competition_gbp_jpy_london_first30_ny_open_reversal_signalmonth_direction_opposite_entryminute_480_exi_d549e3a7,9,exact overlapping trade signature,competition_session_edge|family=london_first30_ny_open_reversal_signalweekdayside|direction=opposite|entry=480|exit=570|min_signal_atr=0.2|signal_end=195|signal_start=180|signal_weekday_side=2_short
,competition_usd_cad_daily_tsmom_next_overnight_signalweekday_direction_contrarian_entryminute_945_exit_ed793aca,Competition USDCAD Daily Tsmom Next Overnight Signalweekday,competition_usd_cad_daily_tsmom_next_overnight_signalweekday_direction_contrarian_entryminute_945_exit_ed793aca,usd_cad,USDCAD,forex,competition_session_edge,competition_session_edge_train_forward_2026,2.160657,195,86.042066,58.974359,10.033466,1.493595,2.186703,49,3.042517,49,1.796160,49,2.044283,48,1.796160,48,competition_usd_cad_daily_tsmom_next_overnight_signalmonth_direction_momentum_entryminute_945_exitminu_dca02dc1,1,exact overlapping trade signature,competition_session_edge|family=daily_tsmom_next_overnight_signalweekday|direction=contrarian|entry=945|exit=570|lookback=10|signal_weekday=4
,competition_usd_cad_us_first30_last30_momentum_signalmonth_direction_same_entryminute_930_exitbarminut_087745e1,Competition USDCAD Us First30 Last30 Momentum Signalmonth,competition_usd_cad_us_first30_last30_momentum_signalmonth_direction_same_entryminute_930_exitbarminut_087745e1,usd_cad,USDCAD,forex,competition_session_edge,competition_session_edge_train_forward_2026,2.038517,72,18.064374,59.722222,5.326579,1.071285,2.060224,18,7.567784,18,1.140577,18,1.300518,18,1.140577,18,competition_usd_cad_us_first30_last30_momentum_signalmonth_direction_same_entryminute_930_exitbarminut_c1317995,72,exact overlapping trade signature,competition_session_edge|family=us_first30_last30_momentum_signalmonth|direction=same|entry=930|exit=945|min_signal_atr=0.5|signal_end=585|signal_month=3|signal_start=570
,competition_usd_cad_us_first30_last30_momentum_signalmonth_direction_same_entryminute_930_exitbarminut_234db7bf,Competition USDCAD Us First30 Last30 Momentum Signalmonth,competition_usd_cad_us_first30_last30_momentum_signalmonth_direction_same_entryminute_930_exitbarminut_234db7bf,usd_cad,USDCAD,forex,competition_session_edge,competition_session_edge_train_forward_2026,2.623762,85,31.642069,61.176471,4.923971,1.167648,2.547225,22,3.227112,21,1.759565,21,3.025747,21,1.759565,21,competition_usd_cad_us_first30_last30_momentum_signalmonth_direction_same_entryminute_930_exitbarminut_c1317995,85,exact overlapping trade signature,competition_session_edge|family=us_first30_last30_momentum_signalmonth|direction=same|entry=930|exit=945|min_signal_atr=0.35|signal_end=585|signal_month=3|signal_start=570
,competition_usd_cad_us_first30_last30_momentum_signalmonth_direction_same_entryminute_930_exitbarminut_9b58c643,Competition USDCAD Us First30 Last30 Momentum Signalmonth,competition_usd_cad_us_first30_last30_momentum_signalmonth_direction_same_entryminute_930_exitbarminut_9b58c643,usd_cad,USDCAD,forex,competition_session_edge,competition_session_edge_train_forward_2026,2.633355,94,33.678764,60.638298,5.323264,1.280001,2.809735,24,2.975703,23,1.558667,24,3.259149,23,1.558667,23,competition_usd_cad_us_first30_last30_momentum_signalmonth_direction_same_entryminute_930_exitbarminut_c1317995,94,exact overlapping trade signature,competition_session_edge|family=us_first30_last30_momentum_signalmonth|direction=same|entry=930|exit=945|min_signal_atr=0.2|signal_end=585|signal_month=3|signal_start=570
,competition_usd_cad_us_first30_last30_momentum_signalmonth_direction_same_entryminute_930_exitbarminut_a2ced8d9,Competition USDCAD Us First30 Last30 Momentum Signalmonth,competition_usd_cad_us_first30_last30_momentum_signalmonth_direction_same_entryminute_930_exitbarminut_a2ced8d9,usd_cad,USDCAD,forex,competition_session_edge,competition_session_edge_train_forward_2026,2.444058,105,35.093776,60.000000,5.268028,1.352219,1.921319,27,2.513384,26,1.762825,26,3.634250,26,1.762825,26,competition_usd_cad_us_first30_last30_momentum_signalmonth_direction_same_entryminute_930_exitbarminut_c1317995,105,exact overlapping trade signature,competition_session_edge|family=us_first30_last30_momentum_signalmonth|direction=same|entry=930|exit=945|min_signal_atr=0.05|signal_end=585|signal_month=3|signal_start=570
,competition_usd_cad_us_first30_last30_momentum_signalmonth_direction_same_entryminute_930_exitbarminut_d4e896a1,Competition USDCAD Us First30 Last30 Momentum Signalmonth,competition_usd_cad_us_first30_last30_momentum_signalmonth_direction_same_entryminute_930_exitbarminut_d4e896a1,usd_cad,USDCAD,forex,competition_session_edge,competition_session_edge_train_forward_2026,2.518041,101,34.437253,60.396040,5.268028,1.306487,2.115918,26,3.136105,25,1.691107,25,3.307356,25,1.691107,25,competition_usd_cad_us_first30_last30_momentum_signalmonth_direction_same_entryminute_930_exitbarminut_c1317995,101,exact overlapping trade signature,competition_session_edge|family=us_first30_last30_momentum_signalmonth|direction=same|entry=930|exit=945|min_signal_atr=0.1|signal_end=585|signal_month=3|signal_start=570
,competition_usd_cad_us_first30_last30_momentum_signalweekdayside_direction_same_entryminute_930_exitba_4c0f04b8,Competition USDCAD Us First30 Last30 Momentum Signalweekdayside,competition_usd_cad_us_first30_last30_momentum_signalweekdayside_direction_same_entryminute_930_exitba_4c0f04b8,usd_cad,USDCAD,forex,competition_session_edge,competition_session_edge_train_forward_2026,2.346003,73,20.540165,58.904110,2.625044,1.274909,2.647699,19,2.782260,18,2.672051,18,1.296044,18,1.296044,18,competition_usd_cad_us_first30_last30_momentum_signalmonth_direction_same_entryminute_930_exitbarminut_c1317995,5,exact overlapping trade signature,competition_session_edge|family=us_first30_last30_momentum_signalweekdayside|direction=same|entry=930|exit=945|min_signal_atr=0.5|signal_end=585|signal_start=570|signal_weekday_side=2_long
,competition_usd_cad_us_first30_last30_momentum_signalweekdayside_direction_same_entryminute_930_exitba_baf00d24,Competition USDCAD Us First30 Last30 Momentum Signalweekdayside,competition_usd_cad_us_first30_last30_momentum_signalweekdayside_direction_same_entryminute_930_exitba_baf00d24,usd_cad,USDCAD,forex,competition_session_edge,competition_session_edge_train_forward_2026,2.135014,94,22.461540,58.510638,3.256483,1.267737,2.430913,24,2.436887,23,2.646083,24,1.235467,23,1.235467,23,competition_usd_cad_us_first30_last30_momentum_signalmonth_direction_same_entryminute_930_exitbarminut_c1317995,6,exact overlapping trade signature,competition_session_edge|family=us_first30_last30_momentum_signalweekdayside|direction=same|entry=930|exit=945|min_signal_atr=0.2|signal_end=585|signal_start=570|signal_weekday_side=2_long
,competition_usd_jpy_asia_range_london_breakout_signalweekdayside_breakendminute_360_breakstartminute_1_5a0c1124,Competition USDJPY Asia Range London Breakout Signalweekdayside,competition_usd_jpy_asia_range_london_breakout_signalweekdayside_breakendminute_360_breakstartminute_1_5a0c1124,usd_jpy,USDJPY,forex,competition_session_edge,competition_session_edge_train_forward_2026,2.098006,87,18.636402,67.816092,2.966176,1.323012,2.164622,22,1.724795,22,2.496960,22,2.021947,21,1.724795,21,competition_usd_jpy_asia_range_london_breakout_signalweekdayside_breakendminute_360_breakstartminute_1_83470b07,87,exact overlapping trade signature,competition_session_edge|family=asia_range_london_breakout_signalweekdayside|break_end=360|break_start=180|direction=breakout|forced_exit=600|range_end=165|range_start=1080|risk_reward=1.5|signal_weekday_side=2_long
,competition_usd_jpy_asia_range_london_breakout_signalweekdayside_breakendminute_360_breakstartminute_1_fca40701,Competition USDJPY Asia Range London Breakout Signalweekdayside,competition_usd_jpy_asia_range_london_breakout_signalweekdayside_breakendminute_360_breakstartminute_1_fca40701,usd_jpy,USDJPY,forex,competition_session_edge,competition_session_edge_train_forward_2026,2.191673,87,20.226218,67.816092,2.966176,1.379119,2.086838,22,1.895916,22,2.668278,22,2.184036,21,1.895916,21,competition_usd_jpy_asia_range_london_breakout_signalweekdayside_breakendminute_360_breakstartminute_1_83470b07,87,exact overlapping trade signature,competition_session_edge|family=asia_range_london_breakout_signalweekdayside|break_end=360|break_start=180|direction=breakout|forced_exit=600|range_end=165|range_start=1080|risk_reward=2|signal_weekday_side=2_long
,competition_usd_jpy_us_first30_last30_reversal_signalmonth_direction_opposite_entryminute_930_exitbarm_4d0f0235,Competition USDJPY Us First30 Last30 Reversal Signalmonth,competition_usd_jpy_us_first30_last30_reversal_signalmonth_direction_opposite_entryminute_930_exitbarm_4d0f0235,usd_jpy,USDJPY,forex,competition_session_edge,competition_session_edge_train_forward_2026,2.086426,83,6.303041,61.445783,1.546173,1.248783,1.508439,21,1.299735,21,2.167287,21,3.947679,20,1.299735,20,competition_usd_jpy_us_first30_last30_reversal_signalweekdayside_direction_opposite_entryminute_930_ex_40e6d9ae,6,exact overlapping trade signature,competition_session_edge|family=us_first30_last30_reversal_signalmonth|direction=opposite|entry=930|exit=945|min_signal_atr=0.05|signal_end=585|signal_month=7|signal_start=570
,competition_usd_jpy_us_first30_last30_reversal_signalmonth_direction_opposite_entryminute_930_exitbarm_6403ee92,Competition USDJPY Us First30 Last30 Reversal Signalmonth,competition_usd_jpy_us_first30_last30_reversal_signalmonth_direction_opposite_entryminute_930_exitbarm_6403ee92,usd_jpy,USDJPY,forex,competition_session_edge,competition_session_edge_train_forward_2026,2.180963,67,5.598609,62.686567,1.595872,1.231013,1.386302,17,1.484390,17,2.619633,17,4.144244,16,1.386302,16,competition_usd_jpy_us_first30_last30_reversal_signalweekdayside_direction_opposite_entryminute_930_ex_40e6d9ae,6,exact overlapping trade signature,competition_session_edge|family=us_first30_last30_reversal_signalmonth|direction=opposite|entry=930|exit=945|min_signal_atr=0.35|signal_end=585|signal_month=7|signal_start=570
,competition_usd_jpy_us_first30_last30_reversal_signalmonth_direction_opposite_entryminute_930_exitbarm_a4388977,Competition USDJPY Us First30 Last30 Reversal Signalmonth,competition_usd_jpy_us_first30_last30_reversal_signalmonth_direction_opposite_entryminute_930_exitbarm_a4388977,usd_jpy,USDJPY,forex,competition_session_edge,competition_session_edge_train_forward_2026,2.203114,73,6.048999,63.013699,1.546173,1.349920,1.638199,19,1.314217,18,3.136935,18,3.536214,18,1.314217,18,competition_usd_jpy_us_first30_last30_reversal_signalweekdayside_direction_opposite_entryminute_930_ex_40e6d9ae,6,exact overlapping trade signature,competition_session_edge|family=us_first30_last30_reversal_signalmonth|direction=opposite|entry=930|exit=945|min_signal_atr=0.2|signal_end=585|signal_month=7|signal_start=570
,competition_usd_jpy_us_first30_last30_reversal_signalmonth_direction_opposite_entryminute_930_exitbarm_ae2dcda5,Competition USDJPY Us First30 Last30 Reversal Signalmonth,competition_usd_jpy_us_first30_last30_reversal_signalmonth_direction_opposite_entryminute_930_exitbarm_ae2dcda5,usd_jpy,USDJPY,forex,competition_session_edge,competition_session_edge_train_forward_2026,2.173798,82,6.536228,62.195122,1.546173,1.273887,1.508439,21,1.299735,20,2.891683,21,3.947679,20,1.299735,20,competition_usd_jpy_us_first30_last30_reversal_signalweekdayside_direction_opposite_entryminute_930_ex_40e6d9ae,6,exact overlapping trade signature,competition_session_edge|family=us_first30_last30_reversal_signalmonth|direction=opposite|entry=930|exit=945|min_signal_atr=0.1|signal_end=585|signal_month=7|signal_start=570
,competition_usd_jpy_us_first30_last30_reversal_signalweekdayside_direction_opposite_entryminute_930_ex_8fc27c9b,Competition USDJPY Us First30 Last30 Reversal Signalweekdayside,competition_usd_jpy_us_first30_last30_reversal_signalweekdayside_direction_opposite_entryminute_930_ex_8fc27c9b,usd_jpy,USDJPY,forex,competition_session_edge,competition_session_edge_train_forward_2026,4.039043,65,15.752282,66.153846,0.971683,2.392608,3.021814,17,4.894164,16,1.871507,16,17.829552,16,1.871507,16,competition_usd_jpy_us_first30_last30_reversal_signalweekdayside_direction_opposite_entryminute_930_ex_40e6d9ae,65,exact overlapping trade signature,competition_session_edge|family=us_first30_last30_reversal_signalweekdayside|direction=opposite|entry=930|exit=945|min_signal_atr=0.5|signal_end=585|signal_start=570|signal_weekday_side=2_long
,competition_australian_dollar_futures_ny_open_gap_fade_signalmonth_direction_fade_entryminute_570_exit_a421c4ed,Competition 6A Ny Open Gap Fade Signalmonth,competition_australian_dollar_futures_ny_open_gap_fade_signalmonth_direction_fade_entryminute_570_exit_a421c4ed,australian_dollar_futures,6A,futures,competition_session_edge,competition_session_edge_train_forward_2026,2.067262,58,62.573549,56.896552,14.027825,1.113131,1.831745,15,1.249020,14,1.964220,15,4.691231,14,1.249020,14,competition_australian_dollar_futures_ny_open_gap_fade_signalmonth_direction_fade_entryminute_570_exit_1aa4fa28,58,exact overlapping trade signature,competition_session_edge|family=ny_open_gap_fade_signalmonth|direction=fade|entry=570|exit=945|min_gap_atr=0.75|signal_month=10
,competition_australian_dollar_futures_ny_open_gap_fade_signalmonth_direction_fade_entryminute_570_exit_e08bc2a9,Competition 6A Ny Open Gap Fade Signalmonth,competition_australian_dollar_futures_ny_open_gap_fade_signalmonth_direction_fade_entryminute_570_exit_e08bc2a9,australian_dollar_futures,6A,futures,competition_session_edge,competition_session_edge_train_forward_2026,2.192954,63,73.277817,55.555556,14.027825,1.258222,1.644386,16,1.300377,16,2.525663,16,4.712255,15,1.300377,15,competition_australian_dollar_futures_ny_open_gap_fade_signalmonth_direction_fade_entryminute_570_exit_1aa4fa28,63,exact overlapping trade signature,competition_session_edge|family=ny_open_gap_fade_signalmonth|direction=fade|entry=570|exit=945|min_gap_atr=0.5|signal_month=10
,competition_australian_dollar_futures_us_first30_last30_reversal_signalmonth_direction_opposite_entrym_bbf594b5,Competition 6A Us First30 Last30 Reversal Signalmonth,competition_australian_dollar_futures_us_first30_last30_reversal_signalmonth_direction_opposite_entrym_bbf594b5,australian_dollar_futures,6A,futures,competition_session_edge,competition_session_edge_train_forward_2026,2.462673,54,10.024517,59.259259,2.040885,1.235102,3.449448,14,1.060570,13,3.088338,14,6.048463,13,1.060570,13,competition_australian_dollar_futures_us_first30_last30_reversal_signalmonth_direction_opposite_entrym_77aa2b55,54,exact overlapping trade signature,competition_session_edge|family=us_first30_last30_reversal_signalmonth|direction=opposite|entry=930|exit=945|min_signal_atr=0.5|signal_end=585|signal_month=12|signal_start=570
,competition_japanese_yen_futures_us_first30_last30_reversal_signalweekdayside_direction_opposite_entry_2b239b90,Competition 6J Us First30 Last30 Reversal Signalweekdayside,competition_japanese_yen_futures_us_first30_last30_reversal_signalweekdayside_direction_opposite_entry_2b239b90,japanese_yen_futures,6J,futures,competition_session_edge,competition_session_edge_train_forward_2026,3.903313,89,23.258308,62.921348,1.254473,2.534636,3.358731,23,6.242484,22,2.058078,22,8.665294,22,2.058078,22,competition_japanese_yen_futures_us_first30_last30_reversal_signalweekdayside_direction_opposite_entry_11a69e11,75,exact overlapping trade signature,competition_session_edge|family=us_first30_last30_reversal_signalweekdayside|direction=opposite|entry=930|exit=945|min_signal_atr=0.2|signal_end=585|signal_start=570|signal_weekday_side=2_short
,competition_japanese_yen_futures_us_first30_last30_reversal_signalweekdayside_direction_opposite_entry_d778febb,Competition 6J Us First30 Last30 Reversal Signalweekdayside,competition_japanese_yen_futures_us_first30_last30_reversal_signalweekdayside_direction_opposite_entry_d778febb,japanese_yen_futures,6J,futures,competition_session_edge,competition_session_edge_train_forward_2026,4.321531,67,18.438722,65.671642,0.814227,2.564204,5.169008,17,4.387958,17,2.236646,17,8.611457,16,2.236646,16,competition_japanese_yen_futures_us_first30_last30_reversal_signalweekdayside_direction_opposite_entry_11a69e11,67,exact overlapping trade signature,competition_session_edge|family=us_first30_last30_reversal_signalweekdayside|direction=opposite|entry=930|exit=945|min_signal_atr=0.5|signal_end=585|signal_start=570|signal_weekday_side=2_short
,competition_new_zealand_dollar_futures_ny_open_gap_fade_signalmonth_direction_fade_entryminute_570_exi_1b75a7f7,Competition 6N Ny Open Gap Fade Signalmonth,competition_new_zealand_dollar_futures_ny_open_gap_fade_signalmonth_direction_fade_entryminute_570_exi_1b75a7f7,new_zealand_dollar_futures,6N,futures,competition_session_edge,competition_session_edge_train_forward_2026,2.031160,80,61.306682,60.000000,10.558890,1.342426,1.846319,20,2.306579,20,2.604166,20,1.576648,20,1.576648,20,competition_new_zealand_dollar_futures_ny_open_gap_fade_signalmonth_direction_fade_entryminute_570_exi_7ad85d81,79,exact overlapping trade signature,competition_session_edge|family=ny_open_gap_fade_signalmonth|direction=fade|entry=570|exit=660|min_gap_atr=0|signal_month=2
,competition_new_zealand_dollar_futures_us_first30_last30_reversal_signalmonth_direction_opposite_entry_01defe06,Competition 6N Us First30 Last30 Reversal Signalmonth,competition_new_zealand_dollar_futures_us_first30_last30_reversal_signalmonth_direction_opposite_entry_01defe06,new_zealand_dollar_futures,6N,futures,competition_session_edge,competition_session_edge_train_forward_2026,2.476969,73,12.720110,58.904110,1.376968,1.437974,4.986402,19,1.271675,18,1.939587,18,5.434727,18,1.271675,18,competition_new_zealand_dollar_futures_us_first30_last30_reversal_signalmonth_direction_opposite_entry_ce284576,48,exact overlapping trade signature,competition_session_edge|family=us_first30_last30_reversal_signalmonth|direction=opposite|entry=930|exit=945|min_signal_atr=0.1|signal_end=585|signal_month=12|signal_start=570
,competition_new_zealand_dollar_futures_us_first30_last30_reversal_signalmonth_direction_opposite_entry_4e0e379c,Competition 6N Us First30 Last30 Reversal Signalmonth,competition_new_zealand_dollar_futures_us_first30_last30_reversal_signalmonth_direction_opposite_entry_4e0e379c,new_zealand_dollar_futures,6N,futures,competition_session_edge,competition_session_edge_train_forward_2026,2.242569,75,11.819924,57.333333,1.555324,1.347515,4.876358,19,1.027856,19,1.939587,19,5.434727,18,1.027856,18,competition_new_zealand_dollar_futures_us_first30_last30_reversal_signalmonth_direction_opposite_entry_ce284576,48,exact overlapping trade signature,competition_session_edge|family=us_first30_last30_reversal_signalmonth|direction=opposite|entry=930|exit=945|min_signal_atr=0.05|signal_end=585|signal_month=12|signal_start=570
,competition_new_zealand_dollar_futures_us_first30_last30_reversal_signalmonth_direction_opposite_entry_85b0ada6,Competition 6N Us First30 Last30 Reversal Signalmonth,competition_new_zealand_dollar_futures_us_first30_last30_reversal_signalmonth_direction_opposite_entry_85b0ada6,new_zealand_dollar_futures,6N,futures,competition_session_edge,competition_session_edge_train_forward_2026,2.242569,75,11.819924,57.333333,1.555324,1.347515,4.876358,19,1.027856,19,1.939587,19,5.434727,18,1.027856,18,competition_new_zealand_dollar_futures_us_first30_last30_reversal_signalmonth_direction_opposite_entry_ce284576,48,exact overlapping trade signature,competition_session_edge|family=us_first30_last30_reversal_signalmonth|direction=opposite|entry=930|exit=945|min_signal_atr=0|signal_end=585|signal_month=12|signal_start=570
,competition_new_zealand_dollar_futures_us_first30_last30_reversal_signalmonth_direction_opposite_entry_cb90e91c,Competition 6N Us First30 Last30 Reversal Signalmonth,competition_new_zealand_dollar_futures_us_first30_last30_reversal_signalmonth_direction_opposite_entry_cb90e91c,new_zealand_dollar_futures,6N,futures,competition_session_edge,competition_session_edge_train_forward_2026,2.557761,58,10.509911,60.344828,2.002984,1.437236,3.749641,15,1.060314,14,1.566162,15,17.257838,14,1.060314,14,competition_new_zealand_dollar_futures_us_first30_last30_reversal_signalmonth_direction_opposite_entry_ce284576,48,exact overlapping trade signature,competition_session_edge|family=us_first30_last30_reversal_signalmonth|direction=opposite|entry=930|exit=945|min_signal_atr=0.35|signal_end=585|signal_month=12|signal_start=570
,competition_russell_2000_futures_ny_open_gap_fade_signalmonth_direction_fade_entryminute_570_exitbarmi_159713d0,Competition RTY Ny Open Gap Fade Signalmonth,competition_russell_2000_futures_ny_open_gap_fade_signalmonth_direction_fade_entryminute_570_exitbarmi_159713d0,russell_2000_futures,RTY,futures,competition_session_edge,competition_session_edge_train_forward_2026,2.882499,65,52.527282,63.076923,5.191116,1.700170,2.310793,17,4.077950,16,1.965686,16,3.445161,16,1.965686,16,competition_russell_2000_futures_ny_open_gap_fade_signalmonth_direction_fade_entryminute_570_exitbarmi_801e97d2,59,exact overlapping trade signature,competition_session_edge|family=ny_open_gap_fade_signalmonth|direction=fade|entry=570|exit=615|min_gap_atr=0.35|signal_month=2
,competition_russell_2000_futures_ny_open_gap_fade_signalmonth_direction_fade_entryminute_570_exitbarmi_5492f28a,Competition RTY Ny Open Gap Fade Signalmonth,competition_russell_2000_futures_ny_open_gap_fade_signalmonth_direction_fade_entryminute_570_exitbarmi_5492f28a,russell_2000_futures,RTY,futures,competition_session_edge,competition_session_edge_train_forward_2026,2.742284,61,47.995194,62.295082,5.191116,1.578179,2.330229,16,3.339103,15,2.667724,15,2.796786,15,2.330229,15,competition_russell_2000_futures_ny_open_gap_fade_signalmonth_direction_fade_entryminute_570_exitbarmi_801e97d2,59,exact overlapping trade signature,competition_session_edge|family=ny_open_gap_fade_signalmonth|direction=fade|entry=570|exit=615|min_gap_atr=0.5|signal_month=2
,competition_russell_2000_futures_ny_open_gap_fade_signalmonth_direction_fade_entryminute_570_exitbarmi_879d00ec,Competition RTY Ny Open Gap Fade Signalmonth,competition_russell_2000_futures_ny_open_gap_fade_signalmonth_direction_fade_entryminute_570_exitbarmi_879d00ec,russell_2000_futures,RTY,futures,competition_session_edge,competition_session_edge_train_forward_2026,3.031071,68,56.672861,64.705882,5.191116,1.711180,2.647947,17,3.994190,17,1.852781,17,3.756765,17,1.852781,17,competition_russell_2000_futures_ny_open_gap_fade_signalmonth_direction_fade_entryminute_570_exitbarmi_801e97d2,59,exact overlapping trade signature,competition_session_edge|family=ny_open_gap_fade_signalmonth|direction=fade|entry=570|exit=615|min_gap_atr=0.2|signal_month=2
,competition_us_treasury_2y_note_futures_us_first30_last30_momentum_signalmonth_direction_same_entrymin_2439f151,Competition ZT Us First30 Last30 Momentum Signalmonth,competition_us_treasury_2y_note_futures_us_first30_last30_momentum_signalmonth_direction_same_entrymin_2439f151,us_treasury_2y_note_futures,ZT,futures,competition_session_edge,competition_session_edge_train_forward_2026,2.092106,77,15.101351,58.441558,2.573799,1.341189,1.472967,20,3.256028,19,1.223207,19,5.669706,19,1.223207,19,competition_us_treasury_2y_note_futures_us_first30_last30_momentum_signalweekdayside_direction_same_en_339e7451,4,exact overlapping trade signature,competition_session_edge|family=us_first30_last30_momentum_signalmonth|direction=same|entry=930|exit=945|min_signal_atr=0.2|signal_end=585|signal_month=10|signal_start=570
,competition_us_treasury_5y_note_futures_us_first30_last30_momentum_signalmonth_direction_same_entrymin_23a975e3,Competition ZF Us First30 Last30 Momentum Signalmonth,competition_us_treasury_5y_note_futures_us_first30_last30_momentum_signalmonth_direction_same_entrymin_23a975e3,us_treasury_5y_note_futures,ZF,futures,competition_session_edge,competition_session_edge_train_forward_2026,2.221672,59,9.714621,52.542373,1.930645,1.229016,1.566128,15,5.575354,15,2.395595,15,1.949403,14,1.566128,14,competition_us_treasury_5y_note_futures_us_first30_last30_momentum_signalweekdayside_direction_same_en_62e3b6d2,7,exact overlapping trade signature,competition_session_edge|family=us_first30_last30_momentum_signalmonth|direction=same|entry=930|exit=945|min_signal_atr=0.5|signal_end=585|signal_month=9|signal_start=570
,competition_us_treasury_5y_note_futures_us_first30_last30_momentum_signalweekdayside_direction_same_en_03688d86,Competition ZF Us First30 Last30 Momentum Signalweekdayside,competition_us_treasury_5y_note_futures_us_first30_last30_momentum_signalweekdayside_direction_same_en_03688d86,us_treasury_5y_note_futures,ZF,futures,competition_session_edge,competition_session_edge_train_forward_2026,2.149382,82,15.354989,57.317073,2.290355,1.246592,1.120290,21,1.847843,20,5.700640,21,2.302839,20,1.120290,20,competition_us_treasury_5y_note_futures_us_first30_last30_momentum_signalweekdayside_direction_same_en_62e3b6d2,82,exact overlapping trade signature,competition_session_edge|family=us_first30_last30_momentum_signalweekdayside|direction=same|entry=930|exit=945|min_signal_atr=0.35|signal_end=585|signal_start=570|signal_weekday_side=4_long
,competition_us_treasury_5y_note_futures_us_first30_last30_momentum_signalweekdayside_direction_same_en_606cd362,Competition ZF Us First30 Last30 Momentum Signalweekdayside,competition_us_treasury_5y_note_futures_us_first30_last30_momentum_signalweekdayside_direction_same_en_606cd362,us_treasury_5y_note_futures,ZF,futures,competition_session_edge,competition_session_edge_train_forward_2026,2.124460,101,17.794548,54.455446,2.290355,1.347767,1.135461,26,1.829977,25,4.945556,25,2.511008,25,1.135461,25,competition_us_treasury_5y_note_futures_us_first30_last30_momentum_signalweekdayside_direction_same_en_62e3b6d2,99,exact overlapping trade signature,competition_session_edge|family=us_first30_last30_momentum_signalweekdayside|direction=same|entry=930|exit=945|min_signal_atr=0|signal_end=585|signal_start=570|signal_weekday_side=4_long
,competition_us_treasury_5y_note_futures_us_first30_last30_momentum_signalweekdayside_direction_same_en_967bff3b,Competition ZF Us First30 Last30 Momentum Signalweekdayside,competition_us_treasury_5y_note_futures_us_first30_last30_momentum_signalweekdayside_direction_same_en_967bff3b,us_treasury_5y_note_futures,ZF,futures,competition_session_edge,competition_session_edge_train_forward_2026,2.158647,92,16.741970,55.434783,2.290355,1.329703,1.004304,23,1.816426,23,5.184844,23,2.973196,23,1.004304,23,competition_us_treasury_5y_note_futures_us_first30_last30_momentum_signalweekdayside_direction_same_en_62e3b6d2,92,exact overlapping trade signature,competition_session_edge|family=us_first30_last30_momentum_signalweekdayside|direction=same|entry=930|exit=945|min_signal_atr=0.2|signal_end=585|signal_start=570|signal_weekday_side=4_long
,competition_us_treasury_5y_note_futures_us_first30_last30_momentum_signalweekdayside_direction_same_en_b7159e71,Competition ZF Us First30 Last30 Momentum Signalweekdayside,competition_us_treasury_5y_note_futures_us_first30_last30_momentum_signalweekdayside_direction_same_en_b7159e71,us_treasury_5y_note_futures,ZF,futures,competition_session_edge,competition_session_edge_train_forward_2026,2.124460,101,17.794548,54.455446,2.290355,1.347767,1.135461,26,1.829977,25,4.945556,25,2.511008,25,1.135461,25,competition_us_treasury_5y_note_futures_us_first30_last30_momentum_signalweekdayside_direction_same_en_62e3b6d2,99,exact overlapping trade signature,competition_session_edge|family=us_first30_last30_momentum_signalweekdayside|direction=same|entry=930|exit=945|min_signal_atr=0.05|signal_end=585|signal_start=570|signal_weekday_side=4_long
,competition_us_treasury_5y_note_futures_us_first30_last30_momentum_signalweekdayside_direction_same_en_f66147ae,Competition ZF Us First30 Last30 Momentum Signalweekdayside,competition_us_treasury_5y_note_futures_us_first30_last30_momentum_signalweekdayside_direction_same_en_f66147ae,us_treasury_5y_note_futures,ZF,futures,competition_session_edge,competition_session_edge_train_forward_2026,2.425752,71,15.125405,60.563380,2.290355,1.274321,1.081831,18,1.525835,18,5.732114,18,4.623234,17,1.081831,17,competition_us_treasury_5y_note_futures_us_first30_last30_momentum_signalweekdayside_direction_same_en_62e3b6d2,71,exact overlapping trade signature,competition_session_edge|family=us_first30_last30_momentum_signalweekdayside|direction=same|entry=930|exit=945|min_signal_atr=0.5|signal_end=585|signal_start=570|signal_weekday_side=4_long
