rank,strategy_id,label,folder,asset_key,phase,source,metadata_file,overall_pf,overall_trades,overall_total_r,win_rate_pct,max_drawdown_r,ml_used,model,split_basis,pre_split_pf,pre_split_trades,post_split_pf,post_split_trades,observed_first70_pf,observed_first70_trades,observed_last30_pf,observed_last30_trades,overfit_risk,overfit_notes,variant_id,key_params
1,competition_japanese_yen_futures_us_first30_last30_reversal_signalweekdayside_direction_opposite_entry_11a69e11,6J US opening-range reversal into the close (Wednesday shorts),competition_japanese_yen_futures_us_first30_last30_reversal_signalweekdayside_direction_opposite_entry_11a69e11,japanese_yen_futures,competition_session_edge,competition_session_edge_train_forward_2026,machine_learning/selection.json,4.350,75,20.98,65.3,1.25,yes,ML scorer,true_pre2022_vs_2022_forward,1.192,207,4.350,75,3.323,53,12.349,22,Low,forward stronger than fit sample,competition_session_edge|family=us_first30_last30_reversal_signalweekdayside|direction=opposite|entry=930|exit=945|min_signal_atr=0.35|signal_end=585|signal_start=570|signal_weekday_side=2_short|risk_reward=2,direction=opposite; risk_reward=2; entry=930; exit=945; family=us_first30_last30_reversal_signalweekdayside; min_signal_atr=0.35
2,competition_usd_jpy_us_first30_last30_reversal_signalweekdayside_direction_opposite_entryminute_930_ex_40e6d9ae,USDJPY US opening-range reversal into the close (Wednesday longs),competition_usd_jpy_us_first30_last30_reversal_signalweekdayside_direction_opposite_entryminute_930_ex_40e6d9ae,usd_jpy,competition_session_edge,competition_session_edge_train_forward_2026,machine_learning/selection.json,3.984,74,17.15,66.2,1.36,yes,ML scorer,true_pre2022_vs_2022_forward,1.043,48,3.984,74,2.858,52,21.847,22,Medium,forward stronger than fit sample; ML fit sample under 50 trades,competition_session_edge|family=us_first30_last30_reversal_signalweekdayside|direction=opposite|entry=930|exit=945|min_signal_atr=0.35|signal_end=585|signal_start=570|signal_weekday_side=2_long|risk_reward=2,direction=opposite; risk_reward=2; entry=930; exit=945; family=us_first30_last30_reversal_signalweekdayside; min_signal_atr=0.35
3,competition_micro_ether_futures_daily_tsmom_next_overnight_weekday_side_1_long_dc4c34f3,MET 3-day daily mean reversion overnight (Tuesday longs),competition_micro_ether_futures_daily_tsmom_next_overnight_weekday_side_1_long_dc4c34f3,micro_ether_futures,competition_session_edge,competition_session_edge_train_forward_2026_05,machine_learning/selection.json,3.950,105,253.93,63.8,18.98,yes,ML scorer,true_pre2022_vs_2022_forward,0.000,3,3.950,105,4.047,74,3.713,31,High,thin pre-split sample; forward stronger than fit sample,competition_session_edge|family=daily_tsmom_next_overnight_weekday_side_1_long|direction=contrarian|entry=945|exit=570|lookback=3|signal_weekday_side=1_long|risk_reward=2,direction=contrarian; risk_reward=2; entry=945; exit=570; family=daily_tsmom_next_overnight_weekday_side_1_long; lookback=3
4,competition_micro_ether_futures_london_first30_ny_open_momentum_weekday_side_3_short_e779cb85,MET London opening-range continuation into New York (Thursday shorts),competition_micro_ether_futures_london_first30_ny_open_momentum_weekday_side_3_short_e779cb85,micro_ether_futures,competition_session_edge,competition_session_edge_train_forward_2026_05,machine_learning/selection.json,3.567,53,69.58,69.8,5.68,yes,ML scorer,true_pre2022_vs_2022_forward,999.000,2,3.567,53,2.818,38,12.765,15,High,thin pre-split sample; large PF decay,competition_session_edge|family=london_first30_ny_open_momentum_weekday_side_3_short|direction=same|entry=480|exit=570|min_signal_atr=0.5|signal_end=195|signal_start=180|signal_weekday_side=3_short|risk_reward=2,direction=same; risk_reward=2; entry=480; exit=570; family=london_first30_ny_open_momentum_weekday_side_3_short; min_signal_atr=0.5
5,competition_micro_bitcoin_futures_daily_tsmom_next_overnight_signalweekdayside_direction_contrarian_en_6003fc2d,MBT 3-day daily mean reversion overnight (Tuesday longs),competition_micro_bitcoin_futures_daily_tsmom_next_overnight_signalweekdayside_direction_contrarian_en_6003fc2d,micro_bitcoin_futures,competition_session_edge,competition_session_edge_train_forward_2026,machine_learning/selection.json,3.553,104,218.77,68.3,10.58,yes,ML scorer,true_pre2022_vs_2022_forward,2.095,20,3.553,104,3.430,73,3.984,31,Medium,forward stronger than fit sample; ML fit sample under 50 trades,competition_session_edge|family=daily_tsmom_next_overnight_signalweekdayside|direction=contrarian|entry=945|exit=570|lookback=3|signal_weekday_side=1_long|risk_reward=2,direction=contrarian; risk_reward=2; entry=945; exit=570; family=daily_tsmom_next_overnight_signalweekdayside; lookback=3
6,competition_new_zealand_dollar_futures_us_first30_last30_reversal_signalmonth_direction_opposite_entry_ce284576,6N US opening-range reversal into the close (December filter),competition_new_zealand_dollar_futures_us_first30_last30_reversal_signalmonth_direction_opposite_entry_ce284576,new_zealand_dollar_futures,competition_session_edge,competition_session_edge_train_forward_2026,machine_learning/selection.json,3.450,48,11.29,64.6,2.12,yes,ML scorer,true_pre2022_vs_2022_forward,1.575,26,3.450,48,2.358,34,22.026,14,Medium,small total sample; forward stronger than fit sample,competition_session_edge|family=us_first30_last30_reversal_signalmonth|direction=opposite|entry=930|exit=945|min_signal_atr=0.5|signal_end=585|signal_month=12|signal_start=570|risk_reward=2,direction=opposite; risk_reward=2; entry=930; exit=945; family=us_first30_last30_reversal_signalmonth; min_signal_atr=0.5
7,competition_eur_jpy_us_first30_last30_momentum_signalweekdayside_direction_same_entryminute_930_exitba_0a4a3f58,EURJPY US opening-range continuation into the close (Wednesday longs),competition_eur_jpy_us_first30_last30_momentum_signalweekdayside_direction_same_entryminute_930_exitba_0a4a3f58,eur_jpy,competition_session_edge,competition_session_edge_train_forward_2026,machine_learning/selection.json,3.430,64,13.81,64.1,1.37,yes,ML scorer,true_pre2022_vs_2022_forward,1.058,23,3.430,64,3.390,45,3.547,19,Medium,forward stronger than fit sample; ML fit sample under 50 trades,competition_session_edge|family=us_first30_last30_momentum_signalweekdayside|direction=same|entry=930|exit=945|min_signal_atr=0.5|signal_end=585|signal_start=570|signal_weekday_side=2_long|risk_reward=2,direction=same; risk_reward=2; entry=930; exit=945; family=us_first30_last30_momentum_signalweekdayside; min_signal_atr=0.5
8,competition_crude_oil_futures_overnight_close_to_open_bias_signalmonth_entry_prior_rth_close_exit_ny_o_315d7644,CL overnight long close-to-open bias (January filter),competition_crude_oil_futures_overnight_close_to_open_bias_signalmonth_entry_prior_rth_close_exit_ny_o_315d7644,crude_oil_futures,competition_session_edge,competition_session_edge_train_forward_2026,machine_learning/selection.json,3.232,102,161.74,64.7,12.69,yes,ML scorer,true_pre2022_vs_2022_forward,1.312,176,3.232,102,3.854,72,2.478,30,Low,forward stronger than fit sample,competition_session_edge|family=overnight_close_to_open_bias_signalmonth|side=long|signal_month=1|risk_reward=2,risk_reward=2; family=overnight_close_to_open_bias_signalmonth; side=long; signal_month=1
9,competition_eur_chf_daily_tsmom_next_rth_signalmonth_direction_momentum_entryminute_570_exitminute_945_391afa4a,EURCHF 5-day daily momentum into RTH (February filter),competition_eur_chf_daily_tsmom_next_rth_signalmonth_direction_momentum_entryminute_570_exitminute_945_391afa4a,eur_chf,competition_session_edge,competition_session_edge_train_forward_2026,machine_learning/selection.json,3.221,94,162.70,70.2,13.35,yes,ML scorer,true_pre2022_vs_2022_forward,2.124,37,3.221,94,3.177,66,3.286,28,Medium,forward stronger than fit sample; ML fit sample under 50 trades,competition_session_edge|family=daily_tsmom_next_rth_signalmonth|direction=momentum|entry=570|exit=945|lookback=5|signal_month=2|risk_reward=2,direction=momentum; risk_reward=2; entry=570; exit=945; family=daily_tsmom_next_rth_signalmonth; lookback=5
10,competition_corn_futures_us_first30_midday_momentum_weekday_side_3_long_cbe1149a,ZC US opening-range continuation into midday (Thursday longs),competition_corn_futures_us_first30_midday_momentum_weekday_side_3_long_cbe1149a,corn_futures,competition_session_edge,competition_session_edge_train_forward_2026_05,machine_learning/selection.json,3.220,81,62.72,65.4,3.48,yes,ML scorer,true_pre2022_vs_2022_forward,0.804,41,3.220,81,3.798,57,2.437,24,Medium,forward stronger than fit sample; ML fit sample under 50 trades,competition_session_edge|family=us_first30_midday_momentum_weekday_side_3_long|direction=same|entry=720|exit=780|min_signal_atr=0.35|signal_end=585|signal_start=570|signal_weekday_side=3_long|risk_reward=2,direction=same; risk_reward=2; entry=720; exit=780; family=us_first30_midday_momentum_weekday_side_3_long; min_signal_atr=0.35
11,competition_usd_chf_daily_tsmom_next_overnight_month_12_4f2024c0,USDCHF 10-day daily momentum overnight (December filter),competition_usd_chf_daily_tsmom_next_overnight_month_12_4f2024c0,usd_chf,competition_session_edge,competition_session_edge_train_forward_2026_05,machine_learning/selection.json,3.111,75,118.66,61.3,10.05,yes,ML scorer,true_pre2022_vs_2022_forward,1.389,50,3.111,75,3.109,53,3.118,22,Low,forward stronger than fit sample,competition_session_edge|family=daily_tsmom_next_overnight_month_12|direction=momentum|entry=945|exit=570|lookback=10|signal_month=12|risk_reward=2,direction=momentum; risk_reward=2; entry=945; exit=570; family=daily_tsmom_next_overnight_month_12; lookback=10
12,competition_natural_gas_futures_us_first30_last30_momentum_month_9_c678e3c1,NG US opening-range continuation into the close (September filter),competition_natural_gas_futures_us_first30_last30_momentum_month_9_c678e3c1,natural_gas_futures,competition_session_edge,competition_session_edge_train_forward_2026_05,machine_learning/selection.json,3.105,56,8.61,60.7,1.09,yes,ML scorer,true_pre2022_vs_2022_forward,0.874,161,3.105,56,3.755,40,1.810,16,Low,forward stronger than fit sample,competition_session_edge|family=us_first30_last30_momentum_month_9|direction=same|entry=930|exit=945|min_signal_atr=0.5|signal_end=585|signal_start=570|signal_month=9|risk_reward=2,direction=same; risk_reward=2; entry=930; exit=945; family=us_first30_last30_momentum_month_9; min_signal_atr=0.5
13,competition_us_treasury_2y_note_futures_daily_tsmom_next_overnight_weekday_side_4_short_e133c7a3,ZT 20-day daily mean reversion overnight (Friday shorts),competition_us_treasury_2y_note_futures_daily_tsmom_next_overnight_weekday_side_4_short_e133c7a3,us_treasury_2y_note_futures,competition_session_edge,competition_session_edge_train_forward_2026_05,machine_learning/selection.json,3.076,96,86.96,63.5,12.21,yes,ML scorer,true_pre2022_vs_2022_forward,0.641,46,3.076,96,2.714,68,5.825,28,Medium,forward stronger than fit sample; ML fit sample under 50 trades,competition_session_edge|family=daily_tsmom_next_overnight_weekday_side_4_short|direction=contrarian|entry=945|exit=570|lookback=20|signal_weekday_side=4_short|risk_reward=2,direction=contrarian; risk_reward=2; entry=945; exit=570; family=daily_tsmom_next_overnight_weekday_side_4_short; lookback=20
14,competition_micro_ether_futures_london_first30_ny_open_reversal_weekday_side_0_long_d64af48a,MET London opening-range reversal into New York (Monday longs),competition_micro_ether_futures_london_first30_ny_open_reversal_weekday_side_0_long_d64af48a,micro_ether_futures,competition_session_edge,competition_session_edge_train_forward_2026_05,machine_learning/selection.json,3.059,44,41.16,61.4,7.39,yes,ML scorer,true_pre2022_vs_2022_forward,0.000,0,3.059,44,3.803,31,1.796,13,High,small total sample; thin pre-split sample; forward stronger than fit sample,competition_session_edge|family=london_first30_ny_open_reversal_weekday_side_0_long|direction=opposite|entry=480|exit=570|min_signal_atr=0.5|signal_end=195|signal_start=180|signal_weekday_side=0_long|risk_reward=2,direction=opposite; risk_reward=2; entry=480; exit=570; family=london_first30_ny_open_reversal_weekday_side_0_long; min_signal_atr=0.5
15,competition_usd_cad_daily_tsmom_next_overnight_signalmonth_direction_momentum_entryminute_945_exitminu_dca02dc1,USDCAD 5-day daily momentum overnight (December filter),competition_usd_cad_daily_tsmom_next_overnight_signalmonth_direction_momentum_entryminute_945_exitminu_dca02dc1,usd_cad,competition_session_edge,competition_session_edge_train_forward_2026,machine_learning/selection.json,3.022,74,129.25,59.5,11.49,yes,ML scorer,true_pre2022_vs_2022_forward,1.377,44,3.022,74,2.944,52,3.215,22,Medium,forward stronger than fit sample; ML fit sample under 50 trades,competition_session_edge|family=daily_tsmom_next_overnight_signalmonth|direction=momentum|entry=945|exit=570|lookback=5|signal_month=12|risk_reward=2,direction=momentum; risk_reward=2; entry=945; exit=570; family=daily_tsmom_next_overnight_signalmonth; lookback=5
16,competition_us_treasury_5y_note_futures_daily_tsmom_next_overnight_weekday_side_4_short_6dc543f7,ZF 20-day daily mean reversion overnight (Friday shorts),competition_us_treasury_5y_note_futures_daily_tsmom_next_overnight_weekday_side_4_short_6dc543f7,us_treasury_5y_note_futures,competition_session_edge,competition_session_edge_train_forward_2026_05,machine_learning/selection.json,2.986,95,75.75,61.1,13.90,yes,ML scorer,true_pre2022_vs_2022_forward,1.221,42,2.986,95,4.238,67,1.737,28,Medium,forward stronger than fit sample; ML fit sample under 50 trades,competition_session_edge|family=daily_tsmom_next_overnight_weekday_side_4_short|direction=contrarian|entry=945|exit=945|lookback=20|signal_weekday_side=4_short|risk_reward=2,direction=contrarian; risk_reward=2; entry=945; exit=945; family=daily_tsmom_next_overnight_weekday_side_4_short; lookback=20
17,competition_copper_futures_us_first30_last30_reversal_weekday_side_0_long_04d98061,HG US opening-range reversal into the close (Monday longs),competition_copper_futures_us_first30_last30_reversal_weekday_side_0_long_04d98061,copper_futures,competition_session_edge,competition_session_edge_train_forward_2026_05,machine_learning/selection.json,2.926,75,9.79,56.0,0.67,yes,ML scorer,true_pre2022_vs_2022_forward,1.240,188,2.926,75,2.887,53,3.032,22,Low,forward stronger than fit sample,competition_session_edge|family=us_first30_last30_reversal_weekday_side_0_long|direction=opposite|entry=930|exit=945|min_signal_atr=0.35|signal_end=585|signal_start=570|signal_weekday_side=0_long|risk_reward=2,direction=opposite; risk_reward=2; entry=930; exit=945; family=us_first30_last30_reversal_weekday_side_0_long; min_signal_atr=0.35
18,competition_gbp_jpy_daily_tsmom_next_rth_month_6_4be2e72e,GBPJPY 20-day daily momentum into RTH (June filter),competition_gbp_jpy_daily_tsmom_next_rth_month_6_4be2e72e,gbp_jpy,competition_session_edge,competition_session_edge_train_forward_2026_05,machine_learning/selection.json,2.911,68,107.23,66.2,14.13,yes,ML scorer,true_pre2022_vs_2022_forward,0.571,44,2.911,68,3.981,48,1.544,20,Medium,forward stronger than fit sample; ML fit sample under 50 trades,competition_session_edge|family=daily_tsmom_next_rth_month_6|direction=momentum|entry=570|exit=945|lookback=20|signal_month=6|risk_reward=2,direction=momentum; risk_reward=2; entry=570; exit=945; family=daily_tsmom_next_rth_month_6; lookback=20
19,competition_us_treasury_5y_note_futures_us_first30_last30_momentum_signalweekdayside_direction_same_en_1942c62b,ZF US opening-range continuation into the close (Wednesday longs),competition_us_treasury_5y_note_futures_us_first30_last30_momentum_signalweekdayside_direction_same_en_1942c62b,us_treasury_5y_note_futures,competition_session_edge,competition_session_edge_train_forward_2026,machine_learning/selection.json,2.884,74,22.74,58.1,1.90,yes,ML scorer,true_pre2022_vs_2022_forward,2.561,38,2.884,74,3.518,52,1.528,22,Medium,ML fit sample under 50 trades,competition_session_edge|family=us_first30_last30_momentum_signalweekdayside|direction=same|entry=930|exit=945|min_signal_atr=0.5|signal_end=585|signal_start=570|signal_weekday_side=2_long|risk_reward=2,direction=same; risk_reward=2; entry=930; exit=945; family=us_first30_last30_momentum_signalweekdayside; min_signal_atr=0.5
20,competition_japanese_yen_futures_overnight_close_to_open_bias_short_month_10_6bc43a25,6J overnight short close-to-open bias (October filter),competition_japanese_yen_futures_overnight_close_to_open_bias_short_month_10_6bc43a25,japanese_yen_futures,competition_session_edge,competition_session_edge_train_forward_2026_05,machine_learning/selection.json,2.869,89,196.50,65.2,21.05,yes,ML scorer,true_pre2022_vs_2022_forward,1.140,265,2.869,89,2.790,63,3.072,26,Low,forward stronger than fit sample,competition_session_edge|family=overnight_close_to_open_bias_short_month_10|side=short|signal_month=10|risk_reward=2,risk_reward=2; family=overnight_close_to_open_bias_short_month_10; side=short; signal_month=10
21,competition_russell_2000_futures_ny_open_gap_fade_signalmonth_direction_fade_entryminute_570_exitbarmi_801e97d2,RTY NY open gap fade (February filter),competition_russell_2000_futures_ny_open_gap_fade_signalmonth_direction_fade_entryminute_570_exitbarmi_801e97d2,russell_2000_futures,competition_session_edge,competition_session_edge_train_forward_2026,machine_learning/selection.json,2.853,59,49.07,64.4,5.19,yes,ML scorer,true_pre2022_vs_2022_forward,1.281,49,2.853,59,3.036,42,2.626,17,Medium,forward stronger than fit sample; ML fit sample under 50 trades,competition_session_edge|family=ny_open_gap_fade_signalmonth|direction=fade|entry=570|exit=615|min_gap_atr=0.75|signal_month=2|risk_reward=2,direction=fade; risk_reward=2; entry=570; exit=615; family=ny_open_gap_fade_signalmonth; min_gap_atr=0.75
22,competition_canadian_dollar_futures_overnight_close_to_open_bias_signalmonth_entry_prior_rth_close_exi_31e5e01a,6C overnight short close-to-open bias (October filter),competition_canadian_dollar_futures_overnight_close_to_open_bias_signalmonth_entry_prior_rth_close_exi_31e5e01a,canadian_dollar_futures,competition_session_edge,competition_session_edge_train_forward_2026,machine_learning/selection.json,2.850,89,110.00,62.9,16.83,yes,ML scorer,true_pre2022_vs_2022_forward,1.296,212,2.850,89,3.253,63,1.980,26,Low,forward stronger than fit sample,competition_session_edge|family=overnight_close_to_open_bias_signalmonth|side=short|signal_month=10|risk_reward=2,risk_reward=2; family=overnight_close_to_open_bias_signalmonth; side=short; signal_month=10
23,competition_gbp_jpy_london_first30_last30_momentum_weekday_side_4_long_6a554e5f,GBPJPY London opening-range continuation into the US close (Friday longs),competition_gbp_jpy_london_first30_last30_momentum_weekday_side_4_long_6a554e5f,gbp_jpy,competition_session_edge,competition_session_edge_train_forward_2026_05,machine_learning/selection.json,2.801,81,19.08,65.4,2.48,yes,ML scorer,true_pre2022_vs_2022_forward,1.410,36,2.801,81,3.422,57,1.789,24,Medium,forward stronger than fit sample; ML fit sample under 50 trades,competition_session_edge|family=london_first30_last30_momentum_weekday_side_4_long|direction=same|entry=930|exit=945|min_signal_atr=0.5|signal_end=195|signal_start=180|signal_weekday_side=4_long|risk_reward=2,direction=same; risk_reward=2; entry=930; exit=945; family=london_first30_last30_momentum_weekday_side_4_long; min_signal_atr=0.5
24,competition_gold_futures_us_first30_last30_reversal_weekday_side_0_long_c0163084,GC US opening-range reversal into the close (Monday longs),competition_gold_futures_us_first30_last30_reversal_weekday_side_0_long_c0163084,gold_futures,competition_session_edge,competition_session_edge_train_forward_2026_05,machine_learning/selection.json,2.785,71,11.01,60.6,1.43,yes,ML scorer,true_pre2022_vs_2022_forward,0.794,189,2.785,71,2.351,50,4.851,21,Low,forward stronger than fit sample,competition_session_edge|family=us_first30_last30_reversal_weekday_side_0_long|direction=opposite|entry=930|exit=945|min_signal_atr=0.5|signal_end=585|signal_start=570|signal_weekday_side=0_long|risk_reward=2,direction=opposite; risk_reward=2; entry=930; exit=945; family=us_first30_last30_reversal_weekday_side_0_long; min_signal_atr=0.5
25,competition_usd_cad_london_first30_ny_open_momentum_month_12_f0df56f8,USDCAD London opening-range continuation into New York (December filter),competition_usd_cad_london_first30_ny_open_momentum_month_12_f0df56f8,usd_cad,competition_session_edge,competition_session_edge_train_forward_2026_05,machine_learning/selection.json,2.776,79,134.75,65.8,12.35,yes,ML scorer,true_pre2022_vs_2022_forward,0.986,43,2.776,79,3.213,56,2.267,23,Medium,forward stronger than fit sample; ML fit sample under 50 trades,competition_session_edge|family=london_first30_ny_open_momentum_month_12|direction=same|entry=480|exit=570|min_signal_atr=0|signal_end=195|signal_start=180|signal_month=12|risk_reward=2,direction=same; risk_reward=2; entry=480; exit=570; family=london_first30_ny_open_momentum_month_12; min_signal_atr=0
26,competition_eur_cad_us_first30_midday_momentum_month_10_8e114485,EURCAD US opening-range continuation into midday (October filter),competition_eur_cad_us_first30_midday_momentum_month_10_8e114485,eur_cad,competition_session_edge,competition_session_edge_train_forward_2026_05,machine_learning/selection.json,2.775,63,28.54,68.3,2.16,yes,ML scorer,true_pre2022_vs_2022_forward,0.655,23,2.775,63,2.567,45,3.599,18,Medium,forward stronger than fit sample; ML fit sample under 50 trades,competition_session_edge|family=us_first30_midday_momentum_month_10|direction=same|entry=720|exit=780|min_signal_atr=0.5|signal_end=585|signal_start=570|signal_month=10|risk_reward=2,direction=same; risk_reward=2; entry=720; exit=780; family=us_first30_midday_momentum_month_10; min_signal_atr=0.5
27,gbp_usd_ny_sweep_bayes,GBPUSD NY sweep playbook,gbp_usd_ny_sweep_bayes,gbp_usd,ny_sweep_playbook,pre_2022_ml_holdout_rebuild_2026_05,machine_learning/selection.json,2.750,38,28.00,57.9,2.00,yes,Bayes scorer,proxy_first70_vs_last30,2.500,27,3.500,11,2.500,27,3.500,11,Medium,no true train/forward metadata; small total sample; thin post-split sample,ny_sweep_v4|model=bayes|min=0.62|start=420|end=540|max_tests=2|risk_min=10|risk_max=22|min_wick=0.5|rr=2|max_bars=96|one_trade=1,model=bayes; rr=2; start=420; end=540; max_bars=96; one_trade=1
28,competition_aud_nzd_daily_tsmom_next_overnight_weekday_side_4_long_0aa8225f,AUDNZD 5-day daily mean reversion overnight (Friday longs),competition_aud_nzd_daily_tsmom_next_overnight_weekday_side_4_long_0aa8225f,aud_nzd,competition_session_edge,competition_session_edge_train_forward_2026_05,machine_learning/selection.json,2.747,87,73.26,64.4,8.29,yes,ML scorer,true_pre2022_vs_2022_forward,0.910,38,2.747,87,3.157,61,1.778,26,Medium,forward stronger than fit sample; ML fit sample under 50 trades,competition_session_edge|family=daily_tsmom_next_overnight_weekday_side_4_long|direction=contrarian|entry=945|exit=945|lookback=5|signal_weekday_side=4_long|risk_reward=2,direction=contrarian; risk_reward=2; entry=945; exit=945; family=daily_tsmom_next_overnight_weekday_side_4_long; lookback=5
29,competition_gbp_jpy_london_first30_last30_reversal_weekday_side_4_long_ef0c2df3,GBPJPY London opening-range reversal into the US close (Friday longs),competition_gbp_jpy_london_first30_last30_reversal_weekday_side_4_long_ef0c2df3,gbp_jpy,competition_session_edge,competition_session_edge_train_forward_2026_05,machine_learning/selection.json,2.731,64,12.72,60.9,1.81,yes,ML scorer,true_pre2022_vs_2022_forward,1.468,30,2.731,64,2.804,45,2.504,19,Medium,forward stronger than fit sample; ML fit sample under 50 trades,competition_session_edge|family=london_first30_last30_reversal_weekday_side_4_long|direction=opposite|entry=930|exit=945|min_signal_atr=0.35|signal_end=195|signal_start=180|signal_weekday_side=4_long|risk_reward=2,direction=opposite; risk_reward=2; entry=930; exit=945; family=london_first30_last30_reversal_weekday_side_4_long; min_signal_atr=0.35
30,competition_sp_500_futures_daily_tsmom_next_overnight_weekday_side_1_long_c8bb041e,ES 20-day daily mean reversion overnight (Tuesday longs),competition_sp_500_futures_daily_tsmom_next_overnight_weekday_side_1_long_c8bb041e,sp_500_futures,competition_session_edge,competition_session_edge_train_forward_2026_05,machine_learning/selection.json,2.729,82,91.89,73.2,9.19,yes,ML scorer,true_pre2022_vs_2022_forward,1.218,171,2.729,82,2.258,58,4.040,24,Low,forward stronger than fit sample,competition_session_edge|family=daily_tsmom_next_overnight_weekday_side_1_long|direction=contrarian|entry=945|exit=570|lookback=20|signal_weekday_side=1_long|risk_reward=2,direction=contrarian; risk_reward=2; entry=945; exit=570; family=daily_tsmom_next_overnight_weekday_side_1_long; lookback=20
31,competition_eur_cad_london_first30_last30_momentum_month_8_c5f12647,EURCAD London opening-range continuation into the US close (August filter),competition_eur_cad_london_first30_last30_momentum_month_8_c5f12647,eur_cad,competition_session_edge,competition_session_edge_train_forward_2026_05,machine_learning/selection.json,2.726,87,23.04,63.2,1.76,yes,ML scorer,true_pre2022_vs_2022_forward,1.290,39,2.726,87,2.689,61,2.796,26,Medium,forward stronger than fit sample; ML fit sample under 50 trades,competition_session_edge|family=london_first30_last30_momentum_month_8|direction=same|entry=930|exit=945|min_signal_atr=0|signal_end=195|signal_start=180|signal_month=8|risk_reward=2,direction=same; risk_reward=2; entry=930; exit=945; family=london_first30_last30_momentum_month_8; min_signal_atr=0
32,competition_usd_jpy_overnight_close_to_open_bias_long_month_10_06e957d5,USDJPY overnight long close-to-open bias (October filter),competition_usd_jpy_overnight_close_to_open_bias_long_month_10_06e957d5,usd_jpy,competition_session_edge,competition_session_edge_train_forward_2026_05,machine_learning/selection.json,2.669,89,177.85,68.5,18.39,yes,ML scorer,true_pre2022_vs_2022_forward,0.927,48,2.669,89,2.651,63,2.715,26,Medium,forward stronger than fit sample; ML fit sample under 50 trades,competition_session_edge|family=overnight_close_to_open_bias_long_month_10|side=long|signal_month=10|risk_reward=2,risk_reward=2; family=overnight_close_to_open_bias_long_month_10; side=long; signal_month=10
33,competition_silver_futures_daily_tsmom_next_overnight_weekday_side_1_long_f61a84dd,SI 20-day daily mean reversion overnight (Tuesday longs),competition_silver_futures_daily_tsmom_next_overnight_weekday_side_1_long_f61a84dd,silver_futures,competition_session_edge,competition_session_edge_train_forward_2026_05,machine_learning/selection.json,2.668,87,170.52,63.2,27.35,yes,ML scorer,true_pre2022_vs_2022_forward,0.908,315,2.668,87,1.682,61,33.494,26,Low,forward stronger than fit sample,competition_session_edge|family=daily_tsmom_next_overnight_weekday_side_1_long|direction=contrarian|entry=945|exit=570|lookback=20|signal_weekday_side=1_long|risk_reward=2,direction=contrarian; risk_reward=2; entry=945; exit=570; family=daily_tsmom_next_overnight_weekday_side_1_long; lookback=20
34,competition_eur_jpy_daily_tsmom_next_rth_signalmonth_direction_momentum_entryminute_570_exitminute_945_563aa3f1,EURJPY 5-day daily momentum into RTH (June filter),competition_eur_jpy_daily_tsmom_next_rth_signalmonth_direction_momentum_entryminute_570_exitminute_945_563aa3f1,eur_jpy,competition_session_edge,competition_session_edge_train_forward_2026,machine_learning/selection.json,2.667,68,105.44,63.2,18.61,yes,ML scorer,true_pre2022_vs_2022_forward,1.708,44,2.667,68,2.799,48,2.362,20,Medium,forward stronger than fit sample; ML fit sample under 50 trades,competition_session_edge|family=daily_tsmom_next_rth_signalmonth|direction=momentum|entry=570|exit=945|lookback=5|signal_month=6|risk_reward=2,direction=momentum; risk_reward=2; entry=570; exit=945; family=daily_tsmom_next_rth_signalmonth; lookback=5
35,competition_sp_500_futures_us_first30_last30_reversal_weekday_side_0_long_2b2acc93,ES US opening-range reversal into the close (Monday longs),competition_sp_500_futures_us_first30_last30_reversal_weekday_side_0_long_2b2acc93,sp_500_futures,competition_session_edge,competition_session_edge_train_forward_2026_05,machine_learning/selection.json,2.663,59,33.83,62.7,4.81,yes,ML scorer,true_pre2022_vs_2022_forward,1.269,209,2.663,59,2.377,42,3.616,17,Low,forward stronger than fit sample,competition_session_edge|family=us_first30_last30_reversal_weekday_side_0_long|direction=opposite|entry=930|exit=945|min_signal_atr=0.5|signal_end=585|signal_start=570|signal_weekday_side=0_long|risk_reward=2,direction=opposite; risk_reward=2; entry=930; exit=945; family=us_first30_last30_reversal_weekday_side_0_long; min_signal_atr=0.5
36,competition_dow_jones_futures_daily_tsmom_next_overnight_weekday_side_2_short_99ba7153,YM 20-day daily momentum overnight (Wednesday shorts),competition_dow_jones_futures_daily_tsmom_next_overnight_weekday_side_2_short_99ba7153,dow_jones_futures,competition_session_edge,competition_session_edge_train_forward_2026_05,machine_learning/selection.json,2.640,83,102.63,65.1,11.27,yes,ML scorer,true_pre2022_vs_2022_forward,0.677,194,2.640,83,2.309,59,3.570,24,Low,forward stronger than fit sample,competition_session_edge|family=daily_tsmom_next_overnight_weekday_side_2_short|direction=momentum|entry=945|exit=570|lookback=20|signal_weekday_side=2_short|risk_reward=2,direction=momentum; risk_reward=2; entry=945; exit=570; family=daily_tsmom_next_overnight_weekday_side_2_short; lookback=20
37,competition_usd_cad_us_first30_last30_momentum_signalmonth_direction_same_entryminute_930_exitbarminut_c1317995,USDCAD US opening-range continuation into the close (March filter),competition_usd_cad_us_first30_last30_momentum_signalmonth_direction_same_entryminute_930_exitbarminut_c1317995,usd_cad,competition_session_edge,competition_session_edge_train_forward_2026,machine_learning/selection.json,2.637,108,39.78,61.1,5.27,yes,ML scorer,true_pre2022_vs_2022_forward,1.021,43,2.637,108,2.081,76,4.007,32,Medium,forward stronger than fit sample; ML fit sample under 50 trades,competition_session_edge|family=us_first30_last30_momentum_signalmonth|direction=same|entry=930|exit=945|min_signal_atr=0|signal_end=585|signal_month=3|signal_start=570|risk_reward=2,direction=same; risk_reward=2; entry=930; exit=945; family=us_first30_last30_momentum_signalmonth; min_signal_atr=0
38,competition_british_pound_futures_us_first30_last30_reversal_month_10_57755118,6B US opening-range reversal into the close (October filter),competition_british_pound_futures_us_first30_last30_reversal_month_10_57755118,british_pound_futures,competition_session_edge,competition_session_edge_train_forward_2026_05,machine_learning/selection.json,2.627,57,11.61,59.6,1.32,yes,ML scorer,true_pre2022_vs_2022_forward,0.997,151,2.627,57,2.175,40,3.474,17,Low,forward stronger than fit sample,competition_session_edge|family=us_first30_last30_reversal_month_10|direction=opposite|entry=930|exit=945|min_signal_atr=0.5|signal_end=585|signal_start=570|signal_month=10|risk_reward=2,direction=opposite; risk_reward=2; entry=930; exit=945; family=us_first30_last30_reversal_month_10; min_signal_atr=0.5
39,competition_gbp_jpy_london_first30_ny_open_reversal_signalmonth_direction_opposite_entryminute_480_exi_d549e3a7,GBPJPY London opening-range reversal into New York (June filter),competition_gbp_jpy_london_first30_ny_open_reversal_signalmonth_direction_opposite_entryminute_480_exi_d549e3a7,gbp_jpy,competition_session_edge,competition_session_edge_train_forward_2026,machine_learning/selection.json,2.599,59,46.42,61.0,5.08,yes,ML scorer,true_pre2022_vs_2022_forward,1.503,31,2.599,59,1.848,42,8.896,17,Medium,forward stronger than fit sample; ML fit sample under 50 trades,competition_session_edge|family=london_first30_ny_open_reversal_signalmonth|direction=opposite|entry=480|exit=570|min_signal_atr=0.5|signal_end=195|signal_month=6|signal_start=180|risk_reward=2,direction=opposite; risk_reward=2; entry=480; exit=570; family=london_first30_ny_open_reversal_signalmonth; min_signal_atr=0.5
40,competition_australian_dollar_futures_ny_open_gap_fade_signalmonth_direction_fade_entryminute_570_exit_dcd12f25,6A NY open gap fade (February filter),competition_australian_dollar_futures_ny_open_gap_fade_signalmonth_direction_fade_entryminute_570_exit_dcd12f25,australian_dollar_futures,competition_session_edge,competition_session_edge_train_forward_2026,machine_learning/selection.json,2.596,75,82.37,64.0,7.55,yes,ML scorer,true_pre2022_vs_2022_forward,1.396,154,2.596,75,2.863,53,2.067,22,Low,forward stronger than fit sample,competition_session_edge|family=ny_open_gap_fade_signalmonth|direction=fade|entry=570|exit=660|min_gap_atr=0.35|signal_month=2|risk_reward=2,direction=fade; risk_reward=2; entry=570; exit=660; family=ny_open_gap_fade_signalmonth; min_gap_atr=0.35
41,competition_russell_2000_futures_daily_tsmom_next_overnight_month_7_d15e8a17,RTY 10-day daily momentum overnight (July filter),competition_russell_2000_futures_daily_tsmom_next_overnight_month_7_d15e8a17,russell_2000_futures,competition_session_edge,competition_session_edge_train_forward_2026_05,machine_learning/selection.json,2.555,81,85.32,58.0,11.46,yes,ML scorer,true_pre2022_vs_2022_forward,1.016,90,2.555,81,2.630,57,2.388,24,Low,forward stronger than fit sample,competition_session_edge|family=daily_tsmom_next_overnight_month_7|direction=momentum|entry=945|exit=570|lookback=10|signal_month=7|risk_reward=2,direction=momentum; risk_reward=2; entry=945; exit=570; family=daily_tsmom_next_overnight_month_7; lookback=10
42,competition_crude_oil_futures_us_first30_midday_momentum_month_4_32a2fef5,CL US opening-range continuation into midday (April filter),competition_crude_oil_futures_us_first30_midday_momentum_month_4_32a2fef5,crude_oil_futures,competition_session_edge,competition_session_edge_train_forward_2026_05,machine_learning/selection.json,2.538,102,50.54,67.6,7.02,yes,ML scorer,true_pre2022_vs_2022_forward,0.979,222,2.538,102,3.294,72,1.596,30,Low,forward stronger than fit sample,competition_session_edge|family=us_first30_midday_momentum_month_4|direction=same|entry=720|exit=780|min_signal_atr=0|signal_end=585|signal_start=570|signal_month=4|risk_reward=2,direction=same; risk_reward=2; entry=720; exit=780; family=us_first30_midday_momentum_month_4; min_signal_atr=0
43,competition_us_treasury_2y_note_futures_us_first30_last30_momentum_signalweekdayside_direction_same_en_339e7451,ZT US opening-range continuation into the close (Friday longs),competition_us_treasury_2y_note_futures_us_first30_last30_momentum_signalweekdayside_direction_same_en_339e7451,us_treasury_2y_note_futures,competition_session_edge,competition_session_edge_train_forward_2026,machine_learning/selection.json,2.520,66,15.15,53.0,2.34,yes,ML scorer,true_pre2022_vs_2022_forward,1.282,42,2.520,66,2.903,47,2.003,19,Medium,forward stronger than fit sample; ML fit sample under 50 trades,competition_session_edge|family=us_first30_last30_momentum_signalweekdayside|direction=same|entry=930|exit=945|min_signal_atr=0.5|signal_end=585|signal_start=570|signal_weekday_side=4_long|risk_reward=2,direction=same; risk_reward=2; entry=930; exit=945; family=us_first30_last30_momentum_signalweekdayside; min_signal_atr=0.5
44,competition_nasdaq_100_futures_daily_tsmom_next_overnight_weekday_side_1_long_8e593f24,NQ 20-day daily mean reversion overnight (Tuesday longs),competition_nasdaq_100_futures_daily_tsmom_next_overnight_weekday_side_1_long_8e593f24,nasdaq_100_futures,competition_session_edge,competition_session_edge_train_forward_2026_05,machine_learning/selection.json,2.519,83,87.91,68.7,14.16,yes,ML scorer,true_pre2022_vs_2022_forward,1.117,185,2.519,83,2.025,59,4.191,24,Low,forward stronger than fit sample,competition_session_edge|family=daily_tsmom_next_overnight_weekday_side_1_long|direction=contrarian|entry=945|exit=570|lookback=20|signal_weekday_side=1_long|risk_reward=2,direction=contrarian; risk_reward=2; entry=945; exit=570; family=daily_tsmom_next_overnight_weekday_side_1_long; lookback=20
45,competition_gbp_usd_us_first30_last30_reversal_signalmonth_direction_opposite_entryminute_930_exitbarm_9b2547fb,GBPUSD US opening-range reversal into the close (October filter),competition_gbp_usd_us_first30_last30_reversal_signalmonth_direction_opposite_entryminute_930_exitbarm_9b2547fb,gbp_usd,competition_session_edge,competition_session_edge_train_forward_2026,machine_learning/selection.json,2.515,57,11.31,59.6,1.10,yes,ML scorer,true_pre2022_vs_2022_forward,1.166,27,2.515,57,1.991,40,3.483,17,Medium,forward stronger than fit sample; ML fit sample under 50 trades,competition_session_edge|family=us_first30_last30_reversal_signalmonth|direction=opposite|entry=930|exit=945|min_signal_atr=0.5|signal_end=585|signal_month=10|signal_start=570|risk_reward=2,direction=opposite; risk_reward=2; entry=930; exit=945; family=us_first30_last30_reversal_signalmonth; min_signal_atr=0.5
46,competition_usd_chf_us_first30_midday_reversal_month_1_074f7113,USDCHF US opening-range reversal into midday (January filter),competition_usd_chf_us_first30_midday_reversal_month_1_074f7113,usd_chf,competition_session_edge,competition_session_edge_train_forward_2026_05,machine_learning/selection.json,2.500,110,44.37,60.0,4.26,yes,ML scorer,true_pre2022_vs_2022_forward,0.499,23,2.500,110,2.395,77,2.625,33,Medium,forward stronger than fit sample; ML fit sample under 50 trades,competition_session_edge|family=us_first30_midday_reversal_month_1|direction=opposite|entry=720|exit=780|min_signal_atr=0|signal_end=585|signal_start=570|signal_month=1|risk_reward=2,direction=opposite; risk_reward=2; entry=720; exit=780; family=us_first30_midday_reversal_month_1; min_signal_atr=0
47,competition_aud_usd_daily_tsmom_next_overnight_month_12_45e372f3,AUDUSD 20-day daily momentum overnight (December filter),competition_aud_usd_daily_tsmom_next_overnight_month_12_45e372f3,aud_usd,competition_session_edge,competition_session_edge_train_forward_2026_05,machine_learning/selection.json,2.498,79,137.91,62.0,21.62,yes,ML scorer,true_pre2022_vs_2022_forward,1.726,53,2.498,79,2.131,56,4.228,23,Low,forward stronger than fit sample,competition_session_edge|family=daily_tsmom_next_overnight_month_12|direction=momentum|entry=945|exit=570|lookback=20|signal_month=12|risk_reward=2,direction=momentum; risk_reward=2; entry=945; exit=570; family=daily_tsmom_next_overnight_month_12; lookback=20
48,competition_eur_usd_daily_tsmom_next_overnight_month_1_33ed35ff,EURUSD 20-day daily mean reversion overnight (January filter),competition_eur_usd_daily_tsmom_next_overnight_month_1_33ed35ff,eur_usd,competition_session_edge,competition_session_edge_train_forward_2026_05,machine_learning/selection.json,2.456,100,172.39,61.0,25.31,yes,ML scorer,true_pre2022_vs_2022_forward,0.665,25,2.456,100,2.664,70,2.149,30,Medium,forward stronger than fit sample; ML fit sample under 50 trades,competition_session_edge|family=daily_tsmom_next_overnight_month_1|direction=contrarian|entry=945|exit=570|lookback=20|signal_month=1|risk_reward=2,direction=contrarian; risk_reward=2; entry=945; exit=570; family=daily_tsmom_next_overnight_month_1; lookback=20
49,competition_silver_futures_london_first30_ny_open_momentum_weekday_side_0_short_7456f9c2,SI London opening-range continuation into New York (Monday shorts),competition_silver_futures_london_first30_ny_open_momentum_weekday_side_0_short_7456f9c2,silver_futures,competition_session_edge,competition_session_edge_train_forward_2026_05,machine_learning/selection.json,2.454,90,97.56,63.3,15.38,yes,ML scorer,true_pre2022_vs_2022_forward,0.761,300,2.454,90,2.989,63,1.260,27,Low,forward stronger than fit sample,competition_session_edge|family=london_first30_ny_open_momentum_weekday_side_0_short|direction=same|entry=480|exit=570|min_signal_atr=0|signal_end=195|signal_start=180|signal_weekday_side=0_short|risk_reward=2,direction=same; risk_reward=2; entry=480; exit=570; family=london_first30_ny_open_momentum_weekday_side_0_short; min_signal_atr=0
50,competition_swiss_franc_futures_overnight_close_to_open_bias_short_month_10_17716ea5,6S overnight short close-to-open bias (October filter),competition_swiss_franc_futures_overnight_close_to_open_bias_short_month_10_17716ea5,swiss_franc_futures,competition_session_edge,competition_session_edge_train_forward_2026_05,machine_learning/selection.json,2.422,89,135.03,62.9,14.81,yes,ML scorer,true_pre2022_vs_2022_forward,0.607,43,2.422,89,2.115,63,3.415,26,Medium,forward stronger than fit sample; ML fit sample under 50 trades,competition_session_edge|family=overnight_close_to_open_bias_short_month_10|side=short|signal_month=10|risk_reward=2,risk_reward=2; family=overnight_close_to_open_bias_short_month_10; side=short; signal_month=10
51,competition_euro_futures_daily_tsmom_next_rth_signalmonth_direction_contrarian_entryminute_570_exitmin_0b54da46,6E 5-day daily mean reversion into RTH (December filter),competition_euro_futures_daily_tsmom_next_rth_signalmonth_direction_contrarian_entryminute_570_exitmin_0b54da46,euro_futures,competition_session_edge,competition_session_edge_train_forward_2026,machine_learning/selection.json,2.398,62,80.96,59.7,12.87,yes,ML scorer,true_pre2022_vs_2022_forward,1.293,243,2.398,62,1.944,44,4.595,18,Low,forward stronger than fit sample,competition_session_edge|family=daily_tsmom_next_rth_signalmonth|direction=contrarian|entry=570|exit=945|lookback=5|signal_month=12|risk_reward=2,direction=contrarian; risk_reward=2; entry=570; exit=945; family=daily_tsmom_next_rth_signalmonth; lookback=5
52,competition_eur_jpy_us_first30_midday_momentum_month_8_95ae5d8c,EURJPY US opening-range continuation into midday (August filter),competition_eur_jpy_us_first30_midday_momentum_month_8_95ae5d8c,eur_jpy,competition_session_edge,competition_session_edge_train_forward_2026_05,machine_learning/selection.json,2.397,57,17.41,49.1,2.74,yes,ML scorer,true_pre2022_vs_2022_forward,0.908,23,2.397,57,2.185,40,2.706,17,Medium,forward stronger than fit sample; ML fit sample under 50 trades,competition_session_edge|family=us_first30_midday_momentum_month_8|direction=same|entry=720|exit=780|min_signal_atr=0.5|signal_end=585|signal_start=570|signal_month=8|risk_reward=2,direction=same; risk_reward=2; entry=720; exit=780; family=us_first30_midday_momentum_month_8; min_signal_atr=0.5
53,competition_gbp_jpy_us_first30_last30_momentum_weekday_side_2_long_461ef776,GBPJPY US opening-range continuation into the close (Wednesday longs),competition_gbp_jpy_us_first30_last30_momentum_weekday_side_2_long_461ef776,gbp_jpy,competition_session_edge,competition_session_edge_train_forward_2026_05,machine_learning/selection.json,2.397,68,9.74,63.2,2.50,yes,ML scorer,true_pre2022_vs_2022_forward,0.652,33,2.397,68,2.190,48,3.120,20,Medium,forward stronger than fit sample; ML fit sample under 50 trades,competition_session_edge|family=us_first30_last30_momentum_weekday_side_2_long|direction=same|entry=930|exit=945|min_signal_atr=0.5|signal_end=585|signal_start=570|signal_weekday_side=2_long|risk_reward=2,direction=same; risk_reward=2; entry=930; exit=945; family=us_first30_last30_momentum_weekday_side_2_long; min_signal_atr=0.5
54,competition_british_pound_futures_daily_tsmom_next_overnight_month_7_da1c691c,6B 3-day daily momentum overnight (July filter),competition_british_pound_futures_daily_tsmom_next_overnight_month_7_da1c691c,british_pound_futures,competition_session_edge,competition_session_edge_train_forward_2026_05,machine_learning/selection.json,2.395,87,186.69,58.6,22.25,yes,ML scorer,true_pre2022_vs_2022_forward,1.161,254,2.395,87,2.882,61,1.530,26,Low,forward stronger than fit sample,competition_session_edge|family=daily_tsmom_next_overnight_month_7|direction=momentum|entry=945|exit=945|lookback=3|signal_month=7|risk_reward=2,direction=momentum; risk_reward=2; entry=945; exit=945; family=daily_tsmom_next_overnight_month_7; lookback=3
55,competition_eur_usd_overnight_close_to_open_bias_long_month_12_8a49b98f,EURUSD overnight long close-to-open bias (December filter),competition_eur_usd_overnight_close_to_open_bias_long_month_12_8a49b98f,eur_usd,competition_session_edge,competition_session_edge_train_forward_2026_05,machine_learning/selection.json,2.391,73,84.44,58.9,9.16,yes,ML scorer,true_pre2022_vs_2022_forward,1.447,49,2.391,73,2.031,52,4.674,21,Medium,forward stronger than fit sample; ML fit sample under 50 trades,competition_session_edge|family=overnight_close_to_open_bias_long_month_12|side=long|signal_month=12|risk_reward=2,risk_reward=2; family=overnight_close_to_open_bias_long_month_12; side=long; signal_month=12
56,competition_british_pound_futures_london_first30_last30_reversal_month_1_c3526d80,6B London opening-range reversal into the US close (January filter),competition_british_pound_futures_london_first30_last30_reversal_month_1_c3526d80,british_pound_futures,competition_session_edge,competition_session_edge_train_forward_2026_05,machine_learning/selection.json,2.389,78,18.06,55.1,3.43,yes,ML scorer,true_pre2022_vs_2022_forward,1.429,158,2.389,78,2.236,55,2.767,23,Low,forward stronger than fit sample,competition_session_edge|family=london_first30_last30_reversal_month_1|direction=opposite|entry=930|exit=945|min_signal_atr=0.5|signal_end=195|signal_start=180|signal_month=1|risk_reward=2,direction=opposite; risk_reward=2; entry=930; exit=945; family=london_first30_last30_reversal_month_1; min_signal_atr=0.5
57,competition_nzd_usd_daily_tsmom_next_rth_signalmonth_direction_contrarian_entryminute_570_exitminute_9_183b1d88,NZDUSD 10-day daily mean reversion into RTH (February filter),competition_nzd_usd_daily_tsmom_next_rth_signalmonth_direction_contrarian_entryminute_570_exitminute_9_183b1d88,nzd_usd,competition_session_edge,competition_session_edge_train_forward_2026,machine_learning/selection.json,2.382,100,138.98,63.0,14.70,yes,ML scorer,true_pre2022_vs_2022_forward,1.165,33,2.382,100,2.056,70,3.069,30,Medium,forward stronger than fit sample; ML fit sample under 50 trades,competition_session_edge|family=daily_tsmom_next_rth_signalmonth|direction=contrarian|entry=570|exit=945|lookback=10|signal_month=2|risk_reward=2,direction=contrarian; risk_reward=2; entry=570; exit=945; family=daily_tsmom_next_rth_signalmonth; lookback=10
58,competition_australian_dollar_futures_us_first30_last30_reversal_signalmonth_direction_opposite_entrym_77aa2b55,6A US opening-range reversal into the close (December filter),competition_australian_dollar_futures_us_first30_last30_reversal_signalmonth_direction_opposite_entrym_77aa2b55,australian_dollar_futures,competition_session_edge,competition_session_edge_train_forward_2026,machine_learning/selection.json,2.361,61,10.98,60.7,2.04,yes,ML scorer,true_pre2022_vs_2022_forward,1.372,165,2.361,61,2.055,43,3.567,18,Low,forward stronger than fit sample,competition_session_edge|family=us_first30_last30_reversal_signalmonth|direction=opposite|entry=930|exit=945|min_signal_atr=0.35|signal_end=585|signal_month=12|signal_start=570|risk_reward=2,direction=opposite; risk_reward=2; entry=930; exit=945; family=us_first30_last30_reversal_signalmonth; min_signal_atr=0.35
59,competition_aud_usd_us_first30_last30_reversal_signalmonth_direction_opposite_entryminute_930_exitbarm_c8c5223e,AUDUSD US opening-range reversal into the close (December filter),competition_aud_usd_us_first30_last30_reversal_signalmonth_direction_opposite_entryminute_930_exitbarm_c8c5223e,aud_usd,competition_session_edge,competition_session_edge_train_forward_2026,machine_learning/selection.json,2.357,60,10.33,63.3,2.15,yes,ML scorer,true_pre2022_vs_2022_forward,1.556,34,2.357,60,1.889,42,4.678,18,Medium,forward stronger than fit sample; ML fit sample under 50 trades,competition_session_edge|family=us_first30_last30_reversal_signalmonth|direction=opposite|entry=930|exit=945|min_signal_atr=0.2|signal_end=585|signal_month=12|signal_start=570|risk_reward=2,direction=opposite; risk_reward=2; entry=930; exit=945; family=us_first30_last30_reversal_signalmonth; min_signal_atr=0.2
60,competition_micro_bitcoin_futures_daily_tsmom_next_rth_weekday_side_2_short_4be5774f,MBT 10-day daily momentum into RTH (Wednesday shorts),competition_micro_bitcoin_futures_daily_tsmom_next_rth_weekday_side_2_short_4be5774f,micro_bitcoin_futures,competition_session_edge,competition_session_edge_train_forward_2026_05,machine_learning/selection.json,2.356,101,182.26,61.4,26.89,yes,ML scorer,true_pre2022_vs_2022_forward,1.185,19,2.356,101,1.711,71,6.526,30,High,thin pre-split sample; forward stronger than fit sample,competition_session_edge|family=daily_tsmom_next_rth_weekday_side_2_short|direction=momentum|entry=570|exit=945|lookback=10|signal_weekday_side=2_short|risk_reward=2,direction=momentum; risk_reward=2; entry=570; exit=945; family=daily_tsmom_next_rth_weekday_side_2_short; lookback=10
