strategy_id,asset_key,asset_name,market,symbol,phase,variant_id,side,signal_time,entry_index,exit_index,entry_time,exit_time,entry_price,exit_price,net_units,r_multiple,tp_units,sl_units,cost_units,exit_reason,bars_held,source,tp_mode,sl_mode,size_mode,size_multiplier
gbp_usd_ny_sweep_bayes_on_new_zealand_dollar_futures,new_zealand_dollar_futures,New Zealand Dollar Futures,futures,6N,ny_sweep_playbook,ny_sweep_v4|model=bayes|min=0.62|start=420|end=540|max_tests=2|risk_min=10|risk_max=22|min_wick=0.5|rr=2|max_bars=96|one_trade=1,long,2022-03-04T13:00:00Z,51376,51377,2022-03-04T13:15:00Z,2022-03-04T13:30:00Z,0.6829,0.682,-18,-1,36,18,0,sl,2,pre_2022_ml_holdout_rebuild_2026_05,custom,custom,auto,3.5
gbp_usd_ny_sweep_bayes_on_new_zealand_dollar_futures,new_zealand_dollar_futures,New Zealand Dollar Futures,futures,6N,ny_sweep_playbook,ny_sweep_v4|model=bayes|min=0.62|start=420|end=540|max_tests=2|risk_min=10|risk_max=22|min_wick=0.5|rr=2|max_bars=96|one_trade=1,long,2022-04-18T12:15:00Z,54122,54130,2022-04-18T12:30:00Z,2022-04-18T14:30:00Z,0.6727,0.67185,-17,-1,33.999999999998,17,0,sl,9,pre_2022_ml_holdout_rebuild_2026_05,custom,custom,auto,3.75
gbp_usd_ny_sweep_bayes_on_new_zealand_dollar_futures,new_zealand_dollar_futures,New Zealand Dollar Futures,futures,6N,ny_sweep_playbook,ny_sweep_v4|model=bayes|min=0.62|start=420|end=540|max_tests=2|risk_min=10|risk_max=22|min_wick=0.5|rr=2|max_bars=96|one_trade=1,short,2022-08-01T12:30:00Z,61008,61013,2022-08-01T12:45:00Z,2022-08-01T14:00:00Z,0.6334,0.63435,-19,-1,38,19,0,sl,6,pre_2022_ml_holdout_rebuild_2026_05,custom,custom,auto,3.25
gbp_usd_ny_sweep_bayes_on_new_zealand_dollar_futures,new_zealand_dollar_futures,New Zealand Dollar Futures,futures,6N,ny_sweep_playbook,ny_sweep_v4|model=bayes|min=0.62|start=420|end=540|max_tests=2|risk_min=10|risk_max=22|min_wick=0.5|rr=2|max_bars=96|one_trade=1,short,2022-08-03T11:30:00Z,61188,61194,2022-08-03T11:45:00Z,2022-08-03T13:15:00Z,0.62635,0.62435,40,2,40,20,0,tp,7,pre_2022_ml_holdout_rebuild_2026_05,custom,custom,auto,3
gbp_usd_ny_sweep_bayes_on_new_zealand_dollar_futures,new_zealand_dollar_futures,New Zealand Dollar Futures,futures,6N,ny_sweep_playbook,ny_sweep_v4|model=bayes|min=0.62|start=420|end=540|max_tests=2|risk_min=10|risk_max=22|min_wick=0.5|rr=2|max_bars=96|one_trade=1,long,2022-11-09T13:15:00Z,67621,67627,2022-11-09T13:30:00Z,2022-11-09T15:00:00Z,0.5894,0.5914,40,2,40,20,0,tp,7,pre_2022_ml_holdout_rebuild_2026_05,custom,custom,auto,3
gbp_usd_ny_sweep_bayes_on_new_zealand_dollar_futures,new_zealand_dollar_futures,New Zealand Dollar Futures,futures,6N,ny_sweep_playbook,ny_sweep_v4|model=bayes|min=0.62|start=420|end=540|max_tests=2|risk_min=10|risk_max=22|min_wick=0.5|rr=2|max_bars=96|one_trade=1,short,2023-01-09T13:30:00Z,71370,71372,2023-01-09T13:45:00Z,2023-01-09T14:15:00Z,0.6409,0.6388,42,2,42,21,0,tp,3,pre_2022_ml_holdout_rebuild_2026_05,custom,custom,auto,3
gbp_usd_ny_sweep_bayes_on_new_zealand_dollar_futures,new_zealand_dollar_futures,New Zealand Dollar Futures,futures,6N,ny_sweep_playbook,ny_sweep_v4|model=bayes|min=0.62|start=420|end=540|max_tests=2|risk_min=10|risk_max=22|min_wick=0.5|rr=2|max_bars=96|one_trade=1,short,2023-05-09T11:15:00Z,79243,79249,2023-05-09T11:30:00Z,2023-05-09T13:00:00Z,0.6336,0.632,32.000000000001,2,32.000000000001,16,0,tp,7,pre_2022_ml_holdout_rebuild_2026_05,custom,custom,auto,3.75
gbp_usd_ny_sweep_bayes_on_new_zealand_dollar_futures,new_zealand_dollar_futures,New Zealand Dollar Futures,futures,6N,ny_sweep_playbook,ny_sweep_v4|model=bayes|min=0.62|start=420|end=540|max_tests=2|risk_min=10|risk_max=22|min_wick=0.5|rr=2|max_bars=96|one_trade=1,short,2023-05-19T12:30:00Z,79984,79994,2023-05-19T12:45:00Z,2023-05-19T15:15:00Z,0.62825,0.6292,-19,-1,37.999999999998,19,0,sl,11,pre_2022_ml_holdout_rebuild_2026_05,custom,custom,auto,3.25
gbp_usd_ny_sweep_bayes_on_new_zealand_dollar_futures,new_zealand_dollar_futures,New Zealand Dollar Futures,futures,6N,ny_sweep_playbook,ny_sweep_v4|model=bayes|min=0.62|start=420|end=540|max_tests=2|risk_min=10|risk_max=22|min_wick=0.5|rr=2|max_bars=96|one_trade=1,long,2023-05-25T13:00:00Z,80354,80355,2023-05-25T13:15:00Z,2023-05-25T13:30:00Z,0.6066,0.6057,-18,-1,36,18,0,sl,2,pre_2022_ml_holdout_rebuild_2026_05,custom,custom,auto,3.5
gbp_usd_ny_sweep_bayes_on_new_zealand_dollar_futures,new_zealand_dollar_futures,New Zealand Dollar Futures,futures,6N,ny_sweep_playbook,ny_sweep_v4|model=bayes|min=0.62|start=420|end=540|max_tests=2|risk_min=10|risk_max=22|min_wick=0.5|rr=2|max_bars=96|one_trade=1,short,2023-05-29T11:45:00Z,80533,80575,2023-05-29T12:00:00Z,2023-05-29T23:30:00Z,0.60605,0.60445,31.999999999999,2,31.999999999999,16,0,tp,43,pre_2022_ml_holdout_rebuild_2026_05,custom,custom,auto,3.75
gbp_usd_ny_sweep_bayes_on_new_zealand_dollar_futures,new_zealand_dollar_futures,New Zealand Dollar Futures,futures,6N,ny_sweep_playbook,ny_sweep_v4|model=bayes|min=0.62|start=420|end=540|max_tests=2|risk_min=10|risk_max=22|min_wick=0.5|rr=2|max_bars=96|one_trade=1,short,2023-05-30T12:15:00Z,80627,80645,2023-05-30T12:30:00Z,2023-05-30T17:00:00Z,0.6057,0.6037,40,2,40,20,0,tp,19,pre_2022_ml_holdout_rebuild_2026_05,custom,custom,auto,3
gbp_usd_ny_sweep_bayes_on_new_zealand_dollar_futures,new_zealand_dollar_futures,New Zealand Dollar Futures,futures,6N,ny_sweep_playbook,ny_sweep_v4|model=bayes|min=0.62|start=420|end=540|max_tests=2|risk_min=10|risk_max=22|min_wick=0.5|rr=2|max_bars=96|one_trade=1,long,2023-07-25T11:30:00Z,84229,84231,2023-07-25T11:45:00Z,2023-07-25T12:15:00Z,0.62025,0.62215,37.999999999998,2,37.999999999998,19,0,tp,3,pre_2022_ml_holdout_rebuild_2026_05,custom,custom,auto,3.25
gbp_usd_ny_sweep_bayes_on_new_zealand_dollar_futures,new_zealand_dollar_futures,New Zealand Dollar Futures,futures,6N,ny_sweep_playbook,ny_sweep_v4|model=bayes|min=0.62|start=420|end=540|max_tests=2|risk_min=10|risk_max=22|min_wick=0.5|rr=2|max_bars=96|one_trade=1,short,2023-08-03T11:45:00Z,84874,84876,2023-08-03T12:00:00Z,2023-08-03T12:30:00Z,0.608,0.609,-20,-1,40,20,0,sl,3,pre_2022_ml_holdout_rebuild_2026_05,custom,custom,auto,3
gbp_usd_ny_sweep_bayes_on_new_zealand_dollar_futures,new_zealand_dollar_futures,New Zealand Dollar Futures,futures,6N,ny_sweep_playbook,ny_sweep_v4|model=bayes|min=0.62|start=420|end=540|max_tests=2|risk_min=10|risk_max=22|min_wick=0.5|rr=2|max_bars=96|one_trade=1,long,2023-10-20T12:30:00Z,90018,90063,2023-10-20T12:45:00Z,2023-10-23T01:00:00Z,0.5826,0.5819,-14.000000000001,-1,28.000000000001,14.000000000001,0,sl,46,pre_2022_ml_holdout_rebuild_2026_05,custom,custom,auto,4.5
gbp_usd_ny_sweep_bayes_on_new_zealand_dollar_futures,new_zealand_dollar_futures,New Zealand Dollar Futures,futures,6N,ny_sweep_playbook,ny_sweep_v4|model=bayes|min=0.62|start=420|end=540|max_tests=2|risk_min=10|risk_max=22|min_wick=0.5|rr=2|max_bars=96|one_trade=1,short,2023-11-16T14:00:00Z,91768,91776,2023-11-16T14:15:00Z,2023-11-16T16:15:00Z,0.60045,0.59845,40,2,40,20,0,tp,9,pre_2022_ml_holdout_rebuild_2026_05,custom,custom,auto,3
gbp_usd_ny_sweep_bayes_on_new_zealand_dollar_futures,new_zealand_dollar_futures,New Zealand Dollar Futures,futures,6N,ny_sweep_playbook,ny_sweep_v4|model=bayes|min=0.62|start=420|end=540|max_tests=2|risk_min=10|risk_max=22|min_wick=0.5|rr=2|max_bars=96|one_trade=1,short,2023-12-22T13:30:00Z,94139,94142,2023-12-22T13:45:00Z,2023-12-22T14:30:00Z,0.63075,0.63145,-14.000000000001,-1,27.999999999999,14.000000000001,0,sl,4,pre_2022_ml_holdout_rebuild_2026_05,custom,custom,auto,4.5
gbp_usd_ny_sweep_bayes_on_new_zealand_dollar_futures,new_zealand_dollar_futures,New Zealand Dollar Futures,futures,6N,ny_sweep_playbook,ny_sweep_v4|model=bayes|min=0.62|start=420|end=540|max_tests=2|risk_min=10|risk_max=22|min_wick=0.5|rr=2|max_bars=96|one_trade=1,long,2024-01-22T13:45:00Z,95888,95894,2024-01-22T14:00:00Z,2024-01-22T15:30:00Z,0.6116,0.6108,-16,-1,32.000000000001,16,0,sl,7,pre_2022_ml_holdout_rebuild_2026_05,custom,custom,auto,3.75
gbp_usd_ny_sweep_bayes_on_new_zealand_dollar_futures,new_zealand_dollar_futures,New Zealand Dollar Futures,futures,6N,ny_sweep_playbook,ny_sweep_v4|model=bayes|min=0.62|start=420|end=540|max_tests=2|risk_min=10|risk_max=22|min_wick=0.5|rr=2|max_bars=96|one_trade=1,short,2024-05-30T11:45:00Z,104337,104339,2024-05-30T12:00:00Z,2024-05-30T12:30:00Z,0.6111,0.61185,-15.000000000001,-1,29.999999999999,15.000000000001,0,sl,3,pre_2022_ml_holdout_rebuild_2026_05,custom,custom,auto,4
gbp_usd_ny_sweep_bayes_on_new_zealand_dollar_futures,new_zealand_dollar_futures,New Zealand Dollar Futures,futures,6N,ny_sweep_playbook,ny_sweep_v4|model=bayes|min=0.62|start=420|end=540|max_tests=2|risk_min=10|risk_max=22|min_wick=0.5|rr=2|max_bars=96|one_trade=1,long,2024-06-11T11:15:00Z,105071,105091,2024-06-11T11:30:00Z,2024-06-11T16:30:00Z,0.61225,0.61355,25.999999999999,2,25.999999999999,13.000000000001,0,tp,21,pre_2022_ml_holdout_rebuild_2026_05,custom,custom,auto,4.75
gbp_usd_ny_sweep_bayes_on_new_zealand_dollar_futures,new_zealand_dollar_futures,New Zealand Dollar Futures,futures,6N,ny_sweep_playbook,ny_sweep_v4|model=bayes|min=0.62|start=420|end=540|max_tests=2|risk_min=10|risk_max=22|min_wick=0.5|rr=2|max_bars=96|one_trade=1,short,2024-08-14T11:00:00Z,109286,109291,2024-08-14T11:15:00Z,2024-08-14T12:30:00Z,0.60205,0.60275,-14.000000000001,-1,27.999999999999,14.000000000001,0,sl,6,pre_2022_ml_holdout_rebuild_2026_05,custom,custom,auto,4.5
gbp_usd_ny_sweep_bayes_on_new_zealand_dollar_futures,new_zealand_dollar_futures,New Zealand Dollar Futures,futures,6N,ny_sweep_playbook,ny_sweep_v4|model=bayes|min=0.62|start=420|end=540|max_tests=2|risk_min=10|risk_max=22|min_wick=0.5|rr=2|max_bars=96|one_trade=1,short,2024-09-10T11:00:00Z,111034,111043,2024-09-10T11:15:00Z,2024-09-10T13:30:00Z,0.61615,0.61485,25.999999999999,2,25.999999999999,13.000000000001,0,tp,10,pre_2022_ml_holdout_rebuild_2026_05,custom,custom,auto,4.75
gbp_usd_ny_sweep_bayes_on_new_zealand_dollar_futures,new_zealand_dollar_futures,New Zealand Dollar Futures,futures,6N,ny_sweep_playbook,ny_sweep_v4|model=bayes|min=0.62|start=420|end=540|max_tests=2|risk_min=10|risk_max=22|min_wick=0.5|rr=2|max_bars=96|one_trade=1,short,2024-11-04T12:00:00Z,114616,114627,2024-11-04T12:15:00Z,2024-11-04T15:00:00Z,0.59905,0.59995,-17.999999999998,-1,36,17.999999999998,0,sl,12,pre_2022_ml_holdout_rebuild_2026_05,custom,custom,auto,3.5
gbp_usd_ny_sweep_bayes_on_new_zealand_dollar_futures,new_zealand_dollar_futures,New Zealand Dollar Futures,futures,6N,ny_sweep_playbook,ny_sweep_v4|model=bayes|min=0.62|start=420|end=540|max_tests=2|risk_min=10|risk_max=22|min_wick=0.5|rr=2|max_bars=96|one_trade=1,short,2024-11-13T14:00:00Z,115268,115269,2024-11-13T14:15:00Z,2024-11-13T14:30:00Z,0.59335,0.59145,38,2,38,19,0,tp,2,pre_2022_ml_holdout_rebuild_2026_05,custom,custom,auto,3.25
gbp_usd_ny_sweep_bayes_on_new_zealand_dollar_futures,new_zealand_dollar_futures,New Zealand Dollar Futures,futures,6N,ny_sweep_playbook,ny_sweep_v4|model=bayes|min=0.62|start=420|end=540|max_tests=2|risk_min=10|risk_max=22|min_wick=0.5|rr=2|max_bars=96|one_trade=1,long,2024-12-10T12:30:00Z,117001,117008,2024-12-10T12:45:00Z,2024-12-10T14:30:00Z,0.58205,0.58125,-16,-1,31.999999999999,16,0,sl,8,pre_2022_ml_holdout_rebuild_2026_05,custom,custom,auto,3.75
gbp_usd_ny_sweep_bayes_on_new_zealand_dollar_futures,new_zealand_dollar_futures,New Zealand Dollar Futures,futures,6N,ny_sweep_playbook,ny_sweep_v4|model=bayes|min=0.62|start=420|end=540|max_tests=2|risk_min=10|risk_max=22|min_wick=0.5|rr=2|max_bars=96|one_trade=1,short,2025-03-21T12:15:00Z,123505,123508,2025-03-21T12:30:00Z,2025-03-21T13:15:00Z,0.5773,0.576,25.999999999999,2,25.999999999999,13.000000000001,0,tp,4,pre_2022_ml_holdout_rebuild_2026_05,custom,custom,auto,4.75
gbp_usd_ny_sweep_bayes_on_new_zealand_dollar_futures,new_zealand_dollar_futures,New Zealand Dollar Futures,futures,6N,ny_sweep_playbook,ny_sweep_v4|model=bayes|min=0.62|start=420|end=540|max_tests=2|risk_min=10|risk_max=22|min_wick=0.5|rr=2|max_bars=96|one_trade=1,short,2025-04-03T12:00:00Z,124332,124334,2025-04-03T12:15:00Z,2025-04-03T12:45:00Z,0.5835,0.5843,-16,-1,32.000000000001,16,0,sl,3,pre_2022_ml_holdout_rebuild_2026_05,custom,custom,auto,3.75
gbp_usd_ny_sweep_bayes_on_new_zealand_dollar_futures,new_zealand_dollar_futures,New Zealand Dollar Futures,futures,6N,ny_sweep_playbook,ny_sweep_v4|model=bayes|min=0.62|start=420|end=540|max_tests=2|risk_min=10|risk_max=22|min_wick=0.5|rr=2|max_bars=96|one_trade=1,short,2025-04-09T12:30:00Z,124702,124703,2025-04-09T12:45:00Z,2025-04-09T13:00:00Z,0.5587,0.5594,-14.000000000001,-1,27.999999999999,14.000000000001,0,sl,2,pre_2022_ml_holdout_rebuild_2026_05,custom,custom,auto,4.5
gbp_usd_ny_sweep_bayes_on_new_zealand_dollar_futures,new_zealand_dollar_futures,New Zealand Dollar Futures,futures,6N,ny_sweep_playbook,ny_sweep_v4|model=bayes|min=0.62|start=420|end=540|max_tests=2|risk_min=10|risk_max=22|min_wick=0.5|rr=2|max_bars=96|one_trade=1,long,2025-06-03T12:30:00Z,128198,128204,2025-06-03T12:45:00Z,2025-06-03T14:15:00Z,0.59955,0.60115,32.000000000001,2,32.000000000001,16,0,tp,7,pre_2022_ml_holdout_rebuild_2026_05,custom,custom,auto,3.75
gbp_usd_ny_sweep_bayes_on_new_zealand_dollar_futures,new_zealand_dollar_futures,New Zealand Dollar Futures,futures,6N,ny_sweep_playbook,ny_sweep_v4|model=bayes|min=0.62|start=420|end=540|max_tests=2|risk_min=10|risk_max=22|min_wick=0.5|rr=2|max_bars=96|one_trade=1,short,2025-12-08T13:15:00Z,140447,140452,2025-12-08T13:30:00Z,2025-12-08T14:45:00Z,0.57905,0.57785,24.000000000002,2,24.000000000002,11.999999999999,0,tp,6,pre_2022_ml_holdout_rebuild_2026_05,custom,custom,auto,5.25
gbp_usd_ny_sweep_bayes_on_new_zealand_dollar_futures,new_zealand_dollar_futures,New Zealand Dollar Futures,futures,6N,ny_sweep_playbook,ny_sweep_v4|model=bayes|min=0.62|start=420|end=540|max_tests=2|risk_min=10|risk_max=22|min_wick=0.5|rr=2|max_bars=96|one_trade=1,long,2026-03-19T12:30:00Z,146943,146947,2026-03-19T12:45:00Z,2026-03-19T13:45:00Z,0.58235,0.58415,36,2,36,18,0,tp,5,pre_2022_ml_holdout_rebuild_2026_05,custom,custom,auto,3.5
