"strategy_id","asset_key","asset_name","market","symbol","phase","variant_id","side","signal_time","entry_index","exit_index","entry_time","exit_time","entry_price","exit_price","net_units","r_multiple","tp_units","sl_units","cost_units","exit_reason","bars_held","source","tp_mode","sl_mode","size_mode","size_multiplier"
"gbp_usd_mean_reversion","gbp_usd","GBP/USD","forex","GBPUSD","mean_reversion","","long","2022-02-15T16:00:00Z","51273","51309","2022-02-15T16:15:00Z","2022-02-16T01:15:00Z","1.35345","1.35455","8.999999999998789","0.017928286852587228","150","500","2.0","signal","36","live_realistic_holdout_2022_to_present","custom","custom","auto",
"gbp_usd_mean_reversion","gbp_usd","GBP/USD","forex","GBPUSD","mean_reversion","","long","2022-03-25T10:45:00Z","53971","54259","2022-03-25T11:00:00Z","2022-03-30T09:00:00Z","1.3189","1.3141","-49.999999999999154","-0.09960159362549632","150","500","2.0","signal","288","live_realistic_holdout_2022_to_present","custom","custom","auto",
"gbp_usd_mean_reversion","gbp_usd","GBP/USD","forex","GBPUSD","mean_reversion","","long","2022-04-04T12:00:00Z","54566","54636","2022-04-04T12:15:00Z","2022-04-05T05:45:00Z","1.3119","1.3132","10.999999999998568","0.02191235059760671","150","500","2.0","signal","70","live_realistic_holdout_2022_to_present","custom","custom","auto",
"gbp_usd_mean_reversion","gbp_usd","GBP/USD","forex","GBPUSD","mean_reversion","","short","2022-04-29T12:30:00Z","56412","56518","2022-04-29T12:45:00Z","2022-05-02T14:45:00Z","1.2539","1.253","7.000000000001229","0.01394422310757217","150","500","2.0","signal","106","live_realistic_holdout_2022_to_present","custom","custom","auto",
"gbp_usd_mean_reversion","gbp_usd","GBP/USD","forex","GBPUSD","mean_reversion","","short","2022-05-03T14:00:00Z","56612","56615","2022-05-03T14:15:00Z","2022-05-03T15:00:00Z","1.2529","1.25135","13.499999999999403","0.026892430278883273","150","500","2.0","signal","3","live_realistic_holdout_2022_to_present","custom","custom","auto",
"gbp_usd_mean_reversion","gbp_usd","GBP/USD","forex","GBPUSD","mean_reversion","","long","2022-05-04T15:15:00Z","56713","56729","2022-05-04T15:30:00Z","2022-05-04T19:30:00Z","1.25025","1.2593","88.50000000000001","0.1762948207171315","150","500","2.0","signal","16","live_realistic_holdout_2022_to_present","custom","custom","auto",
"gbp_usd_mean_reversion","gbp_usd","GBP/USD","forex","GBPUSD","mean_reversion","","long","2022-05-10T11:00:00Z","57080","57167","2022-05-10T11:15:00Z","2022-05-11T09:00:00Z","1.2351","1.23735","20.499999999998632","0.04083665338645146","150","500","2.0","signal","87","live_realistic_holdout_2022_to_present","custom","custom","auto",
"gbp_usd_mean_reversion","gbp_usd","GBP/USD","forex","GBPUSD","mean_reversion","","short","2022-05-11T14:45:00Z","57190","57197","2022-05-11T15:00:00Z","2022-05-11T16:45:00Z","1.2341","1.2293","45.999999999999154","0.09163346613545648","150","500","2.0","signal","7","live_realistic_holdout_2022_to_present","custom","custom","auto",
"gbp_usd_mean_reversion","gbp_usd","GBP/USD","forex","GBPUSD","mean_reversion","","long","2022-05-31T08:00:00Z","58507","58733","2022-05-31T08:15:00Z","2022-06-02T16:45:00Z","1.26265","1.2577","-51.5000000000001","-0.10258964143426315","150","500","2.0","signal","226","live_realistic_holdout_2022_to_present","custom","custom","auto",
"gbp_usd_mean_reversion","gbp_usd","GBP/USD","forex","GBPUSD","mean_reversion","","short","2022-07-07T11:15:00Z","61099","61185","2022-07-07T11:30:00Z","2022-07-08T09:00:00Z","1.1977","1.19345","40.50000000000087","0.08067729083665512","150","500","2.0","signal","86","live_realistic_holdout_2022_to_present","custom","custom","auto",
"gbp_usd_mean_reversion","gbp_usd","GBP/USD","forex","GBPUSD","mean_reversion","","long","2022-07-08T10:00:00Z","61190","61204","2022-07-08T10:15:00Z","2022-07-08T13:45:00Z","1.1976","1.2","21.999999999999577","0.04382470119521828","150","500","2.0","signal","14","live_realistic_holdout_2022_to_present","custom","custom","auto",
"gbp_usd_mean_reversion","gbp_usd","GBP/USD","forex","GBPUSD","mean_reversion","","long","2022-07-21T10:15:00Z","62055","62100","2022-07-21T10:30:00Z","2022-07-21T21:45:00Z","1.19695","1.1997","25.500000000000302","0.050796812749004584","150","500","2.0","signal","45","live_realistic_holdout_2022_to_present","custom","custom","auto",
"gbp_usd_mean_reversion","gbp_usd","GBP/USD","forex","GBPUSD","mean_reversion","","short","2022-08-09T11:00:00Z","63306","63329","2022-08-09T11:15:00Z","2022-08-09T17:00:00Z","1.2101","1.2083","16.000000000000238","0.031872509960159834","150","500","2.0","signal","23","live_realistic_holdout_2022_to_present","custom","custom","auto",
"gbp_usd_mean_reversion","gbp_usd","GBP/USD","forex","GBPUSD","mean_reversion","","short","2022-08-26T14:15:00Z","64567","64573","2022-08-26T14:30:00Z","2022-08-26T16:00:00Z","1.18255","1.1777","46.500000000000206","0.09262948207171356","150","500","2.0","signal","6","live_realistic_holdout_2022_to_present","custom","custom","auto",
"gbp_usd_mean_reversion","gbp_usd","GBP/USD","forex","GBPUSD","mean_reversion","","long","2022-09-08T17:15:00Z","65443","65469","2022-09-08T17:30:00Z","2022-09-09T00:00:00Z","1.151","1.152","7.999999999998899","0.01593625498007749","150","500","2.0","signal","26","live_realistic_holdout_2022_to_present","custom","custom","auto",
"gbp_usd_mean_reversion","gbp_usd","GBP/USD","forex","GBPUSD","mean_reversion","","short","2022-09-20T09:00:00Z","66178","66195","2022-09-20T09:15:00Z","2022-09-20T13:30:00Z","1.1429","1.1386","40.9999999999997","0.08167330677290777","150","500","2.0","signal","17","live_realistic_holdout_2022_to_present","custom","custom","auto",
"gbp_usd_mean_reversion","gbp_usd","GBP/USD","forex","GBPUSD","mean_reversion","","short","2022-10-20T16:00:00Z","68312","68320","2022-10-20T16:15:00Z","2022-10-20T18:15:00Z","1.12595","1.1218","39.50000000000098","0.07868525896414538","150","500","2.0","signal","8","live_realistic_holdout_2022_to_present","custom","custom","auto",
"gbp_usd_mean_reversion","gbp_usd","GBP/USD","forex","GBPUSD","mean_reversion","","short","2022-12-07T16:30:00Z","71512","71584","2022-12-07T16:45:00Z","2022-12-08T10:45:00Z","1.2174","1.2166","6.000000000001339","0.011952191235062429","150","500","2.0","signal","72","live_realistic_holdout_2022_to_present","custom","custom","auto",
"gbp_usd_mean_reversion","gbp_usd","GBP/USD","forex","GBPUSD","mean_reversion","","long","2023-01-23T15:45:00Z","74614","74651","2023-01-23T16:00:00Z","2023-01-24T01:15:00Z","1.23715","1.2384","10.499999999999734","0.02091633466135405","150","500","2.0","signal","37","live_realistic_holdout_2022_to_present","custom","custom","auto",
"gbp_usd_mean_reversion","gbp_usd","GBP/USD","forex","GBPUSD","mean_reversion","","long","2023-02-21T08:30:00Z","76583","76588","2023-02-21T08:45:00Z","2023-02-21T10:00:00Z","1.2024","1.2091","65.0000000000015","0.1294820717131504","150","500","2.0","signal","5","live_realistic_holdout_2022_to_present","custom","custom","auto",
"gbp_usd_mean_reversion","gbp_usd","GBP/USD","forex","GBPUSD","mean_reversion","","short","2023-04-06T08:30:00Z","79628","79647","2023-04-06T08:45:00Z","2023-04-06T13:30:00Z","1.246","1.2425","33.00000000000058","0.06573705179282985","150","500","2.0","signal","19","live_realistic_holdout_2022_to_present","custom","custom","auto",
"gbp_usd_mean_reversion","gbp_usd","GBP/USD","forex","GBPUSD","mean_reversion","","short","2023-04-18T13:15:00Z","80381","80438","2023-04-18T13:30:00Z","2023-04-19T03:45:00Z","1.2422","1.2417","2.9999999999994493","0.005976095617528783","150","500","2.0","signal","57","live_realistic_holdout_2022_to_present","custom","custom","auto",
"gbp_usd_mean_reversion","gbp_usd","GBP/USD","forex","GBPUSD","mean_reversion","","long","2023-04-19T12:15:00Z","80473","80476","2023-04-19T12:30:00Z","2023-04-19T13:15:00Z","1.24235","1.2436","10.499999999999734","0.02091633466135405","150","500","2.0","signal","3","live_realistic_holdout_2022_to_present","custom","custom","auto",
"gbp_usd_mean_reversion","gbp_usd","GBP/USD","forex","GBPUSD","mean_reversion","","short","2023-05-03T12:45:00Z","81435","81771","2023-05-03T13:00:00Z","2023-05-09T01:00:00Z","1.2498","1.26095","-113.49999999999993","-0.22609561752988033","150","500","2.0","signal","336","live_realistic_holdout_2022_to_present","custom","custom","auto",
"gbp_usd_mean_reversion","gbp_usd","GBP/USD","forex","GBPUSD","mean_reversion","","long","2023-05-09T14:15:00Z","81825","81844","2023-05-09T14:30:00Z","2023-05-09T19:15:00Z","1.26095","1.2622","10.499999999999734","0.02091633466135405","150","500","2.0","signal","19","live_realistic_holdout_2022_to_present","custom","custom","auto",
"gbp_usd_mean_reversion","gbp_usd","GBP/USD","forex","GBPUSD","mean_reversion","","long","2023-05-22T09:15:00Z","82669","82673","2023-05-22T09:30:00Z","2023-05-22T10:30:00Z","1.2448","1.2464","14.000000000000458","0.027888446215140354","150","500","2.0","signal","4","live_realistic_holdout_2022_to_present","custom","custom","auto",
"gbp_usd_mean_reversion","gbp_usd","GBP/USD","forex","GBPUSD","mean_reversion","","short","2023-05-26T13:15:00Z","83069","83075","2023-05-26T13:30:00Z","2023-05-26T15:00:00Z","1.2361","1.2332","26.999999999999027","0.05378486055776698","150","500","2.0","signal","6","live_realistic_holdout_2022_to_present","custom","custom","auto",
"gbp_usd_mean_reversion","gbp_usd","GBP/USD","forex","GBPUSD","mean_reversion","","long","2023-06-26T15:45:00Z","85094","85150","2023-06-26T16:00:00Z","2023-06-27T06:00:00Z","1.2721","1.2729","5.999999999999119","0.011952191235058005","150","500","2.0","signal","56","live_realistic_holdout_2022_to_present","custom","custom","auto",
"gbp_usd_mean_reversion","gbp_usd","GBP/USD","forex","GBPUSD","mean_reversion","","short","2023-07-05T14:30:00Z","85761","85802","2023-07-05T14:45:00Z","2023-07-06T01:00:00Z","1.2706","1.2697","6.999999999999009","0.013944223107567747","150","500","2.0","signal","41","live_realistic_holdout_2022_to_present","custom","custom","auto",
"gbp_usd_mean_reversion","gbp_usd","GBP/USD","forex","GBPUSD","mean_reversion","","long","2023-08-09T13:15:00Z","88149","88227","2023-08-09T13:30:00Z","2023-08-10T09:00:00Z","1.2746","1.2757","9.000000000001009","0.01792828685259165","150","500","2.0","signal","78","live_realistic_holdout_2022_to_present","custom","custom","auto",
"gbp_usd_mean_reversion","gbp_usd","GBP/USD","forex","GBPUSD","mean_reversion","","short","2023-08-15T11:00:00Z","88524","88587","2023-08-15T11:15:00Z","2023-08-16T03:00:00Z","1.2701","1.2696","2.9999999999994493","0.005976095617528783","150","500","2.0","signal","63","live_realistic_holdout_2022_to_present","custom","custom","auto",
"gbp_usd_mean_reversion","gbp_usd","GBP/USD","forex","GBPUSD","mean_reversion","","short","2023-08-29T08:45:00Z","89475","89486","2023-08-29T09:00:00Z","2023-08-29T11:45:00Z","1.2612","1.2588","22.000000000001798","0.04382470119522271","150","500","2.0","signal","11","live_realistic_holdout_2022_to_present","custom","custom","auto",
"gbp_usd_mean_reversion","gbp_usd","GBP/USD","forex","GBPUSD","mean_reversion","","short","2023-10-27T14:30:00Z","93620","93638","2023-10-27T14:45:00Z","2023-10-27T19:15:00Z","1.2125","1.2113","9.999999999998678","0.019920318725096968","150","500","2.0","signal","18","live_realistic_holdout_2022_to_present","custom","custom","auto",
"gbp_usd_mean_reversion","gbp_usd","GBP/USD","forex","GBPUSD","mean_reversion","","short","2023-11-01T09:15:00Z","93884","93886","2023-11-01T09:30:00Z","2023-11-01T10:00:00Z","1.2141","1.214","-1.0000000000001101","-0.0019920318725101796","150","500","2.0","signal","2","live_realistic_holdout_2022_to_present","custom","custom","auto",
"gbp_usd_mean_reversion","gbp_usd","GBP/USD","forex","GBPUSD","mean_reversion","","short","2023-11-17T14:15:00Z","95044","95327","2023-11-17T14:30:00Z","2023-11-22T15:15:00Z","1.2416","1.246","-45.999999999999595","-0.09163346613545736","150","500","2.0","signal","283","live_realistic_holdout_2022_to_present","custom","custom","auto",
"gbp_usd_mean_reversion","gbp_usd","GBP/USD","forex","GBPUSD","mean_reversion","","long","2023-12-12T15:45:00Z","96661","96691","2023-12-12T16:00:00Z","2023-12-12T23:30:00Z","1.2561","1.257","6.999999999999009","0.013944223107567747","150","500","2.0","signal","30","live_realistic_holdout_2022_to_present","custom","custom","auto",
"gbp_usd_mean_reversion","gbp_usd","GBP/USD","forex","GBPUSD","mean_reversion","","long","2024-01-11T18:00:00Z","98592","98598","2024-01-11T18:15:00Z","2024-01-11T19:45:00Z","1.2735","1.276","22.999999999999467","0.04581673306772802","150","500","2.0","signal","6","live_realistic_holdout_2022_to_present","custom","custom","auto",
"gbp_usd_mean_reversion","gbp_usd","GBP/USD","forex","GBPUSD","mean_reversion","","long","2024-01-17T16:00:00Z","98960","98977","2024-01-17T16:15:00Z","2024-01-17T20:30:00Z","1.2668","1.26775","7.500000000000064","0.014940239043824828","150","500","2.0","signal","17","live_realistic_holdout_2022_to_present","custom","custom","auto",
"gbp_usd_mean_reversion","gbp_usd","GBP/USD","forex","GBPUSD","mean_reversion","","long","2024-02-08T14:45:00Z","100472","100497","2024-02-08T15:00:00Z","2024-02-08T21:15:00Z","1.2609","1.26185","7.500000000000064","0.014940239043824828","150","500","2.0","signal","25","live_realistic_holdout_2022_to_present","custom","custom","auto",
"gbp_usd_mean_reversion","gbp_usd","GBP/USD","forex","GBPUSD","mean_reversion","","long","2024-02-16T15:30:00Z","101052","101057","2024-02-16T15:45:00Z","2024-02-16T17:00:00Z","1.2584","1.2587","0.9999999999996696","0.001992031872509302","150","500","2.0","signal","5","live_realistic_holdout_2022_to_present","custom","custom","auto",
"gbp_usd_mean_reversion","gbp_usd","GBP/USD","forex","GBPUSD","mean_reversion","","long","2024-03-13T11:00:00Z","102767","102796","2024-03-13T11:15:00Z","2024-03-13T18:30:00Z","1.27945","1.27995","2.9999999999994493","0.005976095617528783","150","500","2.0","signal","29","live_realistic_holdout_2022_to_present","custom","custom","auto",
"gbp_usd_mean_reversion","gbp_usd","GBP/USD","forex","GBPUSD","mean_reversion","","short","2024-04-19T14:30:00Z","105345","105347","2024-04-19T14:45:00Z","2024-04-19T15:15:00Z","1.24445","1.242","22.500000000000632","0.04482071713147536","150","500","2.0","signal","2","live_realistic_holdout_2022_to_present","custom","custom","auto",
"gbp_usd_mean_reversion","gbp_usd","GBP/USD","forex","GBPUSD","mean_reversion","","long","2024-05-02T15:45:00Z","106198","106209","2024-05-02T16:00:00Z","2024-05-02T18:45:00Z","1.2507","1.2534","25.000000000001467","0.04980079681275193","150","500","2.0","signal","11","live_realistic_holdout_2022_to_present","custom","custom","auto",
"gbp_usd_mean_reversion","gbp_usd","GBP/USD","forex","GBPUSD","mean_reversion","","long","2024-05-29T12:15:00Z","107976","108090","2024-05-29T12:30:00Z","2024-05-30T17:00:00Z","1.27535","1.2741","-14.499999999999734","-0.02888446215139389","150","500","2.0","signal","114","live_realistic_holdout_2022_to_present","custom","custom","auto",
"gbp_usd_mean_reversion","gbp_usd","GBP/USD","forex","GBPUSD","mean_reversion","","short","2024-05-31T14:45:00Z","108178","108242","2024-05-31T15:00:00Z","2024-06-03T09:00:00Z","1.2731","1.2705","23.999999999999357","0.047808764940237766","150","500","2.0","signal","64","live_realistic_holdout_2022_to_present","custom","custom","auto",
"gbp_usd_mean_reversion","gbp_usd","GBP/USD","forex","GBPUSD","mean_reversion","","long","2024-06-03T11:00:00Z","108251","108263","2024-06-03T11:15:00Z","2024-06-03T14:15:00Z","1.2724","1.2782","56.00000000000027","0.11155378486055831","150","500","2.0","signal","12","live_realistic_holdout_2022_to_present","custom","custom","auto",
"gbp_usd_mean_reversion","gbp_usd","GBP/USD","forex","GBPUSD","mean_reversion","","long","2024-08-05T07:15:00Z","112484","112489","2024-08-05T07:30:00Z","2024-08-05T08:45:00Z","1.27865","1.27975","8.999999999998789","0.017928286852587228","150","500","2.0","signal","5","live_realistic_holdout_2022_to_present","custom","custom","auto",
"gbp_usd_mean_reversion","gbp_usd","GBP/USD","forex","GBPUSD","mean_reversion","","long","2024-12-03T16:30:00Z","120693","120701","2024-12-03T16:45:00Z","2024-12-03T18:45:00Z","1.2664","1.26945","28.49999999999997","0.05677290836653381","150","500","2.0","signal","8","live_realistic_holdout_2022_to_present","custom","custom","auto",
"gbp_usd_mean_reversion","gbp_usd","GBP/USD","forex","GBPUSD","mean_reversion","","short","2024-12-03T19:45:00Z","120706","120733","2024-12-03T20:00:00Z","2024-12-04T02:45:00Z","1.2668","1.2664","1.9999999999995595","0.0039840637450190425","150","500","2.0","signal","27","live_realistic_holdout_2022_to_present","custom","custom","auto",
"gbp_usd_mean_reversion","gbp_usd","GBP/USD","forex","GBPUSD","mean_reversion","","long","2024-12-10T16:30:00Z","121173","121180","2024-12-10T16:45:00Z","2024-12-10T18:30:00Z","1.275","1.27555","3.5000000000005045","0.006972111553785866","150","500","2.0","signal","7","live_realistic_holdout_2022_to_present","custom","custom","auto",
"gbp_usd_mean_reversion","gbp_usd","GBP/USD","forex","GBPUSD","mean_reversion","","short","2024-12-20T20:45:00Z","121958","122014","2024-12-20T21:00:00Z","2024-12-23T11:00:00Z","1.2574","1.25455","26.500000000000192","0.05278884462151433","150","500","2.0","signal","56","live_realistic_holdout_2022_to_present","custom","custom","auto",
"gbp_usd_mean_reversion","gbp_usd","GBP/USD","forex","GBPUSD","mean_reversion","","short","2025-01-15T09:00:00Z","123393","123487","2025-01-15T09:15:00Z","2025-01-16T08:45:00Z","1.2203","1.2203","-2.0","-0.00398406374501992","150","500","2.0","signal","94","live_realistic_holdout_2022_to_present","custom","custom","auto",
"gbp_usd_mean_reversion","gbp_usd","GBP/USD","forex","GBPUSD","mean_reversion","","long","2025-03-14T10:30:00Z","127431","127520","2025-03-14T10:45:00Z","2025-03-17T10:00:00Z","1.2941","1.2952","8.999999999998789","0.017928286852587228","150","500","2.0","signal","89","live_realistic_holdout_2022_to_present","custom","custom","auto",
"gbp_usd_mean_reversion","gbp_usd","GBP/USD","forex","GBPUSD","mean_reversion","","short","2025-03-24T11:30:00Z","128003","128012","2025-03-24T11:45:00Z","2025-03-24T14:00:00Z","1.2947","1.2918","26.999999999999027","0.05378486055776698","150","500","2.0","signal","9","live_realistic_holdout_2022_to_present","custom","custom","auto",
"gbp_usd_mean_reversion","gbp_usd","GBP/USD","forex","GBPUSD","mean_reversion","","short","2025-03-25T14:00:00Z","128109","128175","2025-03-25T14:15:00Z","2025-03-26T06:45:00Z","1.2936","1.2936","-2.0","-0.00398406374501992","150","500","2.0","signal","66","live_realistic_holdout_2022_to_present","custom","custom","auto",
"gbp_usd_mean_reversion","gbp_usd","GBP/USD","forex","GBPUSD","mean_reversion","","long","2025-04-01T08:45:00Z","128564","128666","2025-04-01T09:00:00Z","2025-04-02T10:30:00Z","1.2926","1.2935","7.000000000001229","0.01394422310757217","150","500","2.0","signal","102","live_realistic_holdout_2022_to_present","custom","custom","auto",
"gbp_usd_mean_reversion","gbp_usd","GBP/USD","forex","GBPUSD","mean_reversion","","short","2025-05-15T14:15:00Z","131626","131723","2025-05-15T14:30:00Z","2025-05-16T14:45:00Z","1.32783","1.32584","17.900000000001583","0.03565737051793144","150","500","2.0","signal","97","live_realistic_holdout_2022_to_present","custom","custom","auto",
"gbp_usd_mean_reversion","gbp_usd","GBP/USD","forex","GBPUSD","mean_reversion","","long","2025-05-30T08:30:00Z","132648","132713","2025-05-30T08:45:00Z","2025-06-02T02:30:00Z","1.34811","1.34905","7.400000000001629","0.014741035856576951","150","500","2.0","signal","65","live_realistic_holdout_2022_to_present","custom","custom","auto",
"gbp_usd_mean_reversion","gbp_usd","GBP/USD","forex","GBPUSD","mean_reversion","","long","2025-06-09T15:00:00Z","133239","133243","2025-06-09T15:15:00Z","2025-06-09T16:15:00Z","1.35518","1.35555","1.6999999999998145","0.0033864541832665626","150","500","2.0","signal","4","live_realistic_holdout_2022_to_present","custom","custom","auto",
"gbp_usd_mean_reversion","gbp_usd","GBP/USD","forex","GBPUSD","mean_reversion","","long","2025-08-11T16:00:00Z","137521","137533","2025-08-11T16:15:00Z","2025-08-11T19:15:00Z","1.34207","1.34308","8.099999999999554","0.016135458167329787","150","500","2.0","signal","12","live_realistic_holdout_2022_to_present","custom","custom","auto",
"gbp_usd_mean_reversion","gbp_usd","GBP/USD","forex","GBPUSD","mean_reversion","","short","2025-09-18T11:15:00Z","140182","140183","2025-09-18T11:30:00Z","2025-09-18T11:45:00Z","1.36273","1.36158","9.499999999999844","0.01892430278884431","150","500","2.0","signal","1","live_realistic_holdout_2022_to_present","custom","custom","auto",
"gbp_usd_mean_reversion","gbp_usd","GBP/USD","forex","GBPUSD","mean_reversion","","long","2025-11-18T18:30:00Z","144306","144594","2025-11-18T18:45:00Z","2025-11-21T18:45:00Z","1.31558","1.30995","-58.30000000000024","-0.11613545816733116","150","500","2.0","signal","288","live_realistic_holdout_2022_to_present","custom","custom","auto",
"gbp_usd_mean_reversion","gbp_usd","GBP/USD","forex","GBPUSD","mean_reversion","","long","2025-12-12T17:30:00Z","146024","146091","2025-12-12T17:45:00Z","2025-12-15T10:30:00Z","1.33726","1.33792","4.6000000000010495","0.009163346613547908","150","500","2.0","signal","67","live_realistic_holdout_2022_to_present","custom","custom","auto",
"gbp_usd_mean_reversion","gbp_usd","GBP/USD","forex","GBPUSD","mean_reversion","","long","2025-12-19T16:30:00Z","146500","146512","2025-12-19T16:45:00Z","2025-12-19T19:45:00Z","1.33756","1.33865","8.899999999998133","0.017729083665334926","150","500","2.0","signal","12","live_realistic_holdout_2022_to_present","custom","custom","auto",
"gbp_usd_mean_reversion","gbp_usd","GBP/USD","forex","GBPUSD","mean_reversion","","long","2026-01-01T18:45:00Z","147181","147211","2026-01-01T19:00:00Z","2026-01-02T02:30:00Z","1.34725","1.34889","14.399999999998638","0.028685258964140713","150","500","2.0","signal","30","live_realistic_holdout_2022_to_present","custom","custom","auto",
"gbp_usd_mean_reversion","gbp_usd","GBP/USD","forex","GBPUSD","mean_reversion","","short","2026-01-21T15:45:00Z","148897","148904","2026-01-21T16:00:00Z","2026-01-21T17:45:00Z","1.34281","1.34219","4.200000000000649","0.008366533864543127","150","500","2.0","signal","7","live_realistic_holdout_2022_to_present","custom","custom","auto",
"gbp_usd_mean_reversion","gbp_usd","GBP/USD","forex","GBPUSD","mean_reversion","","short","2026-02-03T08:45:00Z","150117","150123","2026-02-03T09:00:00Z","2026-02-03T10:30:00Z","1.36875","1.36672","18.299999999999763","0.0364541832669318","150","500","2.0","signal","6","live_realistic_holdout_2022_to_present","custom","custom","auto",
"gbp_usd_mean_reversion","gbp_usd","GBP/USD","forex","GBPUSD","mean_reversion","","short","2026-02-09T01:15:00Z","150571","150575","2026-02-09T01:30:00Z","2026-02-09T02:30:00Z","1.36053","1.3603","0.29999999999952465","0.0005976095617520412","150","500","2.0","signal","4","live_realistic_holdout_2022_to_present","custom","custom","auto",
"gbp_usd_mean_reversion","gbp_usd","GBP/USD","forex","GBPUSD","mean_reversion","","long","2026-02-09T03:15:00Z","150579","150588","2026-02-09T03:30:00Z","2026-02-09T05:45:00Z","1.36069","1.3616","7.099999999999664","0.014143426294820047","150","500","2.0","signal","9","live_realistic_holdout_2022_to_present","custom","custom","auto",
"gbp_usd_mean_reversion","gbp_usd","GBP/USD","forex","GBPUSD","mean_reversion","","short","2026-02-22T19:30:00Z","151892","151992","2026-02-22T19:45:00Z","2026-02-23T20:45:00Z","1.34855","1.34905","-7.00000000000167","-0.013944223107573048","150","500","2.0","signal","100","live_realistic_holdout_2022_to_present","custom","custom","auto",
"gbp_usd_mean_reversion","gbp_usd","GBP/USD","forex","GBPUSD","mean_reversion","","long","2026-02-24T02:30:00Z","152016","152070","2026-02-24T02:45:00Z","2026-02-24T16:15:00Z","1.34967","1.35263","27.600000000000737","0.05498007968127637","150","500","2.0","signal","54","live_realistic_holdout_2022_to_present","custom","custom","auto",
"gbp_usd_mean_reversion","gbp_usd","GBP/USD","forex","GBPUSD","mean_reversion","","long","2026-03-23T01:45:00Z","154605","154649","2026-03-23T02:00:00Z","2026-03-23T13:00:00Z","1.33333","1.34283","93.00000000000064","0.18525896414342757","150","500","2.0","signal","44","live_realistic_holdout_2022_to_present","custom","custom","auto",
"gbp_usd_mean_reversion","gbp_usd","GBP/USD","forex","GBPUSD","mean_reversion","","long","2026-03-31T17:00:00Z","155434","155448","2026-03-31T17:15:00Z","2026-03-31T20:45:00Z","1.32308","1.32282","-4.59999999999927","-0.009163346613544362","150","500","2.0","signal","14","live_realistic_holdout_2022_to_present","custom","custom","auto",
"gbp_usd_mean_reversion","gbp_usd","GBP/USD","forex","GBPUSD","mean_reversion","","long","2026-04-21T20:45:00Z","157461","157484","2026-04-21T21:00:00Z","2026-04-22T02:45:00Z","1.35089","1.35063","-4.59999999999927","-0.009163346613544362","150","500","2.0","end","23","live_realistic_holdout_2022_to_present","custom","custom","auto",
