strategy_id,asset_key,asset_name,market,symbol,phase,variant_id,side,signal_time,entry_index,exit_index,entry_time,exit_time,entry_price,exit_price,net_units,r_multiple,tp_units,sl_units,cost_units,exit_reason,bars_held,source,tp_mode,sl_mode,size_mode,size_multiplier,management_events
competition_us_treasury_2y_note_futures_ny_open_gap_fade_signalmonth_direction_fade_entryminute_570_ex_d2289e05,us_treasury_2y_note_futures,US Treasury 2Y Note Futures,futures,ZT,competition_session_edge,competition_session_edge|family=ny_open_gap_fade_signalmonth|direction=fade|entry=570|exit=615|min_gap_atr=0|signal_month=12,short,2022-12-01T14:30:00Z,68087,68088,2022-12-01T14:45:00Z,2022-12-01T15:00:00Z,102.765625,102.7890625,-6,-0.527018692897,11.384795417818,11.384795417818,0,sl,2,competition_session_edge_train_forward_2026,fixed,custom,custom,1,"[{""createdAt"":""2022-12-01T15:00:00Z"",""entryPrice"":102.765625,""id"":""1669905000:68087:edit_sl:1669906800:102.7890625000"",""previousPrice"":4009.015625,""price"":102.7890625,""reason"":""Trail SL using the prior completed bar."",""stopLossPrice"":102.7890625,""takeProfitPrice"":-3803.484375,""time"":""2022-12-01T15:00:00Z"",""type"":""edit_sl""}]"
competition_us_treasury_2y_note_futures_ny_open_gap_fade_signalmonth_direction_fade_entryminute_570_ex_d2289e05,us_treasury_2y_note_futures,US Treasury 2Y Note Futures,futures,ZT,competition_session_edge,competition_session_edge|family=ny_open_gap_fade_signalmonth|direction=fade|entry=570|exit=615|min_gap_atr=0|signal_month=12,long,2022-12-02T14:30:00Z,68179,68181,2022-12-02T14:45:00Z,2022-12-02T15:15:00Z,102.78125,102.72265625,-15,-1.992927027275,7.52661778114,7.52661778114,0,sl,3,competition_session_edge_train_forward_2026,fixed,custom,custom,1,"[{""createdAt"":""2022-12-02T15:00:00Z"",""entryPrice"":102.78125,""id"":""1669991400:68179:edit_sl:1669993200:102.7109375000"",""previousPrice"":-3803.46875,""price"":102.7109375,""reason"":""Trail SL using the prior completed bar."",""stopLossPrice"":102.7109375,""takeProfitPrice"":4009.03125,""time"":""2022-12-02T15:00:00Z"",""type"":""edit_sl""},{""createdAt"":""2022-12-02T15:15:00Z"",""entryPrice"":102.78125,""id"":""1669991400:68179:edit_sl:1669994100:102.7226562500"",""previousPrice"":102.7109375,""price"":102.72265625,""reason"":""Trail SL using the prior completed bar."",""stopLossPrice"":102.72265625,""takeProfitPrice"":4009.03125,""time"":""2022-12-02T15:15:00Z"",""type"":""edit_sl""}]"
competition_us_treasury_2y_note_futures_ny_open_gap_fade_signalmonth_direction_fade_entryminute_570_ex_d2289e05,us_treasury_2y_note_futures,US Treasury 2Y Note Futures,futures,ZT,competition_session_edge,competition_session_edge|family=ny_open_gap_fade_signalmonth|direction=fade|entry=570|exit=615|min_gap_atr=0|signal_month=12,short,2022-12-06T14:30:00Z,68363,68365,2022-12-06T14:45:00Z,2022-12-06T15:15:00Z,102.6953125,102.67578125,5,0.802834071171,6.227936979193,6.227936979193,0,time_exit,3,competition_session_edge_train_forward_2026,fixed,custom,custom,1,"[{""createdAt"":""2022-12-06T15:00:00Z"",""entryPrice"":102.6953125,""id"":""1670337000:68363:edit_sl:1670338800:102.7031250000"",""previousPrice"":4008.9453125,""price"":102.703125,""reason"":""Trail SL using the prior completed bar."",""stopLossPrice"":102.703125,""takeProfitPrice"":-3803.5546875,""time"":""2022-12-06T15:00:00Z"",""type"":""edit_sl""},{""createdAt"":""2022-12-06T15:15:00Z"",""entryPrice"":102.6953125,""id"":""1670337000:68363:edit_sl:1670339700:102.6875000000"",""previousPrice"":102.703125,""price"":102.6875,""reason"":""Trail SL using the prior completed bar."",""stopLossPrice"":102.6875,""takeProfitPrice"":-3803.5546875,""time"":""2022-12-06T15:15:00Z"",""type"":""edit_sl""}]"
competition_us_treasury_2y_note_futures_ny_open_gap_fade_signalmonth_direction_fade_entryminute_570_ex_d2289e05,us_treasury_2y_note_futures,US Treasury 2Y Note Futures,futures,ZT,competition_session_edge,competition_session_edge|family=ny_open_gap_fade_signalmonth|direction=fade|entry=570|exit=615|min_gap_atr=0|signal_month=12,short,2022-12-07T14:30:00Z,68455,68456,2022-12-07T14:45:00Z,2022-12-07T15:00:00Z,102.875,102.88671875,-3,-0.508426896755,5.900553293197,5.900553293197,0,sl,2,competition_session_edge_train_forward_2026,fixed,custom,custom,1,"[{""createdAt"":""2022-12-07T15:00:00Z"",""entryPrice"":102.875,""id"":""1670423400:68455:edit_sl:1670425200:102.8867187500"",""previousPrice"":4009.125,""price"":102.88671875,""reason"":""Trail SL using the prior completed bar."",""stopLossPrice"":102.88671875,""takeProfitPrice"":-3803.375,""time"":""2022-12-07T15:00:00Z"",""type"":""edit_sl""}]"
competition_us_treasury_2y_note_futures_ny_open_gap_fade_signalmonth_direction_fade_entryminute_570_ex_d2289e05,us_treasury_2y_note_futures,US Treasury 2Y Note Futures,futures,ZT,competition_session_edge,competition_session_edge|family=ny_open_gap_fade_signalmonth|direction=fade|entry=570|exit=615|min_gap_atr=0|signal_month=12,long,2022-12-08T14:30:00Z,68547,68549,2022-12-08T14:45:00Z,2022-12-08T15:15:00Z,102.8203125,102.89453125,19,3.256549811014,5.83439563422,5.83439563422,0,time_exit,3,competition_session_edge_train_forward_2026,fixed,custom,custom,1,"[{""createdAt"":""2022-12-08T15:00:00Z"",""entryPrice"":102.8203125,""id"":""1670509800:68547:edit_sl:1670511600:102.7929687500"",""previousPrice"":-3803.4296875,""price"":102.79296875,""reason"":""Trail SL using the prior completed bar."",""stopLossPrice"":102.79296875,""takeProfitPrice"":4009.0703125,""time"":""2022-12-08T15:00:00Z"",""type"":""edit_sl""},{""createdAt"":""2022-12-08T15:15:00Z"",""entryPrice"":102.8203125,""id"":""1670509800:68547:edit_sl:1670512500:102.8281250000"",""previousPrice"":102.79296875,""price"":102.828125,""reason"":""Trail SL using the prior completed bar."",""stopLossPrice"":102.828125,""takeProfitPrice"":4009.0703125,""time"":""2022-12-08T15:15:00Z"",""type"":""edit_sl""}]"
competition_us_treasury_2y_note_futures_ny_open_gap_fade_signalmonth_direction_fade_entryminute_570_ex_d2289e05,us_treasury_2y_note_futures,US Treasury 2Y Note Futures,futures,ZT,competition_session_edge,competition_session_edge|family=ny_open_gap_fade_signalmonth|direction=fade|entry=570|exit=615|min_gap_atr=0|signal_month=12,short,2022-12-13T14:30:00Z,68823,68825,2022-12-13T14:45:00Z,2022-12-13T15:15:00Z,103.109375,103.06640625,11,2.10593621592,5.22333008799,5.22333008799,0,time_exit,3,competition_session_edge_train_forward_2026,fixed,custom,custom,1,"[{""createdAt"":""2022-12-13T15:00:00Z"",""entryPrice"":103.109375,""id"":""1670941800:68823:edit_sl:1670943600:103.1601562500"",""previousPrice"":4009.359375,""price"":103.16015625,""reason"":""Trail SL using the prior completed bar."",""stopLossPrice"":103.16015625,""takeProfitPrice"":-3803.140625,""time"":""2022-12-13T15:00:00Z"",""type"":""edit_sl""},{""createdAt"":""2022-12-13T15:15:00Z"",""entryPrice"":103.109375,""id"":""1670941800:68823:edit_sl:1670944500:103.1445312500"",""previousPrice"":103.16015625,""price"":103.14453125,""reason"":""Trail SL using the prior completed bar."",""stopLossPrice"":103.14453125,""takeProfitPrice"":-3803.140625,""time"":""2022-12-13T15:15:00Z"",""type"":""edit_sl""}]"
competition_us_treasury_2y_note_futures_ny_open_gap_fade_signalmonth_direction_fade_entryminute_570_ex_d2289e05,us_treasury_2y_note_futures,US Treasury 2Y Note Futures,futures,ZT,competition_session_edge,competition_session_edge|family=ny_open_gap_fade_signalmonth|direction=fade|entry=570|exit=615|min_gap_atr=0|signal_month=12,short,2022-12-14T14:30:00Z,68915,68916,2022-12-14T14:45:00Z,2022-12-14T15:00:00Z,103.10546875,103.140625,-9,-1.192327314804,7.548262870655,7.548262870655,0,sl,2,competition_session_edge_train_forward_2026,fixed,custom,custom,1,"[{""createdAt"":""2022-12-14T15:00:00Z"",""entryPrice"":103.10546875,""id"":""1671028200:68915:edit_sl:1671030000:103.1406250000"",""previousPrice"":4009.35546875,""price"":103.140625,""reason"":""Trail SL using the prior completed bar."",""stopLossPrice"":103.140625,""takeProfitPrice"":-3803.14453125,""time"":""2022-12-14T15:00:00Z"",""type"":""edit_sl""}]"
competition_us_treasury_2y_note_futures_ny_open_gap_fade_signalmonth_direction_fade_entryminute_570_ex_d2289e05,us_treasury_2y_note_futures,US Treasury 2Y Note Futures,futures,ZT,competition_session_edge,competition_session_edge|family=ny_open_gap_fade_signalmonth|direction=fade|entry=570|exit=615|min_gap_atr=0|signal_month=12,long,2022-12-15T14:30:00Z,69007,69008,2022-12-15T14:45:00Z,2022-12-15T15:00:00Z,103.01171875,102.98046875,-8,-0.568548571155,14.070917430575,14.070917430575,0,sl,2,competition_session_edge_train_forward_2026,fixed,custom,custom,1,"[{""createdAt"":""2022-12-15T15:00:00Z"",""entryPrice"":103.01171875,""id"":""1671114600:69007:edit_sl:1671116400:102.9804687500"",""previousPrice"":-3803.23828125,""price"":102.98046875,""reason"":""Trail SL using the prior completed bar."",""stopLossPrice"":102.98046875,""takeProfitPrice"":4009.26171875,""time"":""2022-12-15T15:00:00Z"",""type"":""edit_sl""}]"
competition_us_treasury_2y_note_futures_ny_open_gap_fade_signalmonth_direction_fade_entryminute_570_ex_d2289e05,us_treasury_2y_note_futures,US Treasury 2Y Note Futures,futures,ZT,competition_session_edge,competition_session_edge|family=ny_open_gap_fade_signalmonth|direction=fade|entry=570|exit=615|min_gap_atr=0|signal_month=12,long,2022-12-16T14:30:00Z,69099,69101,2022-12-16T14:45:00Z,2022-12-16T15:15:00Z,102.8984375,102.97265625,19,4.298616494521,4.420026774712,4.420026774712,0,time_exit,3,competition_session_edge_train_forward_2026,fixed,custom,custom,1,"[{""createdAt"":""2022-12-16T15:00:00Z"",""entryPrice"":102.8984375,""id"":""1671201000:69099:edit_sl:1671202800:102.8906250000"",""previousPrice"":-3803.3515625,""price"":102.890625,""reason"":""Trail SL using the prior completed bar."",""stopLossPrice"":102.890625,""takeProfitPrice"":4009.1484375,""time"":""2022-12-16T15:00:00Z"",""type"":""edit_sl""},{""createdAt"":""2022-12-16T15:15:00Z"",""entryPrice"":102.8984375,""id"":""1671201000:69099:edit_sl:1671203700:102.9375000000"",""previousPrice"":102.890625,""price"":102.9375,""reason"":""Trail SL using the prior completed bar."",""stopLossPrice"":102.9375,""takeProfitPrice"":4009.1484375,""time"":""2022-12-16T15:15:00Z"",""type"":""edit_sl""}]"
competition_us_treasury_2y_note_futures_ny_open_gap_fade_signalmonth_direction_fade_entryminute_570_ex_d2289e05,us_treasury_2y_note_futures,US Treasury 2Y Note Futures,futures,ZT,competition_session_edge,competition_session_edge|family=ny_open_gap_fade_signalmonth|direction=fade|entry=570|exit=615|min_gap_atr=0|signal_month=12,long,2022-12-20T14:30:00Z,69283,69285,2022-12-20T14:45:00Z,2022-12-20T15:15:00Z,102.84375,102.890625,12,3.302324998096,3.633803458751,3.633803458751,0,time_exit,3,competition_session_edge_train_forward_2026,fixed,custom,custom,1,"[{""createdAt"":""2022-12-20T15:00:00Z"",""entryPrice"":102.84375,""id"":""1671546600:69283:edit_sl:1671548400:102.8164062500"",""previousPrice"":-3803.40625,""price"":102.81640625,""reason"":""Trail SL using the prior completed bar."",""stopLossPrice"":102.81640625,""takeProfitPrice"":4009.09375,""time"":""2022-12-20T15:00:00Z"",""type"":""edit_sl""},{""createdAt"":""2022-12-20T15:15:00Z"",""entryPrice"":102.84375,""id"":""1671546600:69283:edit_sl:1671549300:102.8320312500"",""previousPrice"":102.81640625,""price"":102.83203125,""reason"":""Trail SL using the prior completed bar."",""stopLossPrice"":102.83203125,""takeProfitPrice"":4009.09375,""time"":""2022-12-20T15:15:00Z"",""type"":""edit_sl""}]"
competition_us_treasury_2y_note_futures_ny_open_gap_fade_signalmonth_direction_fade_entryminute_570_ex_d2289e05,us_treasury_2y_note_futures,US Treasury 2Y Note Futures,futures,ZT,competition_session_edge,competition_session_edge|family=ny_open_gap_fade_signalmonth|direction=fade|entry=570|exit=615|min_gap_atr=0|signal_month=12,short,2022-12-21T14:30:00Z,69375,69377,2022-12-21T14:45:00Z,2022-12-21T15:15:00Z,103.015625,103.015625,-0,-0,3.933844954541,3.933844954541,0,time_exit,3,competition_session_edge_train_forward_2026,fixed,custom,custom,1,"[{""createdAt"":""2022-12-21T15:00:00Z"",""entryPrice"":103.015625,""id"":""1671633000:69375:edit_sl:1671634800:103.0312500000"",""previousPrice"":4009.265625,""price"":103.03125,""reason"":""Trail SL using the prior completed bar."",""stopLossPrice"":103.03125,""takeProfitPrice"":-3803.234375,""time"":""2022-12-21T15:00:00Z"",""type"":""edit_sl""},{""createdAt"":""2022-12-21T15:15:00Z"",""entryPrice"":103.015625,""id"":""1671633000:69375:edit_sl:1671635700:103.0273437500"",""previousPrice"":103.03125,""price"":103.02734375,""reason"":""Trail SL using the prior completed bar."",""stopLossPrice"":103.02734375,""takeProfitPrice"":-3803.234375,""time"":""2022-12-21T15:15:00Z"",""type"":""edit_sl""}]"
competition_us_treasury_2y_note_futures_ny_open_gap_fade_signalmonth_direction_fade_entryminute_570_ex_d2289e05,us_treasury_2y_note_futures,US Treasury 2Y Note Futures,futures,ZT,competition_session_edge,competition_session_edge|family=ny_open_gap_fade_signalmonth|direction=fade|entry=570|exit=615|min_gap_atr=0|signal_month=12,long,2022-12-22T14:30:00Z,69467,69469,2022-12-22T14:45:00Z,2022-12-22T15:15:00Z,102.9296875,102.94140625,3,0.675725494411,4.439672655262,4.439672655262,0,time_exit,3,competition_session_edge_train_forward_2026,fixed,custom,custom,1,"[{""createdAt"":""2022-12-22T15:00:00Z"",""entryPrice"":102.9296875,""id"":""1671719400:69467:edit_sl:1671721200:102.9101562500"",""previousPrice"":-3803.3203125,""price"":102.91015625,""reason"":""Trail SL using the prior completed bar."",""stopLossPrice"":102.91015625,""takeProfitPrice"":4009.1796875,""time"":""2022-12-22T15:00:00Z"",""type"":""edit_sl""},{""createdAt"":""2022-12-22T15:15:00Z"",""entryPrice"":102.9296875,""id"":""1671719400:69467:edit_sl:1671722100:102.9179687500"",""previousPrice"":102.91015625,""price"":102.91796875,""reason"":""Trail SL using the prior completed bar."",""stopLossPrice"":102.91796875,""takeProfitPrice"":4009.1796875,""time"":""2022-12-22T15:15:00Z"",""type"":""edit_sl""}]"
competition_us_treasury_2y_note_futures_ny_open_gap_fade_signalmonth_direction_fade_entryminute_570_ex_d2289e05,us_treasury_2y_note_futures,US Treasury 2Y Note Futures,futures,ZT,competition_session_edge,competition_session_edge|family=ny_open_gap_fade_signalmonth|direction=fade|entry=570|exit=615|min_gap_atr=0|signal_month=12,long,2022-12-23T14:30:00Z,69559,69561,2022-12-23T14:45:00Z,2022-12-23T15:15:00Z,102.80859375,102.81640625,2,0.501214836459,3.990304864337,3.990304864337,0,time_exit,3,competition_session_edge_train_forward_2026,fixed,custom,custom,1,"[{""createdAt"":""2022-12-23T15:00:00Z"",""entryPrice"":102.80859375,""id"":""1671805800:69559:edit_sl:1671807600:102.7929687500"",""previousPrice"":-3803.44140625,""price"":102.79296875,""reason"":""Trail SL using the prior completed bar."",""stopLossPrice"":102.79296875,""takeProfitPrice"":4009.05859375,""time"":""2022-12-23T15:00:00Z"",""type"":""edit_sl""},{""createdAt"":""2022-12-23T15:15:00Z"",""entryPrice"":102.80859375,""id"":""1671805800:69559:edit_sl:1671808500:102.7968750000"",""previousPrice"":102.79296875,""price"":102.796875,""reason"":""Trail SL using the prior completed bar."",""stopLossPrice"":102.796875,""takeProfitPrice"":4009.05859375,""time"":""2022-12-23T15:15:00Z"",""type"":""edit_sl""}]"
competition_us_treasury_2y_note_futures_ny_open_gap_fade_signalmonth_direction_fade_entryminute_570_ex_d2289e05,us_treasury_2y_note_futures,US Treasury 2Y Note Futures,futures,ZT,competition_session_edge,competition_session_edge|family=ny_open_gap_fade_signalmonth|direction=fade|entry=570|exit=615|min_gap_atr=0|signal_month=12,short,2022-12-28T14:30:00Z,69742,69744,2022-12-28T14:45:00Z,2022-12-28T15:15:00Z,102.6796875,102.67578125,1,0.194944821669,5.129656645602,5.129656645602,0,time_exit,3,competition_session_edge_train_forward_2026,fixed,custom,custom,1,"[{""createdAt"":""2022-12-28T15:00:00Z"",""entryPrice"":102.6796875,""id"":""1672237800:69742:edit_sl:1672239600:102.7031250000"",""previousPrice"":4008.9296875,""price"":102.703125,""reason"":""Trail SL using the prior completed bar."",""stopLossPrice"":102.703125,""takeProfitPrice"":-3803.5703125,""time"":""2022-12-28T15:00:00Z"",""type"":""edit_sl""}]"
competition_us_treasury_2y_note_futures_ny_open_gap_fade_signalmonth_direction_fade_entryminute_570_ex_d2289e05,us_treasury_2y_note_futures,US Treasury 2Y Note Futures,futures,ZT,competition_session_edge,competition_session_edge|family=ny_open_gap_fade_signalmonth|direction=fade|entry=570|exit=615|min_gap_atr=0|signal_month=12,long,2022-12-29T14:30:00Z,69834,69835,2022-12-29T14:45:00Z,2022-12-29T15:00:00Z,102.63671875,102.62890625,-2,-0.518144273408,3.859928793276,3.859928793276,0,sl,2,competition_session_edge_train_forward_2026,fixed,custom,custom,1,"[{""createdAt"":""2022-12-29T15:00:00Z"",""entryPrice"":102.63671875,""id"":""1672324200:69834:edit_sl:1672326000:102.6289062500"",""previousPrice"":-3803.61328125,""price"":102.62890625,""reason"":""Trail SL using the prior completed bar."",""stopLossPrice"":102.62890625,""takeProfitPrice"":4008.88671875,""time"":""2022-12-29T15:00:00Z"",""type"":""edit_sl""}]"
competition_us_treasury_2y_note_futures_ny_open_gap_fade_signalmonth_direction_fade_entryminute_570_ex_d2289e05,us_treasury_2y_note_futures,US Treasury 2Y Note Futures,futures,ZT,competition_session_edge,competition_session_edge|family=ny_open_gap_fade_signalmonth|direction=fade|entry=570|exit=615|min_gap_atr=0|signal_month=12,long,2022-12-30T14:30:00Z,69926,69927,2022-12-30T14:45:00Z,2022-12-30T15:00:00Z,102.515625,102.48828125,-7,-1.710024950281,4.09350752388,4.09350752388,0,sl,2,competition_session_edge_train_forward_2026,fixed,custom,custom,1,"[{""createdAt"":""2022-12-30T15:00:00Z"",""entryPrice"":102.515625,""id"":""1672410600:69926:edit_sl:1672412400:102.4882812500"",""previousPrice"":-3803.734375,""price"":102.48828125,""reason"":""Trail SL using the prior completed bar."",""stopLossPrice"":102.48828125,""takeProfitPrice"":4008.765625,""time"":""2022-12-30T15:00:00Z"",""type"":""edit_sl""}]"
competition_us_treasury_2y_note_futures_ny_open_gap_fade_signalmonth_direction_fade_entryminute_570_ex_d2289e05,us_treasury_2y_note_futures,US Treasury 2Y Note Futures,futures,ZT,competition_session_edge,competition_session_edge|family=ny_open_gap_fade_signalmonth|direction=fade|entry=570|exit=615|min_gap_atr=0|signal_month=12,long,2023-12-01T14:30:00Z,91758,91760,2023-12-01T14:45:00Z,2023-12-01T15:15:00Z,102.26953125,102.390625,31,4.516030487392,6.864435500723,6.864435500723,0,time_exit,3,competition_session_edge_train_forward_2026,fixed,custom,custom,1,"[{""createdAt"":""2023-12-01T15:00:00Z"",""entryPrice"":102.26953125,""id"":""1701441000:91758:edit_sl:1701442800:102.2500000000"",""previousPrice"":-3803.98046875,""price"":102.25,""reason"":""Trail SL using the prior completed bar."",""stopLossPrice"":102.25,""takeProfitPrice"":4008.51953125,""time"":""2023-12-01T15:00:00Z"",""type"":""edit_sl""},{""createdAt"":""2023-12-01T15:15:00Z"",""entryPrice"":102.26953125,""id"":""1701441000:91758:edit_sl:1701443700:102.2656250000"",""previousPrice"":102.25,""price"":102.265625,""reason"":""Trail SL using the prior completed bar."",""stopLossPrice"":102.265625,""takeProfitPrice"":4008.51953125,""time"":""2023-12-01T15:15:00Z"",""type"":""edit_sl""}]"
competition_us_treasury_2y_note_futures_ny_open_gap_fade_signalmonth_direction_fade_entryminute_570_ex_d2289e05,us_treasury_2y_note_futures,US Treasury 2Y Note Futures,futures,ZT,competition_session_edge,competition_session_edge|family=ny_open_gap_fade_signalmonth|direction=fade|entry=570|exit=615|min_gap_atr=0|signal_month=12,short,2023-12-05T14:30:00Z,91942,91943,2023-12-05T14:45:00Z,2023-12-05T15:00:00Z,102.41015625,102.41796875,-2,-0.438593482861,4.560031277603,4.560031277603,0,sl,2,competition_session_edge_train_forward_2026,fixed,custom,custom,1,"[{""createdAt"":""2023-12-05T15:00:00Z"",""entryPrice"":102.41015625,""id"":""1701786600:91942:edit_sl:1701788400:102.4179687500"",""previousPrice"":4008.66015625,""price"":102.41796875,""reason"":""Trail SL using the prior completed bar."",""stopLossPrice"":102.41796875,""takeProfitPrice"":-3803.83984375,""time"":""2023-12-05T15:00:00Z"",""type"":""edit_sl""}]"
competition_us_treasury_2y_note_futures_ny_open_gap_fade_signalmonth_direction_fade_entryminute_570_ex_d2289e05,us_treasury_2y_note_futures,US Treasury 2Y Note Futures,futures,ZT,competition_session_edge,competition_session_edge|family=ny_open_gap_fade_signalmonth|direction=fade|entry=570|exit=615|min_gap_atr=0|signal_month=12,long,2023-12-06T14:30:00Z,92034,92035,2023-12-06T14:45:00Z,2023-12-06T15:00:00Z,102.4765625,102.44921875,-7,-1.147906731738,6.098056406902,6.098056406902,0,sl,2,competition_session_edge_train_forward_2026,fixed,custom,custom,1,"[{""createdAt"":""2023-12-06T15:00:00Z"",""entryPrice"":102.4765625,""id"":""1701873000:92034:edit_sl:1701874800:102.4492187500"",""previousPrice"":-3803.7734375,""price"":102.44921875,""reason"":""Trail SL using the prior completed bar."",""stopLossPrice"":102.44921875,""takeProfitPrice"":4008.7265625,""time"":""2023-12-06T15:00:00Z"",""type"":""edit_sl""}]"
competition_us_treasury_2y_note_futures_ny_open_gap_fade_signalmonth_direction_fade_entryminute_570_ex_d2289e05,us_treasury_2y_note_futures,US Treasury 2Y Note Futures,futures,ZT,competition_session_edge,competition_session_edge|family=ny_open_gap_fade_signalmonth|direction=fade|entry=570|exit=615|min_gap_atr=0|signal_month=12,short,2023-12-07T14:30:00Z,92126,92128,2023-12-07T14:45:00Z,2023-12-07T15:15:00Z,102.46875,102.46484375,1,0.223477489795,4.474723610497,4.474723610497,0,time_exit,3,competition_session_edge_train_forward_2026,fixed,custom,custom,1,"[{""createdAt"":""2023-12-07T15:00:00Z"",""entryPrice"":102.46875,""id"":""1701959400:92126:edit_sl:1701961200:102.4921875000"",""previousPrice"":4008.71875,""price"":102.4921875,""reason"":""Trail SL using the prior completed bar."",""stopLossPrice"":102.4921875,""takeProfitPrice"":-3803.78125,""time"":""2023-12-07T15:00:00Z"",""type"":""edit_sl""},{""createdAt"":""2023-12-07T15:15:00Z"",""entryPrice"":102.46875,""id"":""1701959400:92126:edit_sl:1701962100:102.4843750000"",""previousPrice"":102.4921875,""price"":102.484375,""reason"":""Trail SL using the prior completed bar."",""stopLossPrice"":102.484375,""takeProfitPrice"":-3803.78125,""time"":""2023-12-07T15:15:00Z"",""type"":""edit_sl""}]"
competition_us_treasury_2y_note_futures_ny_open_gap_fade_signalmonth_direction_fade_entryminute_570_ex_d2289e05,us_treasury_2y_note_futures,US Treasury 2Y Note Futures,futures,ZT,competition_session_edge,competition_session_edge|family=ny_open_gap_fade_signalmonth|direction=fade|entry=570|exit=615|min_gap_atr=0|signal_month=12,long,2023-12-08T14:30:00Z,92218,92220,2023-12-08T14:45:00Z,2023-12-08T15:15:00Z,102.25,102.25,0,0,5.086832051711,5.086832051711,0,time_exit,3,competition_session_edge_train_forward_2026,fixed,custom,custom,1,"[{""createdAt"":""2023-12-08T15:00:00Z"",""entryPrice"":102.25,""id"":""1702045800:92218:edit_sl:1702047600:102.2187500000"",""previousPrice"":-3804.0,""price"":102.21875,""reason"":""Trail SL using the prior completed bar."",""stopLossPrice"":102.21875,""takeProfitPrice"":4008.5,""time"":""2023-12-08T15:00:00Z"",""type"":""edit_sl""},{""createdAt"":""2023-12-08T15:15:00Z"",""entryPrice"":102.25,""id"":""1702045800:92218:edit_sl:1702048500:102.2265625000"",""previousPrice"":102.21875,""price"":102.2265625,""reason"":""Trail SL using the prior completed bar."",""stopLossPrice"":102.2265625,""takeProfitPrice"":4008.5,""time"":""2023-12-08T15:15:00Z"",""type"":""edit_sl""}]"
competition_us_treasury_2y_note_futures_ny_open_gap_fade_signalmonth_direction_fade_entryminute_570_ex_d2289e05,us_treasury_2y_note_futures,US Treasury 2Y Note Futures,futures,ZT,competition_session_edge,competition_session_edge|family=ny_open_gap_fade_signalmonth|direction=fade|entry=570|exit=615|min_gap_atr=0|signal_month=12,long,2023-12-12T14:30:00Z,92402,92404,2023-12-12T14:45:00Z,2023-12-12T15:15:00Z,102.14453125,102.16796875,6,1.381779927489,4.342225473564,4.342225473564,0,time_exit,3,competition_session_edge_train_forward_2026,fixed,custom,custom,1,"[{""createdAt"":""2023-12-12T15:00:00Z"",""entryPrice"":102.14453125,""id"":""1702391400:92402:edit_sl:1702393200:102.1328125000"",""previousPrice"":-3804.10546875,""price"":102.1328125,""reason"":""Trail SL using the prior completed bar."",""stopLossPrice"":102.1328125,""takeProfitPrice"":4008.39453125,""time"":""2023-12-12T15:00:00Z"",""type"":""edit_sl""},{""createdAt"":""2023-12-12T15:15:00Z"",""entryPrice"":102.14453125,""id"":""1702391400:92402:edit_sl:1702394100:102.1406250000"",""previousPrice"":102.1328125,""price"":102.140625,""reason"":""Trail SL using the prior completed bar."",""stopLossPrice"":102.140625,""takeProfitPrice"":4008.39453125,""time"":""2023-12-12T15:15:00Z"",""type"":""edit_sl""}]"
competition_us_treasury_2y_note_futures_ny_open_gap_fade_signalmonth_direction_fade_entryminute_570_ex_d2289e05,us_treasury_2y_note_futures,US Treasury 2Y Note Futures,futures,ZT,competition_session_edge,competition_session_edge|family=ny_open_gap_fade_signalmonth|direction=fade|entry=570|exit=615|min_gap_atr=0|signal_month=12,short,2023-12-13T14:30:00Z,92494,92496,2023-12-13T14:45:00Z,2023-12-13T15:15:00Z,102.22265625,102.22265625,-0,-0,4.693320926315,4.693320926315,0,time_exit,3,competition_session_edge_train_forward_2026,fixed,custom,custom,1,"[{""createdAt"":""2023-12-13T15:00:00Z"",""entryPrice"":102.22265625,""id"":""1702477800:92494:edit_sl:1702479600:102.2421875000"",""previousPrice"":4008.47265625,""price"":102.2421875,""reason"":""Trail SL using the prior completed bar."",""stopLossPrice"":102.2421875,""takeProfitPrice"":-3804.02734375,""time"":""2023-12-13T15:00:00Z"",""type"":""edit_sl""},{""createdAt"":""2023-12-13T15:15:00Z"",""entryPrice"":102.22265625,""id"":""1702477800:92494:edit_sl:1702480500:102.2382812500"",""previousPrice"":102.2421875,""price"":102.23828125,""reason"":""Trail SL using the prior completed bar."",""stopLossPrice"":102.23828125,""takeProfitPrice"":-3804.02734375,""time"":""2023-12-13T15:15:00Z"",""type"":""edit_sl""}]"
competition_us_treasury_2y_note_futures_ny_open_gap_fade_signalmonth_direction_fade_entryminute_570_ex_d2289e05,us_treasury_2y_note_futures,US Treasury 2Y Note Futures,futures,ZT,competition_session_edge,competition_session_edge|family=ny_open_gap_fade_signalmonth|direction=fade|entry=570|exit=615|min_gap_atr=0|signal_month=12,short,2023-12-14T14:30:00Z,92586,92587,2023-12-14T14:45:00Z,2023-12-14T15:00:00Z,102.8671875,102.890625,-6,-0.441387116384,13.593509591192,13.593509591192,0,sl,2,competition_session_edge_train_forward_2026,fixed,custom,custom,1,"[{""createdAt"":""2023-12-14T15:00:00Z"",""entryPrice"":102.8671875,""id"":""1702564200:92586:edit_sl:1702566000:102.8906250000"",""previousPrice"":4009.1171875,""price"":102.890625,""reason"":""Trail SL using the prior completed bar."",""stopLossPrice"":102.890625,""takeProfitPrice"":-3803.3828125,""time"":""2023-12-14T15:00:00Z"",""type"":""edit_sl""}]"
competition_us_treasury_2y_note_futures_ny_open_gap_fade_signalmonth_direction_fade_entryminute_570_ex_d2289e05,us_treasury_2y_note_futures,US Treasury 2Y Note Futures,futures,ZT,competition_session_edge,competition_session_edge|family=ny_open_gap_fade_signalmonth|direction=fade|entry=570|exit=615|min_gap_atr=0|signal_month=12,long,2023-12-15T14:30:00Z,92678,92680,2023-12-15T14:45:00Z,2023-12-15T15:15:00Z,102.74609375,102.76953125,6,0.767976320827,7.812740884428,7.812740884428,0,time_exit,3,competition_session_edge_train_forward_2026,fixed,custom,custom,1,"[{""createdAt"":""2023-12-15T15:00:00Z"",""entryPrice"":102.74609375,""id"":""1702650600:92678:edit_sl:1702652400:102.7148437500"",""previousPrice"":-3803.50390625,""price"":102.71484375,""reason"":""Trail SL using the prior completed bar."",""stopLossPrice"":102.71484375,""takeProfitPrice"":4008.99609375,""time"":""2023-12-15T15:00:00Z"",""type"":""edit_sl""},{""createdAt"":""2023-12-15T15:15:00Z"",""entryPrice"":102.74609375,""id"":""1702650600:92678:edit_sl:1702653300:102.7421875000"",""previousPrice"":102.71484375,""price"":102.7421875,""reason"":""Trail SL using the prior completed bar."",""stopLossPrice"":102.7421875,""takeProfitPrice"":4008.99609375,""time"":""2023-12-15T15:15:00Z"",""type"":""edit_sl""}]"
competition_us_treasury_2y_note_futures_ny_open_gap_fade_signalmonth_direction_fade_entryminute_570_ex_d2289e05,us_treasury_2y_note_futures,US Treasury 2Y Note Futures,futures,ZT,competition_session_edge,competition_session_edge|family=ny_open_gap_fade_signalmonth|direction=fade|entry=570|exit=615|min_gap_atr=0|signal_month=12,short,2023-12-20T14:30:00Z,92954,92956,2023-12-20T14:45:00Z,2023-12-20T15:15:00Z,102.82421875,102.78515625,10,2.817759516779,3.548918898314,3.548918898314,0,time_exit,3,competition_session_edge_train_forward_2026,fixed,custom,custom,1,"[{""createdAt"":""2023-12-20T15:00:00Z"",""entryPrice"":102.82421875,""id"":""1703082600:92954:edit_sl:1703084400:102.8398437500"",""previousPrice"":4009.07421875,""price"":102.83984375,""reason"":""Trail SL using the prior completed bar."",""stopLossPrice"":102.83984375,""takeProfitPrice"":-3803.42578125,""time"":""2023-12-20T15:00:00Z"",""type"":""edit_sl""},{""createdAt"":""2023-12-20T15:15:00Z"",""entryPrice"":102.82421875,""id"":""1703082600:92954:edit_sl:1703085300:102.8359375000"",""previousPrice"":102.83984375,""price"":102.8359375,""reason"":""Trail SL using the prior completed bar."",""stopLossPrice"":102.8359375,""takeProfitPrice"":-3803.42578125,""time"":""2023-12-20T15:15:00Z"",""type"":""edit_sl""}]"
competition_us_treasury_2y_note_futures_ny_open_gap_fade_signalmonth_direction_fade_entryminute_570_ex_d2289e05,us_treasury_2y_note_futures,US Treasury 2Y Note Futures,futures,ZT,competition_session_edge,competition_session_edge|family=ny_open_gap_fade_signalmonth|direction=fade|entry=570|exit=615|min_gap_atr=0|signal_month=12,short,2023-12-21T14:30:00Z,93046,93048,2023-12-21T14:45:00Z,2023-12-21T15:15:00Z,102.96875,102.8984375,18,3.49002212059,5.157560433157,5.157560433157,0,time_exit,3,competition_session_edge_train_forward_2026,fixed,custom,custom,1,"[{""createdAt"":""2023-12-21T15:00:00Z"",""entryPrice"":102.96875,""id"":""1703169000:93046:edit_sl:1703170800:102.9804687500"",""previousPrice"":4009.21875,""price"":102.98046875,""reason"":""Trail SL using the prior completed bar."",""stopLossPrice"":102.98046875,""takeProfitPrice"":-3803.28125,""time"":""2023-12-21T15:00:00Z"",""type"":""edit_sl""},{""createdAt"":""2023-12-21T15:15:00Z"",""entryPrice"":102.96875,""id"":""1703169000:93046:edit_sl:1703171700:102.9453125000"",""previousPrice"":102.98046875,""price"":102.9453125,""reason"":""Trail SL using the prior completed bar."",""stopLossPrice"":102.9453125,""takeProfitPrice"":-3803.28125,""time"":""2023-12-21T15:15:00Z"",""type"":""edit_sl""}]"
competition_us_treasury_2y_note_futures_ny_open_gap_fade_signalmonth_direction_fade_entryminute_570_ex_d2289e05,us_treasury_2y_note_futures,US Treasury 2Y Note Futures,futures,ZT,competition_session_edge,competition_session_edge|family=ny_open_gap_fade_signalmonth|direction=fade|entry=570|exit=615|min_gap_atr=0|signal_month=12,short,2023-12-22T14:30:00Z,93138,93140,2023-12-22T14:45:00Z,2023-12-22T15:15:00Z,102.91796875,102.91796875,-0,-0,4.624822693451,4.624822693451,0,time_exit,3,competition_session_edge_train_forward_2026,fixed,custom,custom,1,"[{""createdAt"":""2023-12-22T15:00:00Z"",""entryPrice"":102.91796875,""id"":""1703255400:93138:edit_sl:1703257200:102.9531250000"",""previousPrice"":4009.16796875,""price"":102.953125,""reason"":""Trail SL using the prior completed bar."",""stopLossPrice"":102.953125,""takeProfitPrice"":-3803.33203125,""time"":""2023-12-22T15:00:00Z"",""type"":""edit_sl""}]"
competition_us_treasury_2y_note_futures_ny_open_gap_fade_signalmonth_direction_fade_entryminute_570_ex_d2289e05,us_treasury_2y_note_futures,US Treasury 2Y Note Futures,futures,ZT,competition_session_edge,competition_session_edge|family=ny_open_gap_fade_signalmonth|direction=fade|entry=570|exit=615|min_gap_atr=0|signal_month=12,short,2023-12-27T14:30:00Z,93322,93323,2023-12-27T14:45:00Z,2023-12-27T15:00:00Z,102.890625,102.91015625,-5,-1.23874957908,4.036328314002,4.036328314002,0,sl,2,competition_session_edge_train_forward_2026,fixed,custom,custom,1,"[{""createdAt"":""2023-12-27T15:00:00Z"",""entryPrice"":102.890625,""id"":""1703687400:93322:edit_sl:1703689200:102.9101562500"",""previousPrice"":4009.140625,""price"":102.91015625,""reason"":""Trail SL using the prior completed bar."",""stopLossPrice"":102.91015625,""takeProfitPrice"":-3803.359375,""time"":""2023-12-27T15:00:00Z"",""type"":""edit_sl""}]"
competition_us_treasury_2y_note_futures_ny_open_gap_fade_signalmonth_direction_fade_entryminute_570_ex_d2289e05,us_treasury_2y_note_futures,US Treasury 2Y Note Futures,futures,ZT,competition_session_edge,competition_session_edge|family=ny_open_gap_fade_signalmonth|direction=fade|entry=570|exit=615|min_gap_atr=0|signal_month=12,long,2023-12-28T14:30:00Z,93414,93416,2023-12-28T14:45:00Z,2023-12-28T15:15:00Z,102.91796875,102.9375,5,1.243833861996,4.019829458555,4.019829458555,0,time_exit,3,competition_session_edge_train_forward_2026,fixed,custom,custom,1,"[{""createdAt"":""2023-12-28T15:00:00Z"",""entryPrice"":102.91796875,""id"":""1703773800:93414:edit_sl:1703775600:102.8984375000"",""previousPrice"":-3803.33203125,""price"":102.8984375,""reason"":""Trail SL using the prior completed bar."",""stopLossPrice"":102.8984375,""takeProfitPrice"":4009.16796875,""time"":""2023-12-28T15:00:00Z"",""type"":""edit_sl""},{""createdAt"":""2023-12-28T15:15:00Z"",""entryPrice"":102.91796875,""id"":""1703773800:93414:edit_sl:1703776500:102.9062500000"",""previousPrice"":102.8984375,""price"":102.90625,""reason"":""Trail SL using the prior completed bar."",""stopLossPrice"":102.90625,""takeProfitPrice"":4009.16796875,""time"":""2023-12-28T15:15:00Z"",""type"":""edit_sl""}]"
competition_us_treasury_2y_note_futures_ny_open_gap_fade_signalmonth_direction_fade_entryminute_570_ex_d2289e05,us_treasury_2y_note_futures,US Treasury 2Y Note Futures,futures,ZT,competition_session_edge,competition_session_edge|family=ny_open_gap_fade_signalmonth|direction=fade|entry=570|exit=615|min_gap_atr=0|signal_month=12,long,2023-12-29T14:30:00Z,93506,93508,2023-12-29T14:45:00Z,2023-12-29T15:15:00Z,102.875,102.89453125,5,1.426255168675,3.505684052766,3.505684052766,0,time_exit,3,competition_session_edge_train_forward_2026,fixed,custom,custom,1,"[{""createdAt"":""2023-12-29T15:00:00Z"",""entryPrice"":102.875,""id"":""1703860200:93506:edit_sl:1703862000:102.8671875000"",""previousPrice"":-3803.375,""price"":102.8671875,""reason"":""Trail SL using the prior completed bar."",""stopLossPrice"":102.8671875,""takeProfitPrice"":4009.125,""time"":""2023-12-29T15:00:00Z"",""type"":""edit_sl""}]"
competition_us_treasury_2y_note_futures_ny_open_gap_fade_signalmonth_direction_fade_entryminute_570_ex_d2289e05,us_treasury_2y_note_futures,US Treasury 2Y Note Futures,futures,ZT,competition_session_edge,competition_session_edge|family=ny_open_gap_fade_signalmonth|direction=fade|entry=570|exit=615|min_gap_atr=0|signal_month=12,short,2024-12-03T14:30:00Z,115445,115447,2024-12-03T14:45:00Z,2024-12-03T15:15:00Z,103.08984375,103.07421875,4,0.763693801232,5.237701279688,5.237701279688,0,time_exit,3,competition_session_edge_train_forward_2026,fixed,custom,custom,1,"[{""createdAt"":""2024-12-03T15:00:00Z"",""entryPrice"":103.08984375,""id"":""1733236200:115445:edit_sl:1733238000:103.1093750000"",""previousPrice"":4009.33984375,""price"":103.109375,""reason"":""Trail SL using the prior completed bar."",""stopLossPrice"":103.109375,""takeProfitPrice"":-3803.16015625,""time"":""2024-12-03T15:00:00Z"",""type"":""edit_sl""}]"
competition_us_treasury_2y_note_futures_ny_open_gap_fade_signalmonth_direction_fade_entryminute_570_ex_d2289e05,us_treasury_2y_note_futures,US Treasury 2Y Note Futures,futures,ZT,competition_session_edge,competition_session_edge|family=ny_open_gap_fade_signalmonth|direction=fade|entry=570|exit=615|min_gap_atr=0|signal_month=12,long,2024-12-04T14:30:00Z,115537,115539,2024-12-04T14:45:00Z,2024-12-04T15:15:00Z,103.01171875,103.08203125,18,4.243577522024,4.241704059035,4.241704059035,0,time_exit,3,competition_session_edge_train_forward_2026,fixed,custom,custom,1,"[{""createdAt"":""2024-12-04T15:00:00Z"",""entryPrice"":103.01171875,""id"":""1733322600:115537:edit_sl:1733324400:103.0039062500"",""previousPrice"":-3803.23828125,""price"":103.00390625,""reason"":""Trail SL using the prior completed bar."",""stopLossPrice"":103.00390625,""takeProfitPrice"":4009.26171875,""time"":""2024-12-04T15:00:00Z"",""type"":""edit_sl""},{""createdAt"":""2024-12-04T15:15:00Z"",""entryPrice"":103.01171875,""id"":""1733322600:115537:edit_sl:1733325300:103.0117187500"",""label"":""Break Even"",""previousPrice"":103.00390625,""price"":103.01171875,""reason"":""Move SL to Break Even after price moved at least 1R in favor."",""stopLossPrice"":103.01171875,""takeProfitPrice"":4009.26171875,""time"":""2024-12-04T15:15:00Z"",""type"":""edit_sl""}]"
competition_us_treasury_2y_note_futures_ny_open_gap_fade_signalmonth_direction_fade_entryminute_570_ex_d2289e05,us_treasury_2y_note_futures,US Treasury 2Y Note Futures,futures,ZT,competition_session_edge,competition_session_edge|family=ny_open_gap_fade_signalmonth|direction=fade|entry=570|exit=615|min_gap_atr=0|signal_month=12,long,2024-12-05T14:30:00Z,115629,115631,2024-12-05T14:45:00Z,2024-12-05T15:15:00Z,103.0703125,103.05078125,-5,-0.995220832795,5.024010586635,5.024010586635,0,sl,3,competition_session_edge_train_forward_2026,fixed,custom,custom,1,"[{""createdAt"":""2024-12-05T15:00:00Z"",""entryPrice"":103.0703125,""id"":""1733409000:115629:edit_sl:1733410800:103.0507812500"",""previousPrice"":-3803.1796875,""price"":103.05078125,""reason"":""Trail SL using the prior completed bar."",""stopLossPrice"":103.05078125,""takeProfitPrice"":4009.3203125,""time"":""2024-12-05T15:00:00Z"",""type"":""edit_sl""}]"
competition_us_treasury_2y_note_futures_ny_open_gap_fade_signalmonth_direction_fade_entryminute_570_ex_d2289e05,us_treasury_2y_note_futures,US Treasury 2Y Note Futures,futures,ZT,competition_session_edge,competition_session_edge|family=ny_open_gap_fade_signalmonth|direction=fade|entry=570|exit=615|min_gap_atr=0|signal_month=12,short,2024-12-06T14:30:00Z,115721,115723,2024-12-06T14:45:00Z,2024-12-06T15:15:00Z,103.2109375,103.21484375,-1,-0.267468240551,3.738761648642,3.738761648642,0,time_exit,3,competition_session_edge_train_forward_2026,fixed,custom,custom,1,"[{""createdAt"":""2024-12-06T15:00:00Z"",""entryPrice"":103.2109375,""id"":""1733495400:115721:edit_sl:1733497200:103.2460937500"",""previousPrice"":4009.4609375,""price"":103.24609375,""reason"":""Trail SL using the prior completed bar."",""stopLossPrice"":103.24609375,""takeProfitPrice"":-3803.0390625,""time"":""2024-12-06T15:00:00Z"",""type"":""edit_sl""},{""createdAt"":""2024-12-06T15:15:00Z"",""entryPrice"":103.2109375,""id"":""1733495400:115721:edit_sl:1733498100:103.2382812500"",""previousPrice"":103.24609375,""price"":103.23828125,""reason"":""Trail SL using the prior completed bar."",""stopLossPrice"":103.23828125,""takeProfitPrice"":-3803.0390625,""time"":""2024-12-06T15:15:00Z"",""type"":""edit_sl""}]"
competition_us_treasury_2y_note_futures_ny_open_gap_fade_signalmonth_direction_fade_entryminute_570_ex_d2289e05,us_treasury_2y_note_futures,US Treasury 2Y Note Futures,futures,ZT,competition_session_edge,competition_session_edge|family=ny_open_gap_fade_signalmonth|direction=fade|entry=570|exit=615|min_gap_atr=0|signal_month=12,long,2024-12-10T14:30:00Z,115905,115906,2024-12-10T14:45:00Z,2024-12-10T15:00:00Z,103.109375,103.09375,-4,-1.311010299911,3.051082055016,3.051082055016,0,sl,2,competition_session_edge_train_forward_2026,fixed,custom,custom,1,"[{""createdAt"":""2024-12-10T15:00:00Z"",""entryPrice"":103.109375,""id"":""1733841000:115905:edit_sl:1733842800:103.0937500000"",""previousPrice"":-3803.140625,""price"":103.09375,""reason"":""Trail SL using the prior completed bar."",""stopLossPrice"":103.09375,""takeProfitPrice"":4009.359375,""time"":""2024-12-10T15:00:00Z"",""type"":""edit_sl""}]"
competition_us_treasury_2y_note_futures_ny_open_gap_fade_signalmonth_direction_fade_entryminute_570_ex_d2289e05,us_treasury_2y_note_futures,US Treasury 2Y Note Futures,futures,ZT,competition_session_edge,competition_session_edge|family=ny_open_gap_fade_signalmonth|direction=fade|entry=570|exit=615|min_gap_atr=0|signal_month=12,short,2024-12-11T14:30:00Z,115997,115999,2024-12-11T14:45:00Z,2024-12-11T15:15:00Z,103.16796875,103.12109375,12,3.399124524618,3.530320796749,3.530320796749,0,time_exit,3,competition_session_edge_train_forward_2026,fixed,custom,custom,1,"[{""createdAt"":""2024-12-11T15:00:00Z"",""entryPrice"":103.16796875,""id"":""1733927400:115997:edit_sl:1733929200:103.1835937500"",""previousPrice"":4009.41796875,""price"":103.18359375,""reason"":""Trail SL using the prior completed bar."",""stopLossPrice"":103.18359375,""takeProfitPrice"":-3803.08203125,""time"":""2024-12-11T15:00:00Z"",""type"":""edit_sl""},{""createdAt"":""2024-12-11T15:15:00Z"",""entryPrice"":103.16796875,""id"":""1733927400:115997:edit_sl:1733930100:103.1679687500"",""label"":""Break Even"",""previousPrice"":103.18359375,""price"":103.16796875,""reason"":""Move SL to Break Even after price moved at least 1R in favor."",""stopLossPrice"":103.16796875,""takeProfitPrice"":-3803.08203125,""time"":""2024-12-11T15:15:00Z"",""type"":""edit_sl""}]"
competition_us_treasury_2y_note_futures_ny_open_gap_fade_signalmonth_direction_fade_entryminute_570_ex_d2289e05,us_treasury_2y_note_futures,US Treasury 2Y Note Futures,futures,ZT,competition_session_edge,competition_session_edge|family=ny_open_gap_fade_signalmonth|direction=fade|entry=570|exit=615|min_gap_atr=0|signal_month=12,long,2024-12-12T14:30:00Z,116089,116091,2024-12-12T14:45:00Z,2024-12-12T15:15:00Z,103.04296875,103.03515625,-2,-0.472091498209,4.236466887431,4.236466887431,0,time_exit,3,competition_session_edge_train_forward_2026,fixed,custom,custom,1,"[{""createdAt"":""2024-12-12T15:00:00Z"",""entryPrice"":103.04296875,""id"":""1734013800:116089:edit_sl:1734015600:103.0195312500"",""previousPrice"":-3803.20703125,""price"":103.01953125,""reason"":""Trail SL using the prior completed bar."",""stopLossPrice"":103.01953125,""takeProfitPrice"":4009.29296875,""time"":""2024-12-12T15:00:00Z"",""type"":""edit_sl""}]"
competition_us_treasury_2y_note_futures_ny_open_gap_fade_signalmonth_direction_fade_entryminute_570_ex_d2289e05,us_treasury_2y_note_futures,US Treasury 2Y Note Futures,futures,ZT,competition_session_edge,competition_session_edge|family=ny_open_gap_fade_signalmonth|direction=fade|entry=570|exit=615|min_gap_atr=0|signal_month=12,long,2024-12-13T14:30:00Z,116181,116183,2024-12-13T14:45:00Z,2024-12-13T15:15:00Z,102.921875,102.9140625,-2,-0.504295899824,3.965925562148,3.965925562148,0,sl,3,competition_session_edge_train_forward_2026,fixed,custom,custom,1,"[{""createdAt"":""2024-12-13T15:00:00Z"",""entryPrice"":102.921875,""id"":""1734100200:116181:edit_sl:1734102000:102.9101562500"",""previousPrice"":-3803.328125,""price"":102.91015625,""reason"":""Trail SL using the prior completed bar."",""stopLossPrice"":102.91015625,""takeProfitPrice"":4009.171875,""time"":""2024-12-13T15:00:00Z"",""type"":""edit_sl""},{""createdAt"":""2024-12-13T15:15:00Z"",""entryPrice"":102.921875,""id"":""1734100200:116181:edit_sl:1734102900:102.9140625000"",""previousPrice"":102.91015625,""price"":102.9140625,""reason"":""Trail SL using the prior completed bar."",""stopLossPrice"":102.9140625,""takeProfitPrice"":4009.171875,""time"":""2024-12-13T15:15:00Z"",""type"":""edit_sl""}]"
competition_us_treasury_2y_note_futures_ny_open_gap_fade_signalmonth_direction_fade_entryminute_570_ex_d2289e05,us_treasury_2y_note_futures,US Treasury 2Y Note Futures,futures,ZT,competition_session_edge,competition_session_edge|family=ny_open_gap_fade_signalmonth|direction=fade|entry=570|exit=615|min_gap_atr=0|signal_month=12,long,2024-12-17T14:30:00Z,116365,116367,2024-12-17T14:45:00Z,2024-12-17T15:15:00Z,102.84375,102.87109375,7,2.313780056123,3.025352380178,3.025352380178,0,time_exit,3,competition_session_edge_train_forward_2026,fixed,custom,custom,1,"[{""createdAt"":""2024-12-17T15:00:00Z"",""entryPrice"":102.84375,""id"":""1734445800:116365:edit_sl:1734447600:102.8320312500"",""previousPrice"":-3803.40625,""price"":102.83203125,""reason"":""Trail SL using the prior completed bar."",""stopLossPrice"":102.83203125,""takeProfitPrice"":4009.09375,""time"":""2024-12-17T15:00:00Z"",""type"":""edit_sl""},{""createdAt"":""2024-12-17T15:15:00Z"",""entryPrice"":102.84375,""id"":""1734445800:116365:edit_sl:1734448500:102.8476562500"",""previousPrice"":102.83203125,""price"":102.84765625,""reason"":""Trail SL using the prior completed bar."",""stopLossPrice"":102.84765625,""takeProfitPrice"":4009.09375,""time"":""2024-12-17T15:15:00Z"",""type"":""edit_sl""}]"
competition_us_treasury_2y_note_futures_ny_open_gap_fade_signalmonth_direction_fade_entryminute_570_ex_d2289e05,us_treasury_2y_note_futures,US Treasury 2Y Note Futures,futures,ZT,competition_session_edge,competition_session_edge|family=ny_open_gap_fade_signalmonth|direction=fade|entry=570|exit=615|min_gap_atr=0|signal_month=12,short,2024-12-18T14:30:00Z,116457,116459,2024-12-18T14:45:00Z,2024-12-18T15:15:00Z,102.9296875,102.890625,10,2.915850157386,3.429531512334,3.429531512334,0,time_exit,3,competition_session_edge_train_forward_2026,fixed,custom,custom,1,"[{""createdAt"":""2024-12-18T15:00:00Z"",""entryPrice"":102.9296875,""id"":""1734532200:116457:edit_sl:1734534000:102.9375000000"",""previousPrice"":4009.1796875,""price"":102.9375,""reason"":""Trail SL using the prior completed bar."",""stopLossPrice"":102.9375,""takeProfitPrice"":-3803.3203125,""time"":""2024-12-18T15:00:00Z"",""type"":""edit_sl""},{""createdAt"":""2024-12-18T15:15:00Z"",""entryPrice"":102.9296875,""id"":""1734532200:116457:edit_sl:1734534900:102.9335937500"",""previousPrice"":102.9375,""price"":102.93359375,""reason"":""Trail SL using the prior completed bar."",""stopLossPrice"":102.93359375,""takeProfitPrice"":-3803.3203125,""time"":""2024-12-18T15:15:00Z"",""type"":""edit_sl""}]"
competition_us_treasury_2y_note_futures_ny_open_gap_fade_signalmonth_direction_fade_entryminute_570_ex_d2289e05,us_treasury_2y_note_futures,US Treasury 2Y Note Futures,futures,ZT,competition_session_edge,competition_session_edge|family=ny_open_gap_fade_signalmonth|direction=fade|entry=570|exit=615|min_gap_atr=0|signal_month=12,short,2024-12-19T14:30:00Z,116549,116550,2024-12-19T14:45:00Z,2024-12-19T15:00:00Z,102.6875,102.70703125,-5,-0.512814242921,9.750119207914,9.750119207914,0,sl,2,competition_session_edge_train_forward_2026,fixed,custom,custom,1,"[{""createdAt"":""2024-12-19T15:00:00Z"",""entryPrice"":102.6875,""id"":""1734618600:116549:edit_sl:1734620400:102.7070312500"",""previousPrice"":4008.9375,""price"":102.70703125,""reason"":""Trail SL using the prior completed bar."",""stopLossPrice"":102.70703125,""takeProfitPrice"":-3803.5625,""time"":""2024-12-19T15:00:00Z"",""type"":""edit_sl""}]"
competition_us_treasury_2y_note_futures_ny_open_gap_fade_signalmonth_direction_fade_entryminute_570_ex_d2289e05,us_treasury_2y_note_futures,US Treasury 2Y Note Futures,futures,ZT,competition_session_edge,competition_session_edge|family=ny_open_gap_fade_signalmonth|direction=fade|entry=570|exit=615|min_gap_atr=0|signal_month=12,short,2024-12-20T14:30:00Z,116641,116643,2024-12-20T14:45:00Z,2024-12-20T15:15:00Z,102.7734375,102.74609375,7,1.458921724053,4.798064135034,4.798064135034,0,time_exit,3,competition_session_edge_train_forward_2026,fixed,custom,custom,1,"[{""createdAt"":""2024-12-20T15:00:00Z"",""entryPrice"":102.7734375,""id"":""1734705000:116641:edit_sl:1734706800:102.7929687500"",""previousPrice"":4009.0234375,""price"":102.79296875,""reason"":""Trail SL using the prior completed bar."",""stopLossPrice"":102.79296875,""takeProfitPrice"":-3803.4765625,""time"":""2024-12-20T15:00:00Z"",""type"":""edit_sl""},{""createdAt"":""2024-12-20T15:15:00Z"",""entryPrice"":102.7734375,""id"":""1734705000:116641:edit_sl:1734707700:102.7890625000"",""previousPrice"":102.79296875,""price"":102.7890625,""reason"":""Trail SL using the prior completed bar."",""stopLossPrice"":102.7890625,""takeProfitPrice"":-3803.4765625,""time"":""2024-12-20T15:15:00Z"",""type"":""edit_sl""}]"
competition_us_treasury_2y_note_futures_ny_open_gap_fade_signalmonth_direction_fade_entryminute_570_ex_d2289e05,us_treasury_2y_note_futures,US Treasury 2Y Note Futures,futures,ZT,competition_session_edge,competition_session_edge|family=ny_open_gap_fade_signalmonth|direction=fade|entry=570|exit=615|min_gap_atr=0|signal_month=12,long,2024-12-24T14:30:00Z,116824,116826,2024-12-24T14:45:00Z,2024-12-24T15:15:00Z,102.62890625,102.6171875,-3,-0.925378560072,3.24191647553,3.24191647553,0,sl,3,competition_session_edge_train_forward_2026,fixed,custom,custom,1,"[{""createdAt"":""2024-12-24T15:00:00Z"",""entryPrice"":102.62890625,""id"":""1735050600:116824:edit_sl:1735052400:102.6171875000"",""previousPrice"":-3803.62109375,""price"":102.6171875,""reason"":""Trail SL using the prior completed bar."",""stopLossPrice"":102.6171875,""takeProfitPrice"":4008.87890625,""time"":""2024-12-24T15:00:00Z"",""type"":""edit_sl""}]"
competition_us_treasury_2y_note_futures_ny_open_gap_fade_signalmonth_direction_fade_entryminute_570_ex_d2289e05,us_treasury_2y_note_futures,US Treasury 2Y Note Futures,futures,ZT,competition_session_edge,competition_session_edge|family=ny_open_gap_fade_signalmonth|direction=fade|entry=570|exit=615|min_gap_atr=0|signal_month=12,short,2024-12-27T14:30:00Z,116991,116992,2024-12-27T14:45:00Z,2024-12-27T15:00:00Z,102.68359375,102.70703125,-6,-1.838379549265,3.263743878352,3.263743878352,0,sl,2,competition_session_edge_train_forward_2026,fixed,custom,custom,1,"[{""createdAt"":""2024-12-27T15:00:00Z"",""entryPrice"":102.68359375,""id"":""1735309800:116991:edit_sl:1735311600:102.7070312500"",""previousPrice"":4008.93359375,""price"":102.70703125,""reason"":""Trail SL using the prior completed bar."",""stopLossPrice"":102.70703125,""takeProfitPrice"":-3803.56640625,""time"":""2024-12-27T15:00:00Z"",""type"":""edit_sl""}]"
competition_us_treasury_2y_note_futures_ny_open_gap_fade_signalmonth_direction_fade_entryminute_570_ex_d2289e05,us_treasury_2y_note_futures,US Treasury 2Y Note Futures,futures,ZT,competition_session_edge,competition_session_edge|family=ny_open_gap_fade_signalmonth|direction=fade|entry=570|exit=615|min_gap_atr=0|signal_month=12,short,2024-12-31T14:30:00Z,117175,117177,2024-12-31T14:45:00Z,2024-12-31T15:15:00Z,102.875,102.875,-0,-0,2.797324285244,2.797324285244,0,time_exit,3,competition_session_edge_train_forward_2026,fixed,custom,custom,1,"[{""createdAt"":""2024-12-31T15:00:00Z"",""entryPrice"":102.875,""id"":""1735655400:117175:edit_sl:1735657200:102.8867187500"",""previousPrice"":4009.125,""price"":102.88671875,""reason"":""Trail SL using the prior completed bar."",""stopLossPrice"":102.88671875,""takeProfitPrice"":-3803.375,""time"":""2024-12-31T15:00:00Z"",""type"":""edit_sl""},{""createdAt"":""2024-12-31T15:15:00Z"",""entryPrice"":102.875,""id"":""1735655400:117175:edit_sl:1735658100:102.8828125000"",""previousPrice"":102.88671875,""price"":102.8828125,""reason"":""Trail SL using the prior completed bar."",""stopLossPrice"":102.8828125,""takeProfitPrice"":-3803.375,""time"":""2024-12-31T15:15:00Z"",""type"":""edit_sl""}]"
competition_us_treasury_2y_note_futures_ny_open_gap_fade_signalmonth_direction_fade_entryminute_570_ex_d2289e05,us_treasury_2y_note_futures,US Treasury 2Y Note Futures,futures,ZT,competition_session_edge,competition_session_edge|family=ny_open_gap_fade_signalmonth|direction=fade|entry=570|exit=615|min_gap_atr=0|signal_month=12,short,2025-12-02T14:30:00Z,138844,138846,2025-12-02T14:45:00Z,2025-12-02T15:15:00Z,104.3671875,104.36328125,1,0.414344202292,2.4134523772,2.4134523772,0,time_exit,3,competition_session_edge_train_forward_2026,fixed,custom,custom,1,"[{""createdAt"":""2025-12-02T15:00:00Z"",""entryPrice"":104.3671875,""id"":""1764685800:138844:edit_sl:1764687600:104.3828125000"",""previousPrice"":4010.6171875,""price"":104.3828125,""reason"":""Trail SL using the prior completed bar."",""stopLossPrice"":104.3828125,""takeProfitPrice"":-3801.8828125,""time"":""2025-12-02T15:00:00Z"",""type"":""edit_sl""},{""createdAt"":""2025-12-02T15:15:00Z"",""entryPrice"":104.3671875,""id"":""1764685800:138844:edit_sl:1764688500:104.3750000000"",""previousPrice"":104.3828125,""price"":104.375,""reason"":""Trail SL using the prior completed bar."",""stopLossPrice"":104.375,""takeProfitPrice"":-3801.8828125,""time"":""2025-12-02T15:15:00Z"",""type"":""edit_sl""}]"
competition_us_treasury_2y_note_futures_ny_open_gap_fade_signalmonth_direction_fade_entryminute_570_ex_d2289e05,us_treasury_2y_note_futures,US Treasury 2Y Note Futures,futures,ZT,competition_session_edge,competition_session_edge|family=ny_open_gap_fade_signalmonth|direction=fade|entry=570|exit=615|min_gap_atr=0|signal_month=12,short,2025-12-03T14:30:00Z,138936,138938,2025-12-03T14:45:00Z,2025-12-03T15:15:00Z,104.4296875,104.41015625,5,1.876542431406,2.664474789549,2.664474789549,0,time_exit,3,competition_session_edge_train_forward_2026,fixed,custom,custom,1,"[{""createdAt"":""2025-12-03T15:00:00Z"",""entryPrice"":104.4296875,""id"":""1764772200:138936:edit_sl:1764774000:104.4453125000"",""previousPrice"":4010.6796875,""price"":104.4453125,""reason"":""Trail SL using the prior completed bar."",""stopLossPrice"":104.4453125,""takeProfitPrice"":-3801.8203125,""time"":""2025-12-03T15:00:00Z"",""type"":""edit_sl""}]"
competition_us_treasury_2y_note_futures_ny_open_gap_fade_signalmonth_direction_fade_entryminute_570_ex_d2289e05,us_treasury_2y_note_futures,US Treasury 2Y Note Futures,futures,ZT,competition_session_edge,competition_session_edge|family=ny_open_gap_fade_signalmonth|direction=fade|entry=570|exit=615|min_gap_atr=0|signal_month=12,long,2025-12-04T14:30:00Z,139028,139030,2025-12-04T14:45:00Z,2025-12-04T15:15:00Z,104.36328125,104.34765625,-4,-1.62907154373,2.455386330573,2.455386330573,0,sl,3,competition_session_edge_train_forward_2026,fixed,custom,custom,1,"[{""createdAt"":""2025-12-04T15:00:00Z"",""entryPrice"":104.36328125,""id"":""1764858600:139028:edit_sl:1764860400:104.3476562500"",""previousPrice"":-3801.88671875,""price"":104.34765625,""reason"":""Trail SL using the prior completed bar."",""stopLossPrice"":104.34765625,""takeProfitPrice"":4010.61328125,""time"":""2025-12-04T15:00:00Z"",""type"":""edit_sl""}]"
competition_us_treasury_2y_note_futures_ny_open_gap_fade_signalmonth_direction_fade_entryminute_570_ex_d2289e05,us_treasury_2y_note_futures,US Treasury 2Y Note Futures,futures,ZT,competition_session_edge,competition_session_edge|family=ny_open_gap_fade_signalmonth|direction=fade|entry=570|exit=615|min_gap_atr=0|signal_month=12,long,2025-12-05T14:30:00Z,139120,139121,2025-12-05T14:45:00Z,2025-12-05T15:00:00Z,104.30078125,104.2890625,-3,-1.366368377006,2.195601164726,2.195601164726,0,sl,2,competition_session_edge_train_forward_2026,fixed,custom,custom,1,"[{""createdAt"":""2025-12-05T15:00:00Z"",""entryPrice"":104.30078125,""id"":""1764945000:139120:edit_sl:1764946800:104.2890625000"",""previousPrice"":-3801.94921875,""price"":104.2890625,""reason"":""Trail SL using the prior completed bar."",""stopLossPrice"":104.2890625,""takeProfitPrice"":4010.55078125,""time"":""2025-12-05T15:00:00Z"",""type"":""edit_sl""}]"
competition_us_treasury_2y_note_futures_ny_open_gap_fade_signalmonth_direction_fade_entryminute_570_ex_d2289e05,us_treasury_2y_note_futures,US Treasury 2Y Note Futures,futures,ZT,competition_session_edge,competition_session_edge|family=ny_open_gap_fade_signalmonth|direction=fade|entry=570|exit=615|min_gap_atr=0|signal_month=12,short,2025-12-09T14:30:00Z,139304,139306,2025-12-09T14:45:00Z,2025-12-09T15:15:00Z,104.25,104.19140625,15,5.565793791342,2.695033370322,2.695033370322,0,time_exit,3,competition_session_edge_train_forward_2026,fixed,custom,custom,1,"[{""createdAt"":""2025-12-09T15:00:00Z"",""entryPrice"":104.25,""id"":""1765290600:139304:edit_sl:1765292400:104.2617187500"",""previousPrice"":4010.5,""price"":104.26171875,""reason"":""Trail SL using the prior completed bar."",""stopLossPrice"":104.26171875,""takeProfitPrice"":-3802.0,""time"":""2025-12-09T15:00:00Z"",""type"":""edit_sl""}]"
competition_us_treasury_2y_note_futures_ny_open_gap_fade_signalmonth_direction_fade_entryminute_570_ex_d2289e05,us_treasury_2y_note_futures,US Treasury 2Y Note Futures,futures,ZT,competition_session_edge,competition_session_edge|family=ny_open_gap_fade_signalmonth|direction=fade|entry=570|exit=615|min_gap_atr=0|signal_month=12,long,2025-12-10T14:30:00Z,139396,139398,2025-12-10T14:45:00Z,2025-12-10T15:15:00Z,104.16015625,104.171875,3,1.067871041154,2.809327984733,2.809327984733,0,time_exit,3,competition_session_edge_train_forward_2026,fixed,custom,custom,1,"[{""createdAt"":""2025-12-10T15:00:00Z"",""entryPrice"":104.16015625,""id"":""1765377000:139396:edit_sl:1765378800:104.1484375000"",""previousPrice"":-3802.08984375,""price"":104.1484375,""reason"":""Trail SL using the prior completed bar."",""stopLossPrice"":104.1484375,""takeProfitPrice"":4010.41015625,""time"":""2025-12-10T15:00:00Z"",""type"":""edit_sl""},{""createdAt"":""2025-12-10T15:15:00Z"",""entryPrice"":104.16015625,""id"":""1765377000:139396:edit_sl:1765379700:104.1640625000"",""previousPrice"":104.1484375,""price"":104.1640625,""reason"":""Trail SL using the prior completed bar."",""stopLossPrice"":104.1640625,""takeProfitPrice"":4010.41015625,""time"":""2025-12-10T15:15:00Z"",""type"":""edit_sl""}]"
competition_us_treasury_2y_note_futures_ny_open_gap_fade_signalmonth_direction_fade_entryminute_570_ex_d2289e05,us_treasury_2y_note_futures,US Treasury 2Y Note Futures,futures,ZT,competition_session_edge,competition_session_edge|family=ny_open_gap_fade_signalmonth|direction=fade|entry=570|exit=615|min_gap_atr=0|signal_month=12,short,2025-12-11T14:30:00Z,139488,139490,2025-12-11T14:45:00Z,2025-12-11T15:15:00Z,104.359375,104.328125,8,1.177632869831,6.793288642793,6.793288642793,0,time_exit,3,competition_session_edge_train_forward_2026,fixed,custom,custom,1,"[{""createdAt"":""2025-12-11T15:00:00Z"",""entryPrice"":104.359375,""id"":""1765463400:139488:edit_sl:1765465200:104.3750000000"",""previousPrice"":4010.609375,""price"":104.375,""reason"":""Trail SL using the prior completed bar."",""stopLossPrice"":104.375,""takeProfitPrice"":-3801.890625,""time"":""2025-12-11T15:00:00Z"",""type"":""edit_sl""},{""createdAt"":""2025-12-11T15:15:00Z"",""entryPrice"":104.359375,""id"":""1765463400:139488:edit_sl:1765466100:104.3710937500"",""previousPrice"":104.375,""price"":104.37109375,""reason"":""Trail SL using the prior completed bar."",""stopLossPrice"":104.37109375,""takeProfitPrice"":-3801.890625,""time"":""2025-12-11T15:15:00Z"",""type"":""edit_sl""}]"
competition_us_treasury_2y_note_futures_ny_open_gap_fade_signalmonth_direction_fade_entryminute_570_ex_d2289e05,us_treasury_2y_note_futures,US Treasury 2Y Note Futures,futures,ZT,competition_session_edge,competition_session_edge|family=ny_open_gap_fade_signalmonth|direction=fade|entry=570|exit=615|min_gap_atr=0|signal_month=12,long,2025-12-12T14:30:00Z,139580,139581,2025-12-12T14:45:00Z,2025-12-12T15:00:00Z,104.28125,104.26953125,-3,-0.966958042057,3.102513107618,3.102513107618,0,sl,2,competition_session_edge_train_forward_2026,fixed,custom,custom,1,"[{""createdAt"":""2025-12-12T15:00:00Z"",""entryPrice"":104.28125,""id"":""1765549800:139580:edit_sl:1765551600:104.2695312500"",""previousPrice"":-3801.96875,""price"":104.26953125,""reason"":""Trail SL using the prior completed bar."",""stopLossPrice"":104.26953125,""takeProfitPrice"":4010.53125,""time"":""2025-12-12T15:00:00Z"",""type"":""edit_sl""}]"
competition_us_treasury_2y_note_futures_ny_open_gap_fade_signalmonth_direction_fade_entryminute_570_ex_d2289e05,us_treasury_2y_note_futures,US Treasury 2Y Note Futures,futures,ZT,competition_session_edge,competition_session_edge|family=ny_open_gap_fade_signalmonth|direction=fade|entry=570|exit=615|min_gap_atr=0|signal_month=12,short,2025-12-16T14:30:00Z,139764,139765,2025-12-16T14:45:00Z,2025-12-16T15:00:00Z,104.3671875,104.3984375,-8,-3.44323606333,2.323395739606,2.323395739606,0,sl,2,competition_session_edge_train_forward_2026,fixed,custom,custom,1,"[{""createdAt"":""2025-12-16T15:00:00Z"",""entryPrice"":104.3671875,""id"":""1765895400:139764:edit_sl:1765897200:104.3984375000"",""previousPrice"":4010.6171875,""price"":104.3984375,""reason"":""Trail SL using the prior completed bar."",""stopLossPrice"":104.3984375,""takeProfitPrice"":-3801.8828125,""time"":""2025-12-16T15:00:00Z"",""type"":""edit_sl""}]"
competition_us_treasury_2y_note_futures_ny_open_gap_fade_signalmonth_direction_fade_entryminute_570_ex_d2289e05,us_treasury_2y_note_futures,US Treasury 2Y Note Futures,futures,ZT,competition_session_edge,competition_session_edge|family=ny_open_gap_fade_signalmonth|direction=fade|entry=570|exit=615|min_gap_atr=0|signal_month=12,long,2025-12-17T14:30:00Z,139856,139858,2025-12-17T14:45:00Z,2025-12-17T15:15:00Z,104.3671875,104.36328125,-1,-0.312142330485,3.203666732563,3.203666732563,0,time_exit,3,competition_session_edge_train_forward_2026,fixed,custom,custom,1,"[{""createdAt"":""2025-12-17T15:00:00Z"",""entryPrice"":104.3671875,""id"":""1765981800:139856:edit_sl:1765983600:104.3476562500"",""previousPrice"":-3801.8828125,""price"":104.34765625,""reason"":""Trail SL using the prior completed bar."",""stopLossPrice"":104.34765625,""takeProfitPrice"":4010.6171875,""time"":""2025-12-17T15:00:00Z"",""type"":""edit_sl""},{""createdAt"":""2025-12-17T15:15:00Z"",""entryPrice"":104.3671875,""id"":""1765981800:139856:edit_sl:1765984500:104.3515625000"",""previousPrice"":104.34765625,""price"":104.3515625,""reason"":""Trail SL using the prior completed bar."",""stopLossPrice"":104.3515625,""takeProfitPrice"":4010.6171875,""time"":""2025-12-17T15:15:00Z"",""type"":""edit_sl""}]"
competition_us_treasury_2y_note_futures_ny_open_gap_fade_signalmonth_direction_fade_entryminute_570_ex_d2289e05,us_treasury_2y_note_futures,US Treasury 2Y Note Futures,futures,ZT,competition_session_edge,competition_session_edge|family=ny_open_gap_fade_signalmonth|direction=fade|entry=570|exit=615|min_gap_atr=0|signal_month=12,short,2025-12-18T14:30:00Z,139948,139950,2025-12-18T14:45:00Z,2025-12-18T15:15:00Z,104.4609375,104.453125,2,0.950887757626,2.103297664693,2.103297664693,0,time_exit,3,competition_session_edge_train_forward_2026,fixed,custom,custom,1,"[{""createdAt"":""2025-12-18T15:00:00Z"",""entryPrice"":104.4609375,""id"":""1766068200:139948:edit_sl:1766070000:104.4726562500"",""previousPrice"":4010.7109375,""price"":104.47265625,""reason"":""Trail SL using the prior completed bar."",""stopLossPrice"":104.47265625,""takeProfitPrice"":-3801.7890625,""time"":""2025-12-18T15:00:00Z"",""type"":""edit_sl""},{""createdAt"":""2025-12-18T15:15:00Z"",""entryPrice"":104.4609375,""id"":""1766068200:139948:edit_sl:1766070900:104.4609375000"",""label"":""Break Even"",""previousPrice"":104.47265625,""price"":104.4609375,""reason"":""Move SL to Break Even after price moved at least 1R in favor."",""stopLossPrice"":104.4609375,""takeProfitPrice"":-3801.7890625,""time"":""2025-12-18T15:15:00Z"",""type"":""edit_sl""}]"
competition_us_treasury_2y_note_futures_ny_open_gap_fade_signalmonth_direction_fade_entryminute_570_ex_d2289e05,us_treasury_2y_note_futures,US Treasury 2Y Note Futures,futures,ZT,competition_session_edge,competition_session_edge|family=ny_open_gap_fade_signalmonth|direction=fade|entry=570|exit=615|min_gap_atr=0|signal_month=12,long,2025-12-19T14:30:00Z,140040,140042,2025-12-19T14:45:00Z,2025-12-19T15:15:00Z,104.3671875,104.39453125,7,2.371972447701,2.951130400686,2.951130400686,0,time_exit,3,competition_session_edge_train_forward_2026,fixed,custom,custom,1,"[{""createdAt"":""2025-12-19T15:00:00Z"",""entryPrice"":104.3671875,""id"":""1766154600:140040:edit_sl:1766156400:104.3593750000"",""previousPrice"":-3801.8828125,""price"":104.359375,""reason"":""Trail SL using the prior completed bar."",""stopLossPrice"":104.359375,""takeProfitPrice"":4010.6171875,""time"":""2025-12-19T15:00:00Z"",""type"":""edit_sl""},{""createdAt"":""2025-12-19T15:15:00Z"",""entryPrice"":104.3671875,""id"":""1766154600:140040:edit_sl:1766157300:104.3632812500"",""previousPrice"":104.359375,""price"":104.36328125,""reason"":""Trail SL using the prior completed bar."",""stopLossPrice"":104.36328125,""takeProfitPrice"":4010.6171875,""time"":""2025-12-19T15:15:00Z"",""type"":""edit_sl""}]"
competition_us_treasury_2y_note_futures_ny_open_gap_fade_signalmonth_direction_fade_entryminute_570_ex_d2289e05,us_treasury_2y_note_futures,US Treasury 2Y Note Futures,futures,ZT,competition_session_edge,competition_session_edge|family=ny_open_gap_fade_signalmonth|direction=fade|entry=570|exit=615|min_gap_atr=0|signal_month=12,long,2025-12-23T14:30:00Z,140222,140224,2025-12-23T14:45:00Z,2025-12-23T15:15:00Z,104.23828125,104.2734375,9,4.767551661731,1.8877614001,1.8877614001,0,time_exit,3,competition_session_edge_train_forward_2026,fixed,custom,custom,1,"[{""createdAt"":""2025-12-23T15:00:00Z"",""entryPrice"":104.23828125,""id"":""1766500200:140222:edit_sl:1766502000:104.2265625000"",""previousPrice"":-3802.01171875,""price"":104.2265625,""reason"":""Trail SL using the prior completed bar."",""stopLossPrice"":104.2265625,""takeProfitPrice"":4010.48828125,""time"":""2025-12-23T15:00:00Z"",""type"":""edit_sl""},{""createdAt"":""2025-12-23T15:15:00Z"",""entryPrice"":104.23828125,""id"":""1766500200:140222:edit_sl:1766502900:104.2304687500"",""previousPrice"":104.2265625,""price"":104.23046875,""reason"":""Trail SL using the prior completed bar."",""stopLossPrice"":104.23046875,""takeProfitPrice"":4010.48828125,""time"":""2025-12-23T15:15:00Z"",""type"":""edit_sl""}]"
competition_us_treasury_2y_note_futures_ny_open_gap_fade_signalmonth_direction_fade_entryminute_570_ex_d2289e05,us_treasury_2y_note_futures,US Treasury 2Y Note Futures,futures,ZT,competition_session_edge,competition_session_edge|family=ny_open_gap_fade_signalmonth|direction=fade|entry=570|exit=615|min_gap_atr=0|signal_month=12,short,2025-12-24T14:30:00Z,140314,140315,2025-12-24T14:45:00Z,2025-12-24T15:00:00Z,104.2890625,104.296875,-2,-0.739425025491,2.704804315584,2.704804315584,0,sl,2,competition_session_edge_train_forward_2026,fixed,custom,custom,1,"[{""createdAt"":""2025-12-24T15:00:00Z"",""entryPrice"":104.2890625,""id"":""1766586600:140314:edit_sl:1766588400:104.2968750000"",""previousPrice"":4010.5390625,""price"":104.296875,""reason"":""Trail SL using the prior completed bar."",""stopLossPrice"":104.296875,""takeProfitPrice"":-3801.9609375,""time"":""2025-12-24T15:00:00Z"",""type"":""edit_sl""}]"
competition_us_treasury_2y_note_futures_ny_open_gap_fade_signalmonth_direction_fade_entryminute_570_ex_d2289e05,us_treasury_2y_note_futures,US Treasury 2Y Note Futures,futures,ZT,competition_session_edge,competition_session_edge|family=ny_open_gap_fade_signalmonth|direction=fade|entry=570|exit=615|min_gap_atr=0|signal_month=12,long,2025-12-30T14:30:00Z,140573,140575,2025-12-30T14:45:00Z,2025-12-30T15:15:00Z,104.41015625,104.41796875,2,0.998839117592,2.002324463245,2.002324463245,0,time_exit,3,competition_session_edge_train_forward_2026,fixed,custom,custom,1,"[{""createdAt"":""2025-12-30T15:00:00Z"",""entryPrice"":104.41015625,""id"":""1767105000:140573:edit_sl:1767106800:104.3945312500"",""previousPrice"":-3801.83984375,""price"":104.39453125,""reason"":""Trail SL using the prior completed bar."",""stopLossPrice"":104.39453125,""takeProfitPrice"":4010.66015625,""time"":""2025-12-30T15:00:00Z"",""type"":""edit_sl""},{""createdAt"":""2025-12-30T15:15:00Z"",""entryPrice"":104.41015625,""id"":""1767105000:140573:edit_sl:1767107700:104.3984375000"",""previousPrice"":104.39453125,""price"":104.3984375,""reason"":""Trail SL using the prior completed bar."",""stopLossPrice"":104.3984375,""takeProfitPrice"":4010.66015625,""time"":""2025-12-30T15:15:00Z"",""type"":""edit_sl""}]"
competition_us_treasury_2y_note_futures_ny_open_gap_fade_signalmonth_direction_fade_entryminute_570_ex_d2289e05,us_treasury_2y_note_futures,US Treasury 2Y Note Futures,futures,ZT,competition_session_edge,competition_session_edge|family=ny_open_gap_fade_signalmonth|direction=fade|entry=570|exit=615|min_gap_atr=0|signal_month=12,long,2025-12-31T14:30:00Z,140663,140665,2025-12-31T14:45:00Z,2025-12-31T15:15:00Z,104.40234375,104.40234375,0,0,2.324543015509,2.324543015509,0,time_exit,3,competition_session_edge_train_forward_2026,fixed,custom,custom,1,"[{""createdAt"":""2025-12-31T15:00:00Z"",""entryPrice"":104.40234375,""id"":""1767191400:140663:edit_sl:1767193200:104.3828125000"",""previousPrice"":-3801.84765625,""price"":104.3828125,""reason"":""Trail SL using the prior completed bar."",""stopLossPrice"":104.3828125,""takeProfitPrice"":4010.65234375,""time"":""2025-12-31T15:00:00Z"",""type"":""edit_sl""},{""createdAt"":""2025-12-31T15:15:00Z"",""entryPrice"":104.40234375,""id"":""1767191400:140663:edit_sl:1767194100:104.3906250000"",""previousPrice"":104.3828125,""price"":104.390625,""reason"":""Trail SL using the prior completed bar."",""stopLossPrice"":104.390625,""takeProfitPrice"":4010.65234375,""time"":""2025-12-31T15:15:00Z"",""type"":""edit_sl""}]"
