strategy_id,asset_key,asset_name,market,symbol,phase,variant_id,side,signal_time,entry_index,exit_index,entry_time,exit_time,entry_price,exit_price,net_units,r_multiple,tp_units,sl_units,cost_units,exit_reason,bars_held,source,tp_mode,sl_mode,size_mode,size_multiplier,execution_timeframe,management_events
competition_gold_futures_daily_tsmom_next_overnight_signalweekdayside_direction_momentum_entryminute_9_c8e1caae,gold_futures,Gold Futures,futures,GC,competition_session_edge,competition_session_edge|family=daily_tsmom_next_overnight_signalweekdayside|direction=momentum|entry=945|exit=570|lookback=3|signal_weekday_side=1_long,long,2022-01-11T20:45:00Z,4006294,4006354,2022-01-11T21:00:00Z,2022-01-11T23:00:00Z,1822.8,1820.9,-19.000000000001,-1.017933266613,18.665270723716,18.665270723716,0,sl,61,competition_session_edge_train_forward_2026,fixed,fixed,custom,1,1m,
competition_gold_futures_daily_tsmom_next_overnight_signalweekdayside_direction_momentum_entryminute_9_c8e1caae,gold_futures,Gold Futures,futures,GC,competition_session_edge,competition_session_edge|family=daily_tsmom_next_overnight_signalweekdayside|direction=momentum|entry=945|exit=570|lookback=3|signal_weekday_side=1_long,long,2022-01-25T20:45:00Z,4019914,4020008,2022-01-25T21:00:00Z,2022-01-25T23:37:00Z,1847.8,1850,21.999999999998,0.991585862874,22.186681782889,22.186681782889,0,tp,95,competition_session_edge_train_forward_2026,fixed,fixed,custom,1,1m,
competition_gold_futures_daily_tsmom_next_overnight_signalweekdayside_direction_momentum_entryminute_9_c8e1caae,gold_futures,Gold Futures,futures,GC,competition_session_edge,competition_session_edge|family=daily_tsmom_next_overnight_signalweekdayside|direction=momentum|entry=945|exit=570|lookback=3|signal_weekday_side=1_long,long,2022-02-01T20:45:00Z,4026403,4026671,2022-02-01T21:00:00Z,2022-02-02T02:29:00Z,1801.4,1799.5,-19.000000000001,-1.005229233796,18.901161407978,18.901161407978,0,sl,269,competition_session_edge_train_forward_2026,fixed,fixed,custom,1,1m,
competition_gold_futures_daily_tsmom_next_overnight_signalweekdayside_direction_momentum_entryminute_9_c8e1caae,gold_futures,Gold Futures,futures,GC,competition_session_edge,competition_session_edge|family=daily_tsmom_next_overnight_signalweekdayside|direction=momentum|entry=945|exit=570|lookback=3|signal_weekday_side=1_long,long,2022-02-08T20:45:00Z,4033292,4033304,2022-02-08T21:00:00Z,2022-02-08T21:12:00Z,1828.2,1826.9,-13,-1.009457311216,12.878206790477,12.878206790477,0,sl,13,competition_session_edge_train_forward_2026,fixed,fixed,custom,1,1m,
competition_gold_futures_daily_tsmom_next_overnight_signalweekdayside_direction_momentum_entryminute_9_c8e1caae,gold_futures,Gold Futures,futures,GC,competition_session_edge,competition_session_edge|family=daily_tsmom_next_overnight_signalweekdayside|direction=momentum|entry=945|exit=570|lookback=3|signal_weekday_side=1_long,long,2022-02-15T20:45:00Z,4040181,4040364,2022-02-15T21:00:00Z,2022-02-16T01:06:00Z,1854.7,1852.1,-25.999999999999,-1.008991914702,25.768293701029,25.768293701029,0,sl,184,competition_session_edge_train_forward_2026,fixed,fixed,custom,1,1m,
competition_gold_futures_daily_tsmom_next_overnight_signalweekdayside_direction_momentum_entryminute_9_c8e1caae,gold_futures,Gold Futures,futures,GC,competition_session_edge,competition_session_edge|family=daily_tsmom_next_overnight_signalweekdayside|direction=momentum|entry=945|exit=570|lookback=3|signal_weekday_side=1_long,long,2022-02-22T20:45:00Z,4046921,4047030,2022-02-22T21:00:00Z,2022-02-22T23:49:00Z,1902.4,1899.9,-25,-0.991641566139,25.210722153712,25.210722153712,0,sl,110,competition_session_edge_train_forward_2026,fixed,fixed,custom,1,1m,
competition_gold_futures_daily_tsmom_next_overnight_signalweekdayside_direction_momentum_entryminute_9_c8e1caae,gold_futures,Gold Futures,futures,GC,competition_session_edge,competition_session_edge|family=daily_tsmom_next_overnight_signalweekdayside|direction=momentum|entry=945|exit=570|lookback=3|signal_weekday_side=1_long,long,2022-03-01T20:45:00Z,4053821,4053823,2022-03-01T21:00:00Z,2022-03-01T21:02:00Z,1947.8,1951.7,38.999999999999,1.003026109909,38.882337772377,38.882337772377,0,tp,3,competition_session_edge_train_forward_2026,fixed,fixed,custom,1,1m,
competition_gold_futures_daily_tsmom_next_overnight_signalweekdayside_direction_momentum_entryminute_9_c8e1caae,gold_futures,Gold Futures,futures,GC,competition_session_edge,competition_session_edge|family=daily_tsmom_next_overnight_signalweekdayside|direction=momentum|entry=945|exit=570|lookback=3|signal_weekday_side=1_long,long,2022-03-08T20:45:00Z,4060721,4060870,2022-03-08T21:00:00Z,2022-03-09T00:29:00Z,2058,2047.2,-108,-1.003912355399,107.579112279246,107.579112279246,0,sl,150,competition_session_edge_train_forward_2026,fixed,fixed,custom,1,1m,
competition_gold_futures_daily_tsmom_next_overnight_signalweekdayside_direction_momentum_entryminute_9_c8e1caae,gold_futures,Gold Futures,futures,GC,competition_session_edge,competition_session_edge|family=daily_tsmom_next_overnight_signalweekdayside|direction=momentum|entry=945|exit=570|lookback=3|signal_weekday_side=1_long,long,2022-04-12T19:45:00Z,4094477,4094497,2022-04-12T20:00:00Z,2022-04-12T20:20:00Z,1972.5,1969.2,-33,-0.987692935243,33.411193724766,33.411193724766,0,sl,21,competition_session_edge_train_forward_2026,fixed,fixed,custom,1,1m,
competition_gold_futures_daily_tsmom_next_overnight_signalweekdayside_direction_momentum_entryminute_9_c8e1caae,gold_futures,Gold Futures,futures,GC,competition_session_edge,competition_session_edge|family=daily_tsmom_next_overnight_signalweekdayside|direction=momentum|entry=945|exit=570|lookback=3|signal_weekday_side=1_long,long,2022-05-24T19:45:00Z,4134449,4134679,2022-05-24T20:00:00Z,2022-05-25T00:52:00Z,1865.8,1863.7,-21.000000000001,-1.004838188044,20.898887253555,20.898887253555,0,sl,231,competition_session_edge_train_forward_2026,fixed,fixed,custom,1,1m,
competition_gold_futures_daily_tsmom_next_overnight_signalweekdayside_direction_momentum_entryminute_9_c8e1caae,gold_futures,Gold Futures,futures,GC,competition_session_edge,competition_session_edge|family=daily_tsmom_next_overnight_signalweekdayside|direction=momentum|entry=945|exit=570|lookback=3|signal_weekday_side=1_long,long,2022-07-19T19:45:00Z,4188762,4188910,2022-07-19T20:00:00Z,2022-07-19T23:31:00Z,1710.3,1708.6,-17,-0.980338847905,17.340942916148,17.340942916148,0,sl,149,competition_session_edge_train_forward_2026,fixed,fixed,custom,1,1m,
competition_gold_futures_daily_tsmom_next_overnight_signalweekdayside_direction_momentum_entryminute_9_c8e1caae,gold_futures,Gold Futures,futures,GC,competition_session_edge,competition_session_edge|family=daily_tsmom_next_overnight_signalweekdayside|direction=momentum|entry=945|exit=570|lookback=3|signal_weekday_side=1_long,long,2022-08-02T19:45:00Z,4201205,4201290,2022-08-02T20:00:00Z,2022-08-02T22:25:00Z,1777.2,1774.3,-28.999999999999,-0.990929722269,29.265445720616,29.265445720616,0,sl,86,competition_session_edge_train_forward_2026,fixed,fixed,custom,1,1m,
competition_gold_futures_daily_tsmom_next_overnight_signalweekdayside_direction_momentum_entryminute_9_c8e1caae,gold_futures,Gold Futures,futures,GC,competition_session_edge,competition_session_edge|family=daily_tsmom_next_overnight_signalweekdayside|direction=momentum|entry=945|exit=570|lookback=3|signal_weekday_side=1_long,long,2022-08-09T19:45:00Z,4208088,4208291,2022-08-09T20:00:00Z,2022-08-10T00:27:00Z,1810.6,1808.8,-18,-1.026198120078,17.54047259279,17.54047259279,0,sl,204,competition_session_edge_train_forward_2026,fixed,fixed,custom,1,1m,
competition_gold_futures_daily_tsmom_next_overnight_signalweekdayside_direction_momentum_entryminute_9_c8e1caae,gold_futures,Gold Futures,futures,GC,competition_session_edge,competition_session_edge|family=daily_tsmom_next_overnight_signalweekdayside|direction=momentum|entry=945|exit=570|lookback=3|signal_weekday_side=1_long,long,2022-09-20T19:45:00Z,4249237,4249426,2022-09-20T20:00:00Z,2022-09-21T00:10:00Z,1673.5,1675.5,20,1.016447664813,19.67636966698,19.67636966698,0,tp,190,competition_session_edge_train_forward_2026,fixed,fixed,custom,1,1m,
competition_gold_futures_daily_tsmom_next_overnight_signalweekdayside_direction_momentum_entryminute_9_c8e1caae,gold_futures,Gold Futures,futures,GC,competition_session_edge,competition_session_edge|family=daily_tsmom_next_overnight_signalweekdayside|direction=momentum|entry=945|exit=570|lookback=3|signal_weekday_side=1_long,long,2022-10-04T19:45:00Z,4263030,4263260,2022-10-04T20:00:00Z,2022-10-05T00:50:00Z,1733.3,1730.4,-29.000000000001,-1.005688127034,28.835977297986,28.835977297986,0,sl,231,competition_session_edge_train_forward_2026,fixed,fixed,custom,1,1m,
competition_gold_futures_daily_tsmom_next_overnight_signalweekdayside_direction_momentum_entryminute_9_c8e1caae,gold_futures,Gold Futures,futures,GC,competition_session_edge,competition_session_edge|family=daily_tsmom_next_overnight_signalweekdayside|direction=momentum|entry=945|exit=570|lookback=3|signal_weekday_side=1_long,long,2022-10-25T19:45:00Z,4283692,4283754,2022-10-25T20:00:00Z,2022-10-25T22:02:00Z,1658.3,1656.2,-21.000000000001,-1.010646570659,20.778777279482,20.778777279482,0,sl,63,competition_session_edge_train_forward_2026,fixed,fixed,custom,1,1m,
competition_gold_futures_daily_tsmom_next_overnight_signalweekdayside_direction_momentum_entryminute_9_c8e1caae,gold_futures,Gold Futures,futures,GC,competition_session_edge,competition_session_edge|family=daily_tsmom_next_overnight_signalweekdayside|direction=momentum|entry=945|exit=570|lookback=3|signal_weekday_side=1_long,long,2022-11-08T20:45:00Z,4297472,4297640,2022-11-08T21:00:00Z,2022-11-09T00:48:00Z,1715.6,1712.6,-30,-1.00721404128,29.785128850947,29.785128850947,0,sl,169,competition_session_edge_train_forward_2026,fixed,fixed,custom,1,1m,
competition_gold_futures_daily_tsmom_next_overnight_signalweekdayside_direction_momentum_entryminute_9_c8e1caae,gold_futures,Gold Futures,futures,GC,competition_session_edge,competition_session_edge|family=daily_tsmom_next_overnight_signalweekdayside|direction=momentum|entry=945|exit=570|lookback=3|signal_weekday_side=1_long,long,2022-11-15T20:45:00Z,4304370,4304582,2022-11-15T21:00:00Z,2022-11-16T01:32:00Z,1781.9,1778.1,-38,-0.988261453608,38.451363109699,38.451363109699,0,sl,213,competition_session_edge_train_forward_2026,fixed,fixed,custom,1,1m,
competition_gold_futures_daily_tsmom_next_overnight_signalweekdayside_direction_momentum_entryminute_9_c8e1caae,gold_futures,Gold Futures,futures,GC,competition_session_edge,competition_session_edge|family=daily_tsmom_next_overnight_signalweekdayside|direction=momentum|entry=945|exit=570|lookback=3|signal_weekday_side=1_long,long,2022-11-29T20:45:00Z,4317295,4317362,2022-11-29T21:00:00Z,2022-11-30T00:57:00Z,1747.8,1749.3,15,0.998328270716,15.025117929644,15.025117929644,0,tp_gap,68,competition_session_edge_train_forward_2026,fixed,fixed,custom,1,1m,
competition_gold_futures_daily_tsmom_next_overnight_signalweekdayside_direction_momentum_entryminute_9_c8e1caae,gold_futures,Gold Futures,futures,GC,competition_session_edge,competition_session_edge|family=daily_tsmom_next_overnight_signalweekdayside|direction=momentum|entry=945|exit=570|lookback=3|signal_weekday_side=1_long,long,2022-12-13T20:45:00Z,4329862,4330449,2022-12-13T21:00:00Z,2022-12-14T07:48:00Z,1822.4,1819.1,-33,-0.999033439625,33.031927352081,33.031927352081,0,sl,588,competition_session_edge_train_forward_2026,fixed,fixed,custom,1,1m,
competition_gold_futures_daily_tsmom_next_overnight_signalweekdayside_direction_momentum_entryminute_9_c8e1caae,gold_futures,Gold Futures,futures,GC,competition_session_edge,competition_session_edge|family=daily_tsmom_next_overnight_signalweekdayside|direction=momentum|entry=945|exit=570|lookback=3|signal_weekday_side=1_long,long,2022-12-20T20:45:00Z,4336755,4336943,2022-12-20T21:00:00Z,2022-12-21T01:09:00Z,1827.3,1829.5,21.999999999998,1.020204523865,21.564303515003,21.564303515003,0,tp,189,competition_session_edge_train_forward_2026,fixed,fixed,custom,1,1m,
competition_gold_futures_daily_tsmom_next_overnight_signalweekdayside_direction_momentum_entryminute_9_c8e1caae,gold_futures,Gold Futures,futures,GC,competition_session_edge,competition_session_edge|family=daily_tsmom_next_overnight_signalweekdayside|direction=momentum|entry=945|exit=570|lookback=3|signal_weekday_side=1_long,long,2023-01-03T20:45:00Z,4347769,4347972,2023-01-03T21:00:00Z,2023-01-04T01:23:00Z,1843.9,1846.6,27,1.002003672238,26.946009029787,26.946009029787,0,tp,204,competition_session_edge_train_forward_2026,fixed,fixed,custom,1,1m,
competition_gold_futures_daily_tsmom_next_overnight_signalweekdayside_direction_momentum_entryminute_9_c8e1caae,gold_futures,Gold Futures,futures,GC,competition_session_edge,competition_session_edge|family=daily_tsmom_next_overnight_signalweekdayside|direction=momentum|entry=945|exit=570|lookback=3|signal_weekday_side=1_long,long,2023-01-10T20:45:00Z,4354664,4354803,2023-01-10T21:00:00Z,2023-01-11T00:21:00Z,1882.4,1880.4,-20,-1.017998982539,19.646385058374,19.646385058374,0,sl,140,competition_session_edge_train_forward_2026,fixed,fixed,custom,1,1m,
competition_gold_futures_daily_tsmom_next_overnight_signalweekdayside_direction_momentum_entryminute_9_c8e1caae,gold_futures,Gold Futures,futures,GC,competition_session_edge,competition_session_edge|family=daily_tsmom_next_overnight_signalweekdayside|direction=momentum|entry=945|exit=570|lookback=3|signal_weekday_side=1_long,long,2023-01-17T20:45:00Z,4361403,4361576,2023-01-17T21:00:00Z,2023-01-18T00:54:00Z,1911.8,1909.3,-25,-1.012403019425,24.693723270595,24.693723270595,0,sl,174,competition_session_edge_train_forward_2026,fixed,fixed,custom,1,1m,
competition_gold_futures_daily_tsmom_next_overnight_signalweekdayside_direction_momentum_entryminute_9_c8e1caae,gold_futures,Gold Futures,futures,GC,competition_session_edge,competition_session_edge|family=daily_tsmom_next_overnight_signalweekdayside|direction=momentum|entry=945|exit=570|lookback=3|signal_weekday_side=1_long,long,2023-01-24T20:45:00Z,4368299,4368448,2023-01-24T21:00:00Z,2023-01-25T00:30:00Z,1939,1937,-20,-0.999379357324,20.012420562247,20.012420562247,0,sl,150,competition_session_edge_train_forward_2026,fixed,fixed,custom,1,1m,
competition_gold_futures_daily_tsmom_next_overnight_signalweekdayside_direction_momentum_entryminute_9_c8e1caae,gold_futures,Gold Futures,futures,GC,competition_session_edge,competition_session_edge|family=daily_tsmom_next_overnight_signalweekdayside|direction=momentum|entry=945|exit=570|lookback=3|signal_weekday_side=1_long,long,2023-02-28T20:45:00Z,4401009,4401129,2023-02-28T21:00:00Z,2023-03-01T00:00:00Z,1833.7,1831.6,-20.999999999999,-1.000355346954,20.992540364725,20.992540364725,0,sl,121,competition_session_edge_train_forward_2026,fixed,fixed,custom,1,1m,
competition_gold_futures_daily_tsmom_next_overnight_signalweekdayside_direction_momentum_entryminute_9_c8e1caae,gold_futures,Gold Futures,futures,GC,competition_session_edge,competition_session_edge|family=daily_tsmom_next_overnight_signalweekdayside|direction=momentum|entry=945|exit=570|lookback=3|signal_weekday_side=1_long,long,2023-03-14T19:45:00Z,4414798,4414989,2023-03-14T20:00:00Z,2023-03-15T00:12:00Z,1907,1904,-30,-0.989727160804,30.311383973359,30.311383973359,0,sl,192,competition_session_edge_train_forward_2026,fixed,fixed,custom,1,1m,
competition_gold_futures_daily_tsmom_next_overnight_signalweekdayside_direction_momentum_entryminute_9_c8e1caae,gold_futures,Gold Futures,futures,GC,competition_session_edge,competition_session_edge|family=daily_tsmom_next_overnight_signalweekdayside|direction=momentum|entry=945|exit=570|lookback=3|signal_weekday_side=1_long,long,2023-03-21T19:45:00Z,4421687,4421833,2023-03-21T20:00:00Z,2023-03-21T23:27:00Z,1943.6,1947.1,35,0.999414581274,35.020501657455,35.020501657455,0,tp,147,competition_session_edge_train_forward_2026,fixed,fixed,custom,1,1m,
competition_gold_futures_daily_tsmom_next_overnight_signalweekdayside_direction_momentum_entryminute_9_c8e1caae,gold_futures,Gold Futures,futures,GC,competition_session_edge,competition_session_edge|family=daily_tsmom_next_overnight_signalweekdayside|direction=momentum|entry=945|exit=570|lookback=3|signal_weekday_side=1_long,long,2023-04-04T19:45:00Z,4434601,4434679,2023-04-04T20:00:00Z,2023-04-04T22:20:00Z,2039.4,2036.5,-29.000000000001,-1.001152896247,28.966604510369,28.966604510369,0,sl,79,competition_session_edge_train_forward_2026,fixed,fixed,custom,1,1m,
competition_gold_futures_daily_tsmom_next_overnight_signalweekdayside_direction_momentum_entryminute_9_c8e1caae,gold_futures,Gold Futures,futures,GC,competition_session_edge,competition_session_edge|family=daily_tsmom_next_overnight_signalweekdayside|direction=momentum|entry=945|exit=570|lookback=3|signal_weekday_side=1_long,long,2023-05-02T19:45:00Z,4460770,4460954,2023-05-02T20:00:00Z,2023-05-03T00:08:00Z,2027.3,2024.4,-29.000000000001,-1.009204853469,28.735493988469,28.735493988469,0,sl,185,competition_session_edge_train_forward_2026,fixed,fixed,custom,1,1m,
competition_gold_futures_daily_tsmom_next_overnight_signalweekdayside_direction_momentum_entryminute_9_c8e1caae,gold_futures,Gold Futures,futures,GC,competition_session_edge,competition_session_edge|family=daily_tsmom_next_overnight_signalweekdayside|direction=momentum|entry=945|exit=570|lookback=3|signal_weekday_side=1_long,long,2023-05-23T19:45:00Z,4481418,4481850,2023-05-23T20:00:00Z,2023-05-24T04:15:00Z,1976.9,1979.2,23,0.983693312212,23.381271087721,23.381271087721,0,tp,433,competition_session_edge_train_forward_2026,fixed,fixed,custom,1,1m,
competition_gold_futures_daily_tsmom_next_overnight_signalweekdayside_direction_momentum_entryminute_9_c8e1caae,gold_futures,Gold Futures,futures,GC,competition_session_edge,competition_session_edge|family=daily_tsmom_next_overnight_signalweekdayside|direction=momentum|entry=945|exit=570|lookback=3|signal_weekday_side=1_long,long,2023-07-11T19:45:00Z,4526972,4527145,2023-07-11T20:00:00Z,2023-07-12T00:03:00Z,1937.6,1939,13.999999999999,0.967924691236,14.463935187074,14.463935187074,0,tp,174,competition_session_edge_train_forward_2026,fixed,fixed,custom,1,1m,
competition_gold_futures_daily_tsmom_next_overnight_signalweekdayside_direction_momentum_entryminute_9_c8e1caae,gold_futures,Gold Futures,futures,GC,competition_session_edge,competition_session_edge|family=daily_tsmom_next_overnight_signalweekdayside|direction=momentum|entry=945|exit=570|lookback=3|signal_weekday_side=1_long,long,2023-07-18T19:45:00Z,4533842,4534142,2023-07-18T20:00:00Z,2023-07-19T02:06:00Z,1981.4,1979.2,-22,-0.98590011974,22.314633662686,22.314633662686,0,sl,301,competition_session_edge_train_forward_2026,fixed,fixed,custom,1,1m,
competition_gold_futures_daily_tsmom_next_overnight_signalweekdayside_direction_momentum_entryminute_9_c8e1caae,gold_futures,Gold Futures,futures,GC,competition_session_edge,competition_session_edge|family=daily_tsmom_next_overnight_signalweekdayside|direction=momentum|entry=945|exit=570|lookback=3|signal_weekday_side=1_long,long,2023-08-01T19:45:00Z,4547094,4547153,2023-08-01T20:00:00Z,2023-08-01T22:00:00Z,1981.9,1983.7,18,1.002264431184,17.959332327828,17.959332327828,0,tp_gap,60,competition_session_edge_train_forward_2026,fixed,fixed,custom,1,1m,
competition_gold_futures_daily_tsmom_next_overnight_signalweekdayside_direction_momentum_entryminute_9_c8e1caae,gold_futures,Gold Futures,futures,GC,competition_session_edge,competition_session_edge|family=daily_tsmom_next_overnight_signalweekdayside|direction=momentum|entry=945|exit=570|lookback=3|signal_weekday_side=1_long,long,2023-08-22T19:45:00Z,4567685,4567844,2023-08-22T20:00:00Z,2023-08-23T00:05:00Z,1926.3,1927.6,13,0.970129981848,13.400266194474,13.400266194474,0,tp,160,competition_session_edge_train_forward_2026,fixed,fixed,custom,1,1m,
competition_gold_futures_daily_tsmom_next_overnight_signalweekdayside_direction_momentum_entryminute_9_c8e1caae,gold_futures,Gold Futures,futures,GC,competition_session_edge,competition_session_edge|family=daily_tsmom_next_overnight_signalweekdayside|direction=momentum|entry=945|exit=570|lookback=3|signal_weekday_side=1_long,long,2023-08-29T19:45:00Z,4574528,4574656,2023-08-29T20:00:00Z,2023-08-29T23:16:00Z,1966,1964.4,-15.999999999999,-0.983432373366,16.269547793346,16.269547793346,0,sl,129,competition_session_edge_train_forward_2026,fixed,fixed,custom,1,1m,
competition_gold_futures_daily_tsmom_next_overnight_signalweekdayside_direction_momentum_entryminute_9_c8e1caae,gold_futures,Gold Futures,futures,GC,competition_session_edge,competition_session_edge|family=daily_tsmom_next_overnight_signalweekdayside|direction=momentum|entry=945|exit=570|lookback=3|signal_weekday_side=1_long,long,2023-09-19T19:45:00Z,4594893,4595052,2023-09-19T20:00:00Z,2023-09-19T23:52:00Z,1953.2,1952.1,-10.999999999999,-0.957488808025,11.488384937566,11.488384937566,0,sl,160,competition_session_edge_train_forward_2026,fixed,fixed,custom,1,1m,
competition_gold_futures_daily_tsmom_next_overnight_signalweekdayside_direction_momentum_entryminute_9_c8e1caae,gold_futures,Gold Futures,futures,GC,competition_session_edge,competition_session_edge|family=daily_tsmom_next_overnight_signalweekdayside|direction=momentum|entry=945|exit=570|lookback=3|signal_weekday_side=1_long,long,2023-10-10T19:45:00Z,4615501,4615714,2023-10-10T20:00:00Z,2023-10-11T00:42:00Z,1873.8,1875.6,18,1.018334888147,17.675914092229,17.675914092229,0,tp,214,competition_session_edge_train_forward_2026,fixed,fixed,custom,1,1m,
competition_gold_futures_daily_tsmom_next_overnight_signalweekdayside_direction_momentum_entryminute_9_c8e1caae,gold_futures,Gold Futures,futures,GC,competition_session_edge,competition_session_edge|family=daily_tsmom_next_overnight_signalweekdayside|direction=momentum|entry=945|exit=570|lookback=3|signal_weekday_side=1_long,long,2023-10-17T19:45:00Z,4622366,4622463,2023-10-17T20:00:00Z,2023-10-17T22:40:00Z,1935.4,1937.7,23,1.016762409545,22.620820541823,22.620820541823,0,tp,98,competition_session_edge_train_forward_2026,fixed,fixed,custom,1,1m,
competition_gold_futures_daily_tsmom_next_overnight_signalweekdayside_direction_momentum_entryminute_9_c8e1caae,gold_futures,Gold Futures,futures,GC,competition_session_edge,competition_session_edge|family=daily_tsmom_next_overnight_signalweekdayside|direction=momentum|entry=945|exit=570|lookback=3|signal_weekday_side=1_long,long,2023-11-14T20:45:00Z,4649893,4650014,2023-11-14T21:00:00Z,2023-11-15T00:05:00Z,1967.7,1965.7,-20,-0.977646422452,20.457293701169,20.457293701169,0,sl,122,competition_session_edge_train_forward_2026,fixed,fixed,custom,1,1m,
competition_gold_futures_daily_tsmom_next_overnight_signalweekdayside_direction_momentum_entryminute_9_c8e1caae,gold_futures,Gold Futures,futures,GC,competition_session_edge,competition_session_edge|family=daily_tsmom_next_overnight_signalweekdayside|direction=momentum|entry=945|exit=570|lookback=3|signal_weekday_side=1_long,long,2023-11-21T20:45:00Z,4656773,4656941,2023-11-21T21:00:00Z,2023-11-22T00:50:00Z,2001,1999,-20,-0.990346530584,20.194951345166,20.194951345166,0,sl,169,competition_session_edge_train_forward_2026,fixed,fixed,custom,1,1m,
competition_gold_futures_daily_tsmom_next_overnight_signalweekdayside_direction_momentum_entryminute_9_c8e1caae,gold_futures,Gold Futures,futures,GC,competition_session_edge,competition_session_edge|family=daily_tsmom_next_overnight_signalweekdayside|direction=momentum|entry=945|exit=570|lookback=3|signal_weekday_side=1_long,long,2023-11-28T20:45:00Z,4663302,4663375,2023-11-28T21:00:00Z,2023-11-28T23:29:00Z,2042,2044.1,21.000000000001,0.984128571846,21.338675251151,21.338675251151,0,tp,74,competition_session_edge_train_forward_2026,fixed,fixed,custom,1,1m,
competition_gold_futures_daily_tsmom_next_overnight_signalweekdayside_direction_momentum_entryminute_9_c8e1caae,gold_futures,Gold Futures,futures,GC,competition_session_edge,competition_session_edge|family=daily_tsmom_next_overnight_signalweekdayside|direction=momentum|entry=945|exit=570|lookback=3|signal_weekday_side=1_long,long,2023-12-19T20:45:00Z,4683416,4683601,2023-12-19T21:00:00Z,2023-12-20T01:06:00Z,2053.7,2051.9,-18.000000000002,-1.008079757765,17.855730026668,17.855730026668,0,sl,186,competition_session_edge_train_forward_2026,fixed,fixed,custom,1,1m,
competition_gold_futures_daily_tsmom_next_overnight_signalweekdayside_direction_momentum_entryminute_9_c8e1caae,gold_futures,Gold Futures,futures,GC,competition_session_edge,competition_session_edge|family=daily_tsmom_next_overnight_signalweekdayside|direction=momentum|entry=945|exit=570|lookback=3|signal_weekday_side=1_long,long,2023-12-26T20:45:00Z,4688929,4688962,2023-12-26T21:00:00Z,2023-12-26T21:33:00Z,2079.5,2077.7,-17.999999999997,-1.000431268738,17.992240509143,17.992240509143,0,sl,34,competition_session_edge_train_forward_2026,fixed,fixed,custom,1,1m,
competition_gold_futures_daily_tsmom_next_overnight_signalweekdayside_direction_momentum_entryminute_9_c8e1caae,gold_futures,Gold Futures,futures,GC,competition_session_edge,competition_session_edge|family=daily_tsmom_next_overnight_signalweekdayside|direction=momentum|entry=945|exit=570|lookback=3|signal_weekday_side=1_long,long,2024-01-16T20:45:00Z,4708075,4708149,2024-01-16T21:00:00Z,2024-01-16T23:18:00Z,2031.9,2029.2,-27,-1.009659032578,26.741701038476,26.741701038476,0,sl,75,competition_session_edge_train_forward_2026,fixed,fixed,custom,1,1m,
competition_gold_futures_daily_tsmom_next_overnight_signalweekdayside_direction_momentum_entryminute_9_c8e1caae,gold_futures,Gold Futures,futures,GC,competition_session_edge,competition_session_edge|family=daily_tsmom_next_overnight_signalweekdayside|direction=momentum|entry=945|exit=570|lookback=3|signal_weekday_side=1_long,long,2024-01-23T20:45:00Z,4714958,4715125,2024-01-23T21:00:00Z,2024-01-24T00:47:00Z,2029.9,2028.1,-18,-0.976476685063,18.433619845042,18.433619845042,0,sl,168,competition_session_edge_train_forward_2026,fixed,fixed,custom,1,1m,
competition_gold_futures_daily_tsmom_next_overnight_signalweekdayside_direction_momentum_entryminute_9_c8e1caae,gold_futures,Gold Futures,futures,GC,competition_session_edge,competition_session_edge|family=daily_tsmom_next_overnight_signalweekdayside|direction=momentum|entry=945|exit=570|lookback=3|signal_weekday_side=1_long,long,2024-01-30T20:45:00Z,4721210,4721221,2024-01-30T21:05:00Z,2024-01-31T00:00:00Z,2035.1,2036.6,15,1.002500184104,14.962590768403,14.962590768403,0,tp_gap,12,competition_session_edge_train_forward_2026,fixed,fixed,custom,1,1m,
competition_gold_futures_daily_tsmom_next_overnight_signalweekdayside_direction_momentum_entryminute_9_c8e1caae,gold_futures,Gold Futures,futures,GC,competition_session_edge,competition_session_edge|family=daily_tsmom_next_overnight_signalweekdayside|direction=momentum|entry=945|exit=570|lookback=3|signal_weekday_side=1_long,long,2024-02-20T20:45:00Z,4741587,4741705,2024-02-20T21:00:00Z,2024-02-21T00:01:00Z,2035.9,2034.5,-14.000000000001,-0.966327964246,14.487834894563,14.487834894563,0,sl,119,competition_session_edge_train_forward_2026,fixed,fixed,custom,1,1m,
competition_gold_futures_daily_tsmom_next_overnight_signalweekdayside_direction_momentum_entryminute_9_c8e1caae,gold_futures,Gold Futures,futures,GC,competition_session_edge,competition_session_edge|family=daily_tsmom_next_overnight_signalweekdayside|direction=momentum|entry=945|exit=570|lookback=3|signal_weekday_side=1_long,long,2024-02-27T20:45:00Z,4748467,4748586,2024-02-27T21:00:00Z,2024-02-28T00:01:00Z,2039.5,2037.9,-15.999999999999,-1.014190400669,15.776130388773,15.776130388773,0,sl,120,competition_session_edge_train_forward_2026,fixed,fixed,custom,1,1m,
competition_gold_futures_daily_tsmom_next_overnight_signalweekdayside_direction_momentum_entryminute_9_c8e1caae,gold_futures,Gold Futures,futures,GC,competition_session_edge,competition_session_edge|family=daily_tsmom_next_overnight_signalweekdayside|direction=momentum|entry=945|exit=570|lookback=3|signal_weekday_side=1_long,long,2024-03-05T20:45:00Z,4755358,4755480,2024-03-05T21:00:00Z,2024-03-06T00:02:00Z,2138.1,2135,-30.999999999999,-0.99163876712,31.261383709332,31.261383709332,0,sl,123,competition_session_edge_train_forward_2026,fixed,fixed,custom,1,1m,
competition_gold_futures_daily_tsmom_next_overnight_signalweekdayside_direction_momentum_entryminute_9_c8e1caae,gold_futures,Gold Futures,futures,GC,competition_session_edge,competition_session_edge|family=daily_tsmom_next_overnight_signalweekdayside|direction=momentum|entry=945|exit=570|lookback=3|signal_weekday_side=1_long,long,2024-04-02T19:45:00Z,4780866,4780926,2024-04-02T20:00:00Z,2024-04-02T22:00:00Z,2298.1,2302.5,44.000000000001,1.004908205626,43.785093756471,43.785093756471,0,tp,61,competition_session_edge_train_forward_2026,fixed,fixed,custom,1,1m,
competition_gold_futures_daily_tsmom_next_overnight_signalweekdayside_direction_momentum_entryminute_9_c8e1caae,gold_futures,Gold Futures,futures,GC,competition_session_edge,competition_session_edge|family=daily_tsmom_next_overnight_signalweekdayside|direction=momentum|entry=945|exit=570|lookback=3|signal_weekday_side=1_long,long,2024-04-09T19:45:00Z,4787764,4787937,2024-04-09T20:00:00Z,2024-04-09T23:54:00Z,2369.8,2373.9,40.999999999999,0.999914648942,41.00349969208,41.00349969208,0,tp,174,competition_session_edge_train_forward_2026,fixed,fixed,custom,1,1m,
competition_gold_futures_daily_tsmom_next_overnight_signalweekdayside_direction_momentum_entryminute_9_c8e1caae,gold_futures,Gold Futures,futures,GC,competition_session_edge,competition_session_edge|family=daily_tsmom_next_overnight_signalweekdayside|direction=momentum|entry=945|exit=570|lookback=3|signal_weekday_side=1_long,long,2024-04-16T19:45:00Z,4794662,4794703,2024-04-16T20:00:00Z,2024-04-16T20:41:00Z,2406.3,2400.3,-60,-1.006416756924,59.617449319292,59.617449319292,0,sl,42,competition_session_edge_train_forward_2026,fixed,fixed,custom,1,1m,
competition_gold_futures_daily_tsmom_next_overnight_signalweekdayside_direction_momentum_entryminute_9_c8e1caae,gold_futures,Gold Futures,futures,GC,competition_session_edge,competition_session_edge|family=daily_tsmom_next_overnight_signalweekdayside|direction=momentum|entry=945|exit=570|lookback=3|signal_weekday_side=1_long,long,2024-05-07T19:45:00Z,4815343,4815579,2024-05-07T20:00:00Z,2024-05-08T01:04:00Z,2323.1,2320.3,-27.999999999997,-1.00601672282,27.832539325494,27.832539325494,0,sl,237,competition_session_edge_train_forward_2026,fixed,fixed,custom,1,1m,
competition_gold_futures_daily_tsmom_next_overnight_signalweekdayside_direction_momentum_entryminute_9_c8e1caae,gold_futures,Gold Futures,futures,GC,competition_session_edge,competition_session_edge|family=daily_tsmom_next_overnight_signalweekdayside|direction=momentum|entry=945|exit=570|lookback=3|signal_weekday_side=1_long,long,2024-05-14T19:45:00Z,4822220,4822587,2024-05-14T20:00:00Z,2024-05-15T03:10:00Z,2362.2,2365.1,28.999999999996,1.017214346926,28.509232186543,28.509232186543,0,tp,368,competition_session_edge_train_forward_2026,fixed,fixed,custom,1,1m,
competition_gold_futures_daily_tsmom_next_overnight_signalweekdayside_direction_momentum_entryminute_9_c8e1caae,gold_futures,Gold Futures,futures,GC,competition_session_edge,competition_session_edge|family=daily_tsmom_next_overnight_signalweekdayside|direction=momentum|entry=945|exit=570|lookback=3|signal_weekday_side=1_long,long,2024-05-21T19:45:00Z,4829111,4829326,2024-05-21T20:00:00Z,2024-05-22T00:39:00Z,2427.5,2424.3,-31.999999999998,-1.010728261933,31.66033958404,31.66033958404,0,sl,216,competition_session_edge_train_forward_2026,fixed,fixed,custom,1,1m,
competition_gold_futures_daily_tsmom_next_overnight_signalweekdayside_direction_momentum_entryminute_9_c8e1caae,gold_futures,Gold Futures,futures,GC,competition_session_edge,competition_session_edge|family=daily_tsmom_next_overnight_signalweekdayside|direction=momentum|entry=945|exit=570|lookback=3|signal_weekday_side=1_long,long,2024-06-04T19:45:00Z,4842093,4842386,2024-06-04T20:00:00Z,2024-06-05T01:54:00Z,2347.1,2350.2,31.000000000004,0.986630823715,31.420060325363,31.420060325363,0,tp,294,competition_session_edge_train_forward_2026,fixed,fixed,custom,1,1m,
competition_gold_futures_daily_tsmom_next_overnight_signalweekdayside_direction_momentum_entryminute_9_c8e1caae,gold_futures,Gold Futures,futures,GC,competition_session_edge,competition_session_edge|family=daily_tsmom_next_overnight_signalweekdayside|direction=momentum|entry=945|exit=570|lookback=3|signal_weekday_side=1_long,long,2024-06-18T19:45:00Z,4855865,4856106,2024-06-18T20:00:00Z,2024-06-19T01:07:00Z,2344.2,2341.3,-29.000000000001,-0.995097806457,29.142863959537,29.142863959537,0,sl,242,competition_session_edge_train_forward_2026,fixed,fixed,custom,1,1m,
competition_gold_futures_daily_tsmom_next_overnight_signalweekdayside_direction_momentum_entryminute_9_c8e1caae,gold_futures,Gold Futures,futures,GC,competition_session_edge,competition_session_edge|family=daily_tsmom_next_overnight_signalweekdayside|direction=momentum|entry=945|exit=570|lookback=3|signal_weekday_side=1_long,long,2024-07-02T19:45:00Z,4869453,4869765,2024-07-02T20:00:00Z,2024-07-03T02:20:00Z,2339.8,2337.2,-25.999999999999,-0.989124418601,26.28587416411,26.28587416411,0,sl,313,competition_session_edge_train_forward_2026,fixed,fixed,custom,1,1m,
competition_gold_futures_daily_tsmom_next_overnight_signalweekdayside_direction_momentum_entryminute_9_c8e1caae,gold_futures,Gold Futures,futures,GC,competition_session_edge,competition_session_edge|family=daily_tsmom_next_overnight_signalweekdayside|direction=momentum|entry=945|exit=570|lookback=3|signal_weekday_side=1_long,long,2024-07-09T19:45:00Z,4876162,4876349,2024-07-09T20:00:00Z,2024-07-10T00:13:00Z,2370.5,2373.3,28.000000000002,0.992832395129,28.202141809001,28.202141809001,0,tp,188,competition_session_edge_train_forward_2026,fixed,fixed,custom,1,1m,
competition_gold_futures_daily_tsmom_next_overnight_signalweekdayside_direction_momentum_entryminute_9_c8e1caae,gold_futures,Gold Futures,futures,GC,competition_session_edge,competition_session_edge|family=daily_tsmom_next_overnight_signalweekdayside|direction=momentum|entry=945|exit=570|lookback=3|signal_weekday_side=1_long,long,2024-07-16T19:45:00Z,4883037,4883257,2024-07-16T20:00:00Z,2024-07-17T00:40:00Z,2473.4,2476.9,35,0.998308314642,35.059309320229,35.059309320229,0,tp,221,competition_session_edge_train_forward_2026,fixed,fixed,custom,1,1m,
competition_gold_futures_daily_tsmom_next_overnight_signalweekdayside_direction_momentum_entryminute_9_c8e1caae,gold_futures,Gold Futures,futures,GC,competition_session_edge,competition_session_edge|family=daily_tsmom_next_overnight_signalweekdayside|direction=momentum|entry=945|exit=570|lookback=3|signal_weekday_side=1_long,long,2024-07-30T19:45:00Z,4896245,4896254,2024-07-30T20:00:00Z,2024-07-30T20:20:00Z,2405.2,2408.2,30,1.01511631282,29.553263622237,29.553263622237,0,tp_gap,10,competition_session_edge_train_forward_2026,fixed,fixed,custom,1,1m,
competition_gold_futures_daily_tsmom_next_overnight_signalweekdayside_direction_momentum_entryminute_9_c8e1caae,gold_futures,Gold Futures,futures,GC,competition_session_edge,competition_session_edge|family=daily_tsmom_next_overnight_signalweekdayside|direction=momentum|entry=945|exit=570|lookback=3|signal_weekday_side=1_long,long,2024-08-13T19:45:00Z,4909889,4909963,2024-08-13T20:00:00Z,2024-08-13T22:14:00Z,2506.8,2503.8,-30,-1.012104789071,29.641199531862,29.641199531862,0,sl,75,competition_session_edge_train_forward_2026,fixed,fixed,custom,1,1m,
competition_gold_futures_daily_tsmom_next_overnight_signalweekdayside_direction_momentum_entryminute_9_c8e1caae,gold_futures,Gold Futures,futures,GC,competition_session_edge,competition_session_edge|family=daily_tsmom_next_overnight_signalweekdayside|direction=momentum|entry=945|exit=570|lookback=3|signal_weekday_side=1_long,long,2024-08-20T19:45:00Z,4916765,4917037,2024-08-20T20:00:00Z,2024-08-21T01:32:00Z,2553.1,2549.3,-38.000000000002,-0.991820961903,38.313366484114,38.313366484114,0,sl,273,competition_session_edge_train_forward_2026,fixed,fixed,custom,1,1m,
competition_gold_futures_daily_tsmom_next_overnight_signalweekdayside_direction_momentum_entryminute_9_c8e1caae,gold_futures,Gold Futures,futures,GC,competition_session_edge,competition_session_edge|family=daily_tsmom_next_overnight_signalweekdayside|direction=momentum|entry=945|exit=570|lookback=3|signal_weekday_side=1_long,long,2024-08-27T19:45:00Z,4923651,4923776,2024-08-27T20:00:00Z,2024-08-27T23:07:00Z,2560.4,2563.1,27.000000000003,0.990998540313,27.245246992455,27.245246992455,0,tp,126,competition_session_edge_train_forward_2026,fixed,fixed,custom,1,1m,
competition_gold_futures_daily_tsmom_next_overnight_signalweekdayside_direction_momentum_entryminute_9_c8e1caae,gold_futures,Gold Futures,futures,GC,competition_session_edge,competition_session_edge|family=daily_tsmom_next_overnight_signalweekdayside|direction=momentum|entry=945|exit=570|lookback=3|signal_weekday_side=1_long,long,2024-09-10T19:45:00Z,4937268,4937507,2024-09-10T20:00:00Z,2024-09-11T01:05:00Z,2546.3,2543.7,-25.999999999999,-0.993759991488,26.16325895859,26.16325895859,0,sl,240,competition_session_edge_train_forward_2026,fixed,fixed,custom,1,1m,
competition_gold_futures_daily_tsmom_next_overnight_signalweekdayside_direction_momentum_entryminute_9_c8e1caae,gold_futures,Gold Futures,futures,GC,competition_session_edge,competition_session_edge|family=daily_tsmom_next_overnight_signalweekdayside|direction=momentum|entry=945|exit=570|lookback=3|signal_weekday_side=1_long,long,2024-09-17T19:45:00Z,4944146,4944273,2024-09-17T20:00:00Z,2024-09-17T23:08:00Z,2595.4,2598.8,34.000000000001,1.004802990027,33.837478926174,33.837478926174,0,tp,128,competition_session_edge_train_forward_2026,fixed,fixed,custom,1,1m,
competition_gold_futures_daily_tsmom_next_overnight_signalweekdayside_direction_momentum_entryminute_9_c8e1caae,gold_futures,Gold Futures,futures,GC,competition_session_edge,competition_session_edge|family=daily_tsmom_next_overnight_signalweekdayside|direction=momentum|entry=945|exit=570|lookback=3|signal_weekday_side=1_long,long,2024-09-24T19:45:00Z,4951034,4951071,2024-09-24T20:00:00Z,2024-09-24T20:37:00Z,2687.7,2683.9,-38.000000000002,-1.001402396878,37.946783549229,37.946783549229,0,sl,38,competition_session_edge_train_forward_2026,fixed,fixed,custom,1,1m,
competition_gold_futures_daily_tsmom_next_overnight_signalweekdayside_direction_momentum_entryminute_9_c8e1caae,gold_futures,Gold Futures,futures,GC,competition_session_edge,competition_session_edge|family=daily_tsmom_next_overnight_signalweekdayside|direction=momentum|entry=945|exit=570|lookback=3|signal_weekday_side=1_long,long,2024-10-15T19:45:00Z,4971683,4971861,2024-10-15T20:00:00Z,2024-10-16T00:06:00Z,2678.4,2675.2,-31.999999999998,-1.012635401731,31.600712305037,31.600712305037,0,sl,179,competition_session_edge_train_forward_2026,fixed,fixed,custom,1,1m,
competition_gold_futures_daily_tsmom_next_overnight_signalweekdayside_direction_momentum_entryminute_9_c8e1caae,gold_futures,Gold Futures,futures,GC,competition_session_edge,competition_session_edge|family=daily_tsmom_next_overnight_signalweekdayside|direction=momentum|entry=945|exit=570|lookback=3|signal_weekday_side=1_long,long,2024-10-22T19:45:00Z,4978561,4978724,2024-10-22T20:00:00Z,2024-10-22T23:46:00Z,2762.8,2760,-28.000000000002,-1.016003334249,27.558964676718,27.558964676718,0,sl,164,competition_session_edge_train_forward_2026,fixed,fixed,custom,1,1m,
competition_gold_futures_daily_tsmom_next_overnight_signalweekdayside_direction_momentum_entryminute_9_c8e1caae,gold_futures,Gold Futures,futures,GC,competition_session_edge,competition_session_edge|family=daily_tsmom_next_overnight_signalweekdayside|direction=momentum|entry=945|exit=570|lookback=3|signal_weekday_side=1_long,long,2024-10-29T19:45:00Z,4985447,4985502,2024-10-29T20:00:00Z,2024-10-29T20:56:00Z,2784.6,2787.6,30,0.98413632561,30.48358161296,30.48358161296,0,tp,56,competition_session_edge_train_forward_2026,fixed,fixed,custom,1,1m,
competition_gold_futures_daily_tsmom_next_overnight_signalweekdayside_direction_momentum_entryminute_9_c8e1caae,gold_futures,Gold Futures,futures,GC,competition_session_edge,competition_session_edge|family=daily_tsmom_next_overnight_signalweekdayside|direction=momentum|entry=945|exit=570|lookback=3|signal_weekday_side=1_long,long,2024-11-19T20:45:00Z,5006134,5006152,2024-11-19T21:00:00Z,2024-11-19T21:18:00Z,2637.4,2634.4,-30,-0.985372610186,30.4453357947,30.4453357947,0,sl,19,competition_session_edge_train_forward_2026,fixed,fixed,custom,1,1m,
competition_gold_futures_daily_tsmom_next_overnight_signalweekdayside_direction_momentum_entryminute_9_c8e1caae,gold_futures,Gold Futures,futures,GC,competition_session_edge,competition_session_edge|family=daily_tsmom_next_overnight_signalweekdayside|direction=momentum|entry=945|exit=570|lookback=3|signal_weekday_side=1_long,long,2024-12-03T20:45:00Z,5018393,5018564,2024-12-03T21:00:00Z,2024-12-04T00:51:00Z,2664.4,2661.3,-30.999999999999,-0.994584114507,31.168806687978,31.168806687978,0,sl,172,competition_session_edge_train_forward_2026,fixed,fixed,custom,1,1m,
competition_gold_futures_daily_tsmom_next_overnight_signalweekdayside_direction_momentum_entryminute_9_c8e1caae,gold_futures,Gold Futures,futures,GC,competition_session_edge,competition_session_edge|family=daily_tsmom_next_overnight_signalweekdayside|direction=momentum|entry=945|exit=570|lookback=3|signal_weekday_side=1_long,long,2024-12-10T20:45:00Z,5025287,5025325,2024-12-10T21:00:00Z,2024-12-10T21:38:00Z,2718.2,2720.8,25.999999999999,0.988016018209,26.315362828953,26.315362828953,0,tp,39,competition_session_edge_train_forward_2026,fixed,fixed,custom,1,1m,
competition_gold_futures_daily_tsmom_next_overnight_signalweekdayside_direction_momentum_entryminute_9_c8e1caae,gold_futures,Gold Futures,futures,GC,competition_session_edge,competition_session_edge|family=daily_tsmom_next_overnight_signalweekdayside|direction=momentum|entry=945|exit=570|lookback=3|signal_weekday_side=1_long,long,2025-01-21T20:45:00Z,5063530,5063579,2025-01-21T21:00:00Z,2025-01-21T21:50:00Z,2755.9,2758.9,30,1.012220846794,29.637800974985,29.637800974985,0,tp,50,competition_session_edge_train_forward_2026,fixed,fixed,custom,1,1m,
competition_gold_futures_daily_tsmom_next_overnight_signalweekdayside_direction_momentum_entryminute_9_c8e1caae,gold_futures,Gold Futures,futures,GC,competition_session_edge,competition_session_edge|family=daily_tsmom_next_overnight_signalweekdayside|direction=momentum|entry=945|exit=570|lookback=3|signal_weekday_side=1_long,long,2025-01-28T20:45:00Z,5070423,5070777,2025-01-28T21:00:00Z,2025-01-29T04:09:00Z,2771.8,2769.3,-25,-0.984066409135,25.404789522253,25.404789522253,0,sl,355,competition_session_edge_train_forward_2026,fixed,fixed,custom,1,1m,
competition_gold_futures_daily_tsmom_next_overnight_signalweekdayside_direction_momentum_entryminute_9_c8e1caae,gold_futures,Gold Futures,futures,GC,competition_session_edge,competition_session_edge|family=daily_tsmom_next_overnight_signalweekdayside|direction=momentum|entry=945|exit=570|lookback=3|signal_weekday_side=1_long,long,2025-02-04T20:45:00Z,5076701,5076881,2025-02-04T21:00:00Z,2025-02-05T01:00:00Z,2874.2,2877.5,32.999999999997,0.991895508752,33.269633453128,33.269633453128,0,tp,181,competition_session_edge_train_forward_2026,fixed,fixed,custom,1,1m,
competition_gold_futures_daily_tsmom_next_overnight_signalweekdayside_direction_momentum_entryminute_9_c8e1caae,gold_futures,Gold Futures,futures,GC,competition_session_edge,competition_session_edge|family=daily_tsmom_next_overnight_signalweekdayside|direction=momentum|entry=945|exit=570|lookback=3|signal_weekday_side=1_long,long,2025-02-11T20:45:00Z,5083600,5083762,2025-02-11T21:00:00Z,2025-02-12T00:42:00Z,2926.1,2922.2,-39.000000000001,-1.012907602559,38.503018341909,38.503018341909,0,sl,163,competition_session_edge_train_forward_2026,fixed,fixed,custom,1,1m,
competition_gold_futures_daily_tsmom_next_overnight_signalweekdayside_direction_momentum_entryminute_9_c8e1caae,gold_futures,Gold Futures,futures,GC,competition_session_edge,competition_session_edge|family=daily_tsmom_next_overnight_signalweekdayside|direction=momentum|entry=945|exit=570|lookback=3|signal_weekday_side=1_long,long,2025-02-18T20:45:00Z,5090345,5090385,2025-02-18T21:00:00Z,2025-02-18T21:40:00Z,2951.2,2954.1,29.000000000001,1.013027341664,28.627065437707,28.627065437707,0,tp,41,competition_session_edge_train_forward_2026,fixed,fixed,custom,1,1m,
competition_gold_futures_daily_tsmom_next_overnight_signalweekdayside_direction_momentum_entryminute_9_c8e1caae,gold_futures,Gold Futures,futures,GC,competition_session_edge,competition_session_edge|family=daily_tsmom_next_overnight_signalweekdayside|direction=momentum|entry=945|exit=570|lookback=3|signal_weekday_side=1_long,long,2025-03-04T20:45:00Z,5104140,5104160,2025-03-04T21:00:00Z,2025-03-04T21:20:00Z,2928.5,2924.4,-40.999999999999,-0.990154318611,41.40768689219,41.40768689219,0,sl,21,competition_session_edge_train_forward_2026,fixed,fixed,custom,1,1m,
competition_gold_futures_daily_tsmom_next_overnight_signalweekdayside_direction_momentum_entryminute_9_c8e1caae,gold_futures,Gold Futures,futures,GC,competition_session_edge,competition_session_edge|family=daily_tsmom_next_overnight_signalweekdayside|direction=momentum|entry=945|exit=570|lookback=3|signal_weekday_side=1_long,long,2025-03-11T19:45:00Z,5111036,5111087,2025-03-11T20:00:00Z,2025-03-11T20:51:00Z,2925.4,2922.1,-32.999999999997,-0.986324466878,33.457549830882,33.457549830882,0,sl,52,competition_session_edge_train_forward_2026,fixed,fixed,custom,1,1m,
competition_gold_futures_daily_tsmom_next_overnight_signalweekdayside_direction_momentum_entryminute_9_c8e1caae,gold_futures,Gold Futures,futures,GC,competition_session_edge,competition_session_edge|family=daily_tsmom_next_overnight_signalweekdayside|direction=momentum|entry=945|exit=570|lookback=3|signal_weekday_side=1_long,long,2025-03-18T19:45:00Z,5117929,5118000,2025-03-18T20:00:00Z,2025-03-18T22:11:00Z,3042.9,3039.9,-30,-0.994971295239,30.15162361322,30.15162361322,0,sl,72,competition_session_edge_train_forward_2026,fixed,fixed,custom,1,1m,
competition_gold_futures_daily_tsmom_next_overnight_signalweekdayside_direction_momentum_entryminute_9_c8e1caae,gold_futures,Gold Futures,futures,GC,competition_session_edge,competition_session_edge|family=daily_tsmom_next_overnight_signalweekdayside|direction=momentum|entry=945|exit=570|lookback=3|signal_weekday_side=1_long,long,2025-04-01T19:45:00Z,5131270,5131343,2025-04-01T20:00:00Z,2025-04-01T22:13:00Z,3150.9,3146.6,-42.999999999997,-1.011100622876,42.527913668653,42.527913668653,0,sl,74,competition_session_edge_train_forward_2026,fixed,fixed,custom,1,1m,
competition_gold_futures_daily_tsmom_next_overnight_signalweekdayside_direction_momentum_entryminute_9_c8e1caae,gold_futures,Gold Futures,futures,GC,competition_session_edge,competition_session_edge|family=daily_tsmom_next_overnight_signalweekdayside|direction=momentum|entry=945|exit=570|lookback=3|signal_weekday_side=1_long,long,2025-04-15T19:45:00Z,5145070,5145072,2025-04-15T20:00:00Z,2025-04-15T20:02:00Z,3246.9,3250.8,39.000000000001,1.000292382387,38.988600419945,38.988600419945,0,tp,3,competition_session_edge_train_forward_2026,fixed,fixed,custom,1,1m,
competition_gold_futures_daily_tsmom_next_overnight_signalweekdayside_direction_momentum_entryminute_9_c8e1caae,gold_futures,Gold Futures,futures,GC,competition_session_edge,competition_session_edge|family=daily_tsmom_next_overnight_signalweekdayside|direction=momentum|entry=945|exit=570|lookback=3|signal_weekday_side=1_long,long,2025-04-22T19:45:00Z,5150590,5150650,2025-04-22T20:00:00Z,2025-04-22T22:00:00Z,3387.7,3375.3,-124.000000000001,-0.999252703902,124.092734015957,124.092734015957,0,sl_gap,61,competition_session_edge_train_forward_2026,fixed,fixed,custom,1,1m,
competition_gold_futures_daily_tsmom_next_overnight_signalweekdayside_direction_momentum_entryminute_9_c8e1caae,gold_futures,Gold Futures,futures,GC,competition_session_edge,competition_session_edge|family=daily_tsmom_next_overnight_signalweekdayside|direction=momentum|entry=945|exit=570|lookback=3|signal_weekday_side=1_long,long,2025-05-06T19:45:00Z,5164389,5164424,2025-05-06T20:00:00Z,2025-05-06T20:35:00Z,3431.5,3437.3,58.000000000002,1.007887309526,57.546115971325,57.546115971325,0,tp,36,competition_session_edge_train_forward_2026,fixed,fixed,custom,1,1m,
competition_gold_futures_daily_tsmom_next_overnight_signalweekdayside_direction_momentum_entryminute_9_c8e1caae,gold_futures,Gold Futures,futures,GC,competition_session_edge,competition_session_edge|family=daily_tsmom_next_overnight_signalweekdayside|direction=momentum|entry=945|exit=570|lookback=3|signal_weekday_side=1_long,long,2025-05-20T19:45:00Z,5178186,5178220,2025-05-20T20:00:00Z,2025-05-20T20:34:00Z,3296.7,3291.7,-50,-1.007785854517,49.613714834242,49.613714834242,0,sl,35,competition_session_edge_train_forward_2026,fixed,fixed,custom,1,1m,
competition_gold_futures_daily_tsmom_next_overnight_signalweekdayside_direction_momentum_entryminute_9_c8e1caae,gold_futures,Gold Futures,futures,GC,competition_session_edge,competition_session_edge|family=daily_tsmom_next_overnight_signalweekdayside|direction=momentum|entry=945|exit=570|lookback=3|signal_weekday_side=1_long,long,2025-06-03T19:45:00Z,5191170,5191233,2025-06-03T20:00:00Z,2025-06-03T22:03:00Z,3376.4,3380.2,38.000000000002,0.996442423236,38.135670575529,38.135670575529,0,tp,64,competition_session_edge_train_forward_2026,fixed,fixed,custom,1,1m,
competition_gold_futures_daily_tsmom_next_overnight_signalweekdayside_direction_momentum_entryminute_9_c8e1caae,gold_futures,Gold Futures,futures,GC,competition_session_edge,competition_session_edge|family=daily_tsmom_next_overnight_signalweekdayside|direction=momentum|entry=945|exit=570|lookback=3|signal_weekday_side=1_long,long,2025-07-01T19:45:00Z,5218613,5218699,2025-07-01T20:00:00Z,2025-07-01T22:26:00Z,3349.4,3352.7,33.000000000002,0.990303853674,33.323105708986,33.323105708986,0,tp,87,competition_session_edge_train_forward_2026,fixed,fixed,custom,1,1m,
competition_gold_futures_daily_tsmom_next_overnight_signalweekdayside_direction_momentum_entryminute_9_c8e1caae,gold_futures,Gold Futures,futures,GC,competition_session_edge,competition_session_edge|family=daily_tsmom_next_overnight_signalweekdayside|direction=momentum|entry=945|exit=570|lookback=3|signal_weekday_side=1_long,long,2025-07-15T19:45:00Z,5232162,5232209,2025-07-15T20:00:00Z,2025-07-15T20:47:00Z,3337,3332.8,-41.999999999998,-0.997666995721,42.09821531648,42.09821531648,0,sl,48,competition_session_edge_train_forward_2026,fixed,fixed,custom,1,1m,
competition_gold_futures_daily_tsmom_next_overnight_signalweekdayside_direction_momentum_entryminute_9_c8e1caae,gold_futures,Gold Futures,futures,GC,competition_session_edge,competition_session_edge|family=daily_tsmom_next_overnight_signalweekdayside|direction=momentum|entry=945|exit=570|lookback=3|signal_weekday_side=1_long,long,2025-07-22T19:45:00Z,5239056,5239211,2025-07-22T20:00:00Z,2025-07-22T23:36:00Z,3443.9,3440.3,-35.999999999999,-1.00570989744,35.795610733909,35.795610733909,0,sl,156,competition_session_edge_train_forward_2026,fixed,fixed,custom,1,1m,
competition_gold_futures_daily_tsmom_next_overnight_signalweekdayside_direction_momentum_entryminute_9_c8e1caae,gold_futures,Gold Futures,futures,GC,competition_session_edge,competition_session_edge|family=daily_tsmom_next_overnight_signalweekdayside|direction=momentum|entry=945|exit=570|lookback=3|signal_weekday_side=1_long,long,2025-08-05T19:45:00Z,5252167,5252316,2025-08-05T20:00:00Z,2025-08-05T23:31:00Z,3433.5,3436.9,34.000000000001,1.01111193129,33.626346349839,33.626346349839,0,tp,150,competition_session_edge_train_forward_2026,fixed,fixed,custom,1,1m,
competition_gold_futures_daily_tsmom_next_overnight_signalweekdayside_direction_momentum_entryminute_9_c8e1caae,gold_futures,Gold Futures,futures,GC,competition_session_edge,competition_session_edge|family=daily_tsmom_next_overnight_signalweekdayside|direction=momentum|entry=945|exit=570|lookback=3|signal_weekday_side=1_long,long,2025-08-26T19:45:00Z,5272844,5272878,2025-08-26T20:00:00Z,2025-08-26T20:34:00Z,3437.7,3440.6,29.000000000001,0.999649670143,29.010163126313,29.010163126313,0,tp,35,competition_session_edge_train_forward_2026,fixed,fixed,custom,1,1m,
competition_gold_futures_daily_tsmom_next_overnight_signalweekdayside_direction_momentum_entryminute_9_c8e1caae,gold_futures,Gold Futures,futures,GC,competition_session_edge,competition_session_edge|family=daily_tsmom_next_overnight_signalweekdayside|direction=momentum|entry=945|exit=570|lookback=3|signal_weekday_side=1_long,long,2025-09-02T19:45:00Z,5279586,5279785,2025-09-02T20:00:00Z,2025-09-03T00:19:00Z,3597.8,3603.2,54.000000000001,1.003154088973,53.830214713353,53.830214713353,0,tp,200,competition_session_edge_train_forward_2026,fixed,fixed,custom,1,1m,
competition_gold_futures_daily_tsmom_next_overnight_signalweekdayside_direction_momentum_entryminute_9_c8e1caae,gold_futures,Gold Futures,futures,GC,competition_session_edge,competition_session_edge|family=daily_tsmom_next_overnight_signalweekdayside|direction=momentum|entry=945|exit=570|lookback=3|signal_weekday_side=1_long,long,2025-09-09T19:45:00Z,5286485,5286545,2025-09-09T20:00:00Z,2025-09-09T22:00:00Z,3668.3,3662.8,-55,-0.994362109686,55.31184209884,55.31184209884,0,sl_gap,61,competition_session_edge_train_forward_2026,fixed,fixed,custom,1,1m,
competition_gold_futures_daily_tsmom_next_overnight_signalweekdayside_direction_momentum_entryminute_9_c8e1caae,gold_futures,Gold Futures,futures,GC,competition_session_edge,competition_session_edge|family=daily_tsmom_next_overnight_signalweekdayside|direction=momentum|entry=945|exit=570|lookback=3|signal_weekday_side=1_long,long,2025-09-16T19:45:00Z,5293383,5293403,2025-09-16T20:00:00Z,2025-09-16T20:20:00Z,3726.8,3730.2,34.000000000001,0.992350050394,34.262103364129,34.262103364129,0,tp,21,competition_session_edge_train_forward_2026,fixed,fixed,custom,1,1m,
competition_gold_futures_daily_tsmom_next_overnight_signalweekdayside_direction_momentum_entryminute_9_c8e1caae,gold_futures,Gold Futures,futures,GC,competition_session_edge,competition_session_edge|family=daily_tsmom_next_overnight_signalweekdayside|direction=momentum|entry=945|exit=570|lookback=3|signal_weekday_side=1_long,long,2025-09-23T19:45:00Z,5300283,5300572,2025-09-23T20:00:00Z,2025-09-24T01:49:00Z,3796.6,3789.3,-73.000000000002,-1.001229448824,72.910360443093,72.910360443093,0,sl,290,competition_session_edge_train_forward_2026,fixed,fixed,custom,1,1m,
competition_gold_futures_daily_tsmom_next_overnight_signalweekdayside_direction_momentum_entryminute_9_c8e1caae,gold_futures,Gold Futures,futures,GC,competition_session_edge,competition_session_edge|family=daily_tsmom_next_overnight_signalweekdayside|direction=momentum|entry=945|exit=570|lookback=3|signal_weekday_side=1_long,long,2025-09-30T19:45:00Z,5307182,5307187,2025-09-30T20:00:00Z,2025-09-30T20:05:00Z,3886.8,3880.8,-60,-1.001039251696,59.937709633624,59.937709633624,0,sl,6,competition_session_edge_train_forward_2026,fixed,fixed,custom,1,1m,
competition_gold_futures_daily_tsmom_next_overnight_signalweekdayside_direction_momentum_entryminute_9_c8e1caae,gold_futures,Gold Futures,futures,GC,competition_session_edge,competition_session_edge|family=daily_tsmom_next_overnight_signalweekdayside|direction=momentum|entry=945|exit=570|lookback=3|signal_weekday_side=1_long,long,2025-10-07T19:45:00Z,5314082,5314135,2025-10-07T20:00:00Z,2025-10-07T20:53:00Z,4002.7,4009.4,66.999999999998,0.993033438697,67.470034128886,67.470034128886,0,tp,54,competition_session_edge_train_forward_2026,fixed,fixed,custom,1,1m,
competition_gold_futures_daily_tsmom_next_overnight_signalweekdayside_direction_momentum_entryminute_9_c8e1caae,gold_futures,Gold Futures,futures,GC,competition_session_edge,competition_session_edge|family=daily_tsmom_next_overnight_signalweekdayside|direction=momentum|entry=945|exit=570|lookback=3|signal_weekday_side=1_long,long,2025-10-14T19:45:00Z,5320982,5321053,2025-10-14T20:00:00Z,2025-10-14T22:11:00Z,4159.3,4168.6,93.000000000002,0.997669762907,93.217218219557,93.217218219557,0,tp,72,competition_session_edge_train_forward_2026,fixed,fixed,custom,1,1m,
competition_gold_futures_daily_tsmom_next_overnight_signalweekdayside_direction_momentum_entryminute_9_c8e1caae,gold_futures,Gold Futures,futures,GC,competition_session_edge,competition_session_edge|family=daily_tsmom_next_overnight_signalweekdayside|direction=momentum|entry=945|exit=570|lookback=3|signal_weekday_side=1_long,long,2025-11-11T20:45:00Z,5348581,5348659,2025-11-11T21:00:00Z,2025-11-11T23:18:00Z,4135.6,4141.7,60.999999999995,1.006445230245,60.609358728003,60.609358728003,0,tp,79,competition_session_edge_train_forward_2026,fixed,fixed,custom,1,1m,
competition_gold_futures_daily_tsmom_next_overnight_signalweekdayside_direction_momentum_entryminute_9_c8e1caae,gold_futures,Gold Futures,futures,GC,competition_session_edge,competition_session_edge|family=daily_tsmom_next_overnight_signalweekdayside|direction=momentum|entry=945|exit=570|lookback=3|signal_weekday_side=1_long,long,2025-11-25T20:45:00Z,5362380,5362478,2025-11-25T21:00:00Z,2025-11-26T00:24:00Z,4129.1,4137.2,80.999999999995,0.997507795437,81.2023729243,81.2023729243,0,tp,99,competition_session_edge_train_forward_2026,fixed,fixed,custom,1,1m,
competition_gold_futures_daily_tsmom_next_overnight_signalweekdayside_direction_momentum_entryminute_9_c8e1caae,gold_futures,Gold Futures,futures,GC,competition_session_edge,competition_session_edge|family=daily_tsmom_next_overnight_signalweekdayside|direction=momentum|entry=945|exit=570|lookback=3|signal_weekday_side=1_long,long,2025-12-02T20:45:00Z,5367854,5368040,2025-12-02T21:00:00Z,2025-12-03T01:06:00Z,4241.6,4249.8,81.999999999998,1.003566566956,81.708580875431,81.708580875431,0,tp,187,competition_session_edge_train_forward_2026,fixed,fixed,custom,1,1m,
competition_gold_futures_daily_tsmom_next_overnight_signalweekdayside_direction_momentum_entryminute_9_c8e1caae,gold_futures,Gold Futures,futures,GC,competition_session_edge,competition_session_edge|family=daily_tsmom_next_overnight_signalweekdayside|direction=momentum|entry=945|exit=570|lookback=3|signal_weekday_side=1_long,long,2025-12-09T20:45:00Z,5374753,5374954,2025-12-09T21:00:00Z,2025-12-10T01:21:00Z,4240.900000000001,4246.900000000001,60,1.001244157268,59.925443324167,59.925443324167,0,tp,202,competition_session_edge_train_forward_2026,fixed,fixed,custom,1,1m,
competition_gold_futures_daily_tsmom_next_overnight_signalweekdayside_direction_momentum_entryminute_9_c8e1caae,gold_futures,Gold Futures,futures,GC,competition_session_edge,competition_session_edge|family=daily_tsmom_next_overnight_signalweekdayside|direction=momentum|entry=945|exit=570|lookback=3|signal_weekday_side=1_long,long,2025-12-16T20:45:00Z,5381653,5381789,2025-12-16T21:00:00Z,2025-12-17T00:17:00Z,4334.1,4342,78.999999999996,0.995530788125,79.354652756443,79.354652756443,0,tp,137,competition_session_edge_train_forward_2026,fixed,fixed,custom,1,1m,
competition_gold_futures_daily_tsmom_next_overnight_signalweekdayside_direction_momentum_entryminute_9_c8e1caae,gold_futures,Gold Futures,futures,GC,competition_session_edge,competition_session_edge|family=daily_tsmom_next_overnight_signalweekdayside|direction=momentum|entry=945|exit=570|lookback=3|signal_weekday_side=1_long,long,2025-12-23T20:45:00Z,5388552,5388607,2025-12-23T21:00:00Z,2025-12-23T21:55:00Z,4523.8,4516,-78.000000000002,-1.003902505841,77.696787831636,77.696787831636,0,sl,56,competition_session_edge_train_forward_2026,fixed,fixed,custom,1,1m,
competition_gold_futures_daily_tsmom_next_overnight_signalweekdayside_direction_momentum_entryminute_9_c8e1caae,gold_futures,Gold Futures,futures,GC,competition_session_edge,competition_session_edge|family=daily_tsmom_next_overnight_signalweekdayside|direction=momentum|entry=945|exit=570|lookback=3|signal_weekday_side=1_long,long,2026-01-06T20:45:00Z,5399397,5399478,2026-01-06T21:00:00Z,2026-01-06T23:21:00Z,4504.1,4511.5,73.999999999996,1.003457096884,73.745056196031,73.745056196031,0,tp,82,competition_session_edge_train_forward_2026,fixed,fixed,custom,1,1m,
competition_gold_futures_daily_tsmom_next_overnight_signalweekdayside_direction_momentum_entryminute_9_c8e1caae,gold_futures,Gold Futures,futures,GC,competition_session_edge,competition_session_edge|family=daily_tsmom_next_overnight_signalweekdayside|direction=momentum|entry=945|exit=570|lookback=3|signal_weekday_side=1_long,long,2026-01-13T20:45:00Z,5406297,5406382,2026-01-13T21:00:00Z,2026-01-13T23:25:00Z,4594.2,4605,108.000000000002,1.001161687358,107.874683344146,107.874683344146,0,tp,86,competition_session_edge_train_forward_2026,fixed,fixed,custom,1,1m,
competition_gold_futures_daily_tsmom_next_overnight_signalweekdayside_direction_momentum_entryminute_9_c8e1caae,gold_futures,Gold Futures,futures,GC,competition_session_edge,competition_session_edge|family=daily_tsmom_next_overnight_signalweekdayside|direction=momentum|entry=945|exit=570|lookback=3|signal_weekday_side=1_long,long,2026-01-20T20:45:00Z,5413047,5413107,2026-01-20T21:00:00Z,2026-01-20T23:00:00Z,4761.5,4769.900000000001,84.000000000005,0.995518537306,84.378137475298,84.378137475298,0,tp,61,competition_session_edge_train_forward_2026,fixed,fixed,custom,1,1m,
competition_gold_futures_daily_tsmom_next_overnight_signalweekdayside_direction_momentum_entryminute_9_c8e1caae,gold_futures,Gold Futures,futures,GC,competition_session_edge,competition_session_edge|family=daily_tsmom_next_overnight_signalweekdayside|direction=momentum|entry=945|exit=570|lookback=3|signal_weekday_side=1_long,long,2026-01-27T20:45:00Z,5419947,5420031,2026-01-27T21:00:00Z,2026-01-27T23:24:00Z,5175,5158.400000000001,-165.999999999995,-1.000882026653,165.853712604968,165.853712604968,0,sl,85,competition_session_edge_train_forward_2026,fixed,fixed,custom,1,1m,
competition_gold_futures_daily_tsmom_next_overnight_signalweekdayside_direction_momentum_entryminute_9_c8e1caae,gold_futures,Gold Futures,futures,GC,competition_session_edge,competition_session_edge|family=daily_tsmom_next_overnight_signalweekdayside|direction=momentum|entry=945|exit=570|lookback=3|signal_weekday_side=1_long,long,2026-02-10T20:45:00Z,5433257,5433335,2026-02-10T21:00:00Z,2026-02-10T23:18:00Z,5052,5065,130,1.001809563589,129.765181652179,129.765181652179,0,tp,79,competition_session_edge_train_forward_2026,fixed,fixed,custom,1,1m,
competition_gold_futures_daily_tsmom_next_overnight_signalweekdayside_direction_momentum_entryminute_9_c8e1caae,gold_futures,Gold Futures,futures,GC,competition_session_edge,competition_session_edge|family=daily_tsmom_next_overnight_signalweekdayside|direction=momentum|entry=945|exit=570|lookback=3|signal_weekday_side=1_long,long,2026-02-24T20:45:00Z,5446872,5446902,2026-02-24T21:00:00Z,2026-02-24T21:30:00Z,5181.900000000001,5170.200000000001,-116.999999999998,-0.997706271368,117.268983224454,117.268983224454,0,sl,31,competition_session_edge_train_forward_2026,fixed,fixed,custom,1,1m,
competition_gold_futures_daily_tsmom_next_overnight_signalweekdayside_direction_momentum_entryminute_9_c8e1caae,gold_futures,Gold Futures,futures,GC,competition_session_edge,competition_session_edge|family=daily_tsmom_next_overnight_signalweekdayside|direction=momentum|entry=945|exit=570|lookback=3|signal_weekday_side=1_long,long,2026-03-10T19:45:00Z,5460560,5460630,2026-03-10T20:00:00Z,2026-03-10T22:10:00Z,5206.700000000001,5191.8,-149.000000000005,-1.001922063123,148.714161993409,148.714161993409,0,sl,71,competition_session_edge_train_forward_2026,fixed,fixed,custom,1,1m,
competition_gold_futures_daily_tsmom_next_overnight_signalweekdayside_direction_momentum_entryminute_9_c8e1caae,gold_futures,Gold Futures,futures,GC,competition_session_edge,competition_session_edge|family=daily_tsmom_next_overnight_signalweekdayside|direction=momentum|entry=945|exit=570|lookback=3|signal_weekday_side=1_long,long,2026-03-31T19:45:00Z,5481066,5481093,2026-03-31T20:00:00Z,2026-03-31T20:27:00Z,4713.400000000001,4698.400000000001,-150,-0.997455789662,150.382604978229,150.382604978229,0,sl,28,competition_session_edge_train_forward_2026,fixed,fixed,custom,1,1m,
competition_gold_futures_daily_tsmom_next_overnight_signalweekdayside_direction_momentum_entryminute_9_c8e1caae,gold_futures,Gold Futures,futures,GC,competition_session_edge,competition_session_edge|family=daily_tsmom_next_overnight_signalweekdayside|direction=momentum|entry=945|exit=570|lookback=3|signal_weekday_side=1_long,long,2026-04-14T19:45:00Z,5493479,5493559,2026-04-14T20:00:00Z,2026-04-14T22:20:00Z,4869.2,4859.7,-95,-1.002772121999,94.737376434701,94.737376434701,0,sl,81,competition_session_edge_train_forward_2026,fixed,fixed,custom,1,1m,
