dataset,trades,wins,losses,win_rate_pct,confidence_pct,confidence_lower_95_pct,profit_factor_atr,avg_pnl_atr,trades_per_day,trades_per_week,trades_per_month,active_days,trades_per_active_day,active_weeks,trades_per_active_week,base_trades,base_win_rate_pct,market,symbol
momentum,89,86,3,96.62921348314607,96.35210553018771,92.50009812815007,86.17972417673114,2.487586007339564,0.12217582794714865,0.8552307956300406,3.7187267631413374,72,1.2361111111111112,45,1.9777777777777779,438,71.68949771689498,forex,AUDUSD
momentum,72,70,2,97.22222222222221,96.81126331811262,92.80801542218602,13.664628941749145,2.6983639530820107,0.09942319586887415,0.695962371082119,3.026193524258857,61,1.180327868852459,49,1.469387755102041,360,67.22222222222223,forex,EURUSD
momentum,110,101,9,91.81818181818183,91.62028270308525,86.48862644777805,58.26092967415447,2.2342405864243244,0.15092829476753328,1.056498063372733,4.593879971986794,101,1.0891089108910892,60,1.8333333333333333,471,69.85138004246284,forex,GBPUSD
momentum,110,104,6,94.54545454545455,94.31854214462909,90.03132486525155,26.22648286280733,2.6256261579611255,0.15114215377569132,1.0579950764298391,4.600389305547604,102,1.0784313725490196,63,1.746031746031746,483,69.35817805383023,forex,NZDUSD
momentum,56,53,3,94.64285714285714,94.1936885557547,88.1749824093096,49.23159343655375,2.21609911832282,0.07850352652560565,0.5495246856792395,2.3894510886231215,54,1.037037037037037,39,1.435897435897436,323,69.04024767801857,forex,USDCAD
momentum,65,63,2,96.92307692307692,96.5344938749194,92.15480492689113,528.615073396818,2.3090861552717774,0.08903728436282693,0.6232609905397886,2.710072342793545,63,1.0317460317460319,40,1.625,376,71.27659574468085,forex,USDCHF
momentum,72,69,3,95.83333333333334,95.44711311362232,90.69742557217249,63.81000961300858,2.3396939442268225,0.09880778797495497,0.6916545158246847,3.0074620464876918,64,1.125,44,1.6363636363636365,377,67.63925729442971,forex,USDJPY
momentum,68,65,3,95.58823529411765,95.21093413689195,90.20856346653049,44.726721609159554,2.3922166003700376,0.09335716839470862,0.6535001787629603,2.8415588130139433,61,1.1147540983606556,46,1.4782608695652173,404,69.55445544554455,futures,6A
momentum,107,104,3,97.19626168224299,96.96387235449735,93.74274562924289,110.09274871347931,2.483198690451261,0.14652725275665807,1.0256907692966064,4.4599232557807795,90,1.1888888888888889,59,1.8135593220338984,448,72.09821428571429,futures,6B
momentum,107,99,8,92.5233644859813,92.30590423059041,87.30283679451702,68.33989475973992,2.2337660410069047,0.14652725275665807,1.0256907692966064,4.4599232557807795,98,1.0918367346938775,66,1.621212121212121,478,69.0376569037657,futures,6C
momentum,71,69,2,97.1830985915493,96.77777777777779,92.72679675856845,13.36967664468177,2.6388634839038976,0.09795496026328271,0.6856847218429789,2.981504103013667,65,1.0923076923076922,47,1.5106382978723405,375,68.0,futures,6E
momentum,80,79,1,98.75,98.42732179415597,95.73438032962957,416.664424284612,2.261181235461987,0.10971115110996829,0.767978057769778,3.33933316190966,69,1.1594202898550725,49,1.6326530612244898,398,72.61306532663316,futures,6J
momentum,92,84,8,91.30434782608695,91.0394265232975,85.26545278929785,37.17288936862984,2.4438543588816084,0.1262471768775551,0.8837302381428858,3.8426484462105837,88,1.0454545454545454,55,1.6727272727272726,393,66.66666666666666,futures,CL
momentum,83,74,9,89.1566265060241,88.94557823129252,82.27940177872752,32.58475947522668,2.419047180676775,0.11379605826906598,0.7965724078834618,3.4636675235646956,80,1.0375,50,1.66,364,71.42857142857143,futures,ES
momentum,66,63,3,95.45454545454545,95.04294171600101,89.88384627050918,145.82681717399416,2.3970260007240984,0.0907788411943378,0.6354518883603646,2.7630809788526567,59,1.11864406779661,42,1.5714285714285714,358,67.87709497206704,futures,GC
momentum,64,62,2,96.875,96.40498319161559,91.91355658016049,321.56972169487426,2.6635996043543138,0.08776139869729174,0.6143297908810421,2.6712375728488174,60,1.0666666666666667,46,1.391304347826087,389,66.32390745501286,futures,HG
momentum,90,87,3,96.66666666666667,96.35018720891296,92.5182027988906,171.2368647254389,2.6373699745644097,0.12322085627085769,0.8625459938960038,3.7505348127442306,79,1.139240506329114,51,1.7647058823529411,361,67.86703601108033,futures,NG
momentum,70,63,7,90.0,89.65544680512453,82.62093388921417,16.2452471008171,2.7545250197936055,0.09611671315168419,0.6728169920617894,2.925552456554388,66,1.0606060606060606,43,1.627906976744186,354,65.5367231638418,futures,NQ
momentum,90,81,9,90.0,89.75197830159662,83.55465445997139,32.13292639232239,2.7488576957442703,0.12379642365887207,0.8665749656121045,3.768053645116919,84,1.0714285714285714,57,1.5789473684210527,393,67.43002544529261,futures,RTY
momentum,79,74,5,93.67088607594937,93.38178294573642,87.9678216590673,28.222638241884336,2.5129588590725995,0.10942933410287857,0.76600533872015,3.3307553567563666,70,1.1285714285714286,48,1.6458333333333333,387,70.54263565891473,futures,SI
momentum,96,88,8,91.66666666666666,91.40372800166615,85.85389311614833,52.820183670963274,2.5389121786567745,0.1315030963728204,0.9205216746097429,4.002625495847721,87,1.103448275862069,63,1.5238095238095237,396,66.16161616161617,futures,YM
momentum,79,78,1,98.73417721518987,98.36842105263158,95.60946070614317,inf,2.635981956251588,0.10991782251402235,0.7694247575981564,3.345623722770555,76,1.0394736842105263,52,1.5192307692307692,380,69.47368421052632,futures,ZB
momentum,56,52,4,92.85714285714286,92.50762233218374,85.73213302431402,34.20402508651715,2.3682399265765404,0.07831597348677981,0.5482118144074587,2.38374244300386,54,1.037037037037037,38,1.4736842105263157,351,72.93447293447294,futures,ZN
momentum,86,85,1,98.83720930232558,98.53984491008086,96.03361928681669,234.35536221340507,2.3962345459600005,0.1179731931067989,0.8258123517475923,3.5908090651881914,73,1.178082191780822,52,1.6538461538461537,418,72.96650717703349,gold_spot,XAUUSD
mean_reversion,75,75,0,100.0,99.64223246939102,98.3086100274658,inf,5.040950225768913,0.10278812797121932,0.7195168957985353,3.128613645123988,73,1.0273972602739727,51,1.4705882352941178,331,72.80966767371602,forex,AUDUSD
mean_reversion,50,50,0,100.0,99.44914420617746,97.43739478301917,inf,4.917526093440672,0.06934011325551831,0.48538079278862817,2.1105396972148385,50,1.0,39,1.2820512820512822,299,71.90635451505017,forex,EURUSD
mean_reversion,55,55,0,100.0,99.52008928571429,97.72595789440336,inf,4.924433467948062,0.0754932799542465,0.5284529596797255,2.297826708607378,55,1.0,46,1.1956521739130435,320,73.125,forex,GBPUSD
mean_reversion,55,55,0,100.0,99.43580192813322,97.49131139712951,inf,5.3974525208815365,0.0755343194758376,0.5287402363308632,2.2990758490458068,52,1.0576923076923077,41,1.3414634146341464,326,68.40490797546013,forex,NZDUSD
mean_reversion,35,35,0,100.0,98.95564168819982,95.67997086225525,inf,4.743543312950439,0.048601267104463795,0.3402088697312466,1.4793010674921168,35,1.0,29,1.206896551724138,258,62.4031007751938,forex,USDCAD
mean_reversion,33,33,0,100.0,99.06464352525461,95.87553008262071,inf,5.441847297532974,0.0457004370969836,0.31990305967888516,1.3910070541394381,33,1.0,30,1.1,283,68.19787985865725,forex,USDCHF
mean_reversion,55,55,0,100.0,99.44601603017445,97.51910821924442,inf,5.441793970564699,0.07548356659852179,0.5283849661896525,2.297531058342507,53,1.0377358490566038,43,1.2790697674418605,303,68.97689768976898,forex,USDJPY
mean_reversion,73,72,1,98.63013698630137,98.27010745685445,95.31926707260216,2795.1054587626727,5.352947360599227,0.10004711122532015,0.700329778577241,3.045183947920682,69,1.0579710144927537,48,1.5208333333333333,332,71.98795180722891,futures,6A
mean_reversion,50,50,0,100.0,99.4956181829645,97.57015114729157,inf,5.376245295822223,0.0686224052153028,0.4803568365071196,2.088694458740779,50,1.0,40,1.25,311,74.27652733118971,futures,6B
mean_reversion,48,48,0,100.0,99.28502013050118,96.94962784956944,inf,4.9359461378257095,0.06667534835265009,0.4667274384685506,2.029430915483787,48,1.0,39,1.2307692307692308,294,64.96598639455783,futures,6C
mean_reversion,58,58,0,100.0,99.48290721057167,97.66806479339138,inf,5.307362465394011,0.0803613953555501,0.5625297674888506,2.445999971134556,57,1.0175438596491229,42,1.380952380952381,295,69.49152542372882,futures,6E
mean_reversion,60,60,0,100.0,99.52475036044216,97.81281771730033,inf,5.507980425111605,0.08234570901656922,0.5764199631159845,2.5063975181918257,60,1.0,43,1.3953488372093024,307,71.00977198697068,futures,6J
mean_reversion,62,62,0,100.0,99.52432656015718,97.8386076474248,inf,5.747230480977829,0.08524289642529789,0.5967002749770852,2.5945806599450045,62,1.0,44,1.4090909090909092,307,70.03257328990227,futures,CL
mean_reversion,51,51,0,100.0,99.53007518796994,97.68883904741912,inf,7.097221237192658,0.07067178613701319,0.4947025029590923,2.1510724905453387,49,1.0408163265306123,39,1.3076923076923077,266,75.56390977443608,futures,ES
mean_reversion,55,55,0,100.0,99.47254702592781,97.59209553156141,inf,4.401025481237406,0.07564903432861482,0.5295432403003038,2.302567482377214,53,1.0377358490566038,43,1.2790697674418605,281,70.46263345195729,futures,GC
mean_reversion,58,58,0,100.0,99.53320366768548,97.80844571881781,inf,5.055434848665953,0.07956104252400549,0.5569272976680384,2.4216392318244173,57,1.0175438596491229,46,1.2608695652173914,305,72.45901639344262,futures,HG
mean_reversion,50,50,0,100.0,99.47478991596638,97.51017497375155,inf,7.45672212565866,0.07008424710537459,0.49058972973762205,2.133189271269839,49,1.0204081632653061,38,1.3157894736842106,280,73.21428571428571,futures,NG
mean_reversion,53,53,0,100.0,99.48986722571628,97.60706039415236,inf,5.772466731138922,0.07344322873062155,0.5141026011143508,2.235428274488293,53,1.0,43,1.2325581395348837,265,72.45283018867924,futures,NQ
mean_reversion,62,62,0,100.0,99.5472287275566,97.90240219315034,inf,5.706986106265983,0.08510759991420605,0.5957531993994423,2.5904625723886463,61,1.0163934426229508,46,1.3478260869565217,305,71.47540983606558,futures,RTY
mean_reversion,56,56,0,100.0,99.462069808668,97.57957502792969,inf,5.494656658495946,0.07700902449505802,0.5390631714654062,2.3439621830683284,55,1.018181818181818,37,1.5135135135135136,287,69.33797909407666,futures,SI
mean_reversion,61,61,0,100.0,99.5529781321735,97.90566064277493,inf,6.833917999954016,0.08476514438734892,0.5933560107114425,2.580039082289933,61,1.0,45,1.3555555555555556,267,72.28464419475655,futures,YM
mean_reversion,41,41,0,100.0,99.19031585698251,96.51167618165547,inf,5.479720046947635,0.057005474611128815,0.3990383222779017,1.7351041334762334,41,1.0,32,1.28125,297,65.993265993266,futures,ZB
mean_reversion,46,46,0,100.0,99.33740705293383,97.04223489549281,inf,5.528517615682344,0.06361737376647698,0.4453216163653389,1.9363538140171435,46,1.0,33,1.393939393939394,289,68.85813148788927,futures,ZN
mean_reversion,52,52,0,100.0,99.45713339953657,97.49727939048412,inf,4.61216501905298,0.07152272336523584,0.5006590635566509,2.1769728924293656,49,1.0612244897959184,42,1.2380952380952381,285,71.2280701754386,gold_spot,XAUUSD
