market,symbol,phase,side,signal_index,entry_index,exit_index,signal_time,entry_time,exit_time,entry_price,exit_price,gross_units,net_units,r_multiple,tp_units,sl_units,cost_units,exit_reason,bars_held
futures,ZN,mean_reversion,short,3342,3343,3576,2023-12-19 14:15:00+00:00,2023-12-19 14:30:00+00:00,2023-12-22 03:45:00+00:00,112.40625,112.59375,-12.0,-15.0,-0.2830188679245283,15,50,3.0,signal,233
futures,ZN,mean_reversion,short,3622,3623,3632,2023-12-22 15:15:00+00:00,2023-12-22 15:30:00+00:00,2023-12-22 17:45:00+00:00,112.703125,112.53125,11.0,8.0,0.1509433962264151,15,50,3.0,signal,9
futures,ZN,mean_reversion,long,3750,3751,3762,2023-12-27 01:15:00+00:00,2023-12-27 01:30:00+00:00,2023-12-27 04:15:00+00:00,112.703125,112.71875,1.0,-2.0,-0.0377358490566037,15,50,3.0,signal,11
futures,ZN,mean_reversion,short,3904,3905,3920,2023-12-28 16:45:00+00:00,2023-12-28 17:00:00+00:00,2023-12-28 20:45:00+00:00,113.015625,112.96875,3.0,0.0,0.0,15,50,3.0,signal,15
futures,YM,mean_reversion,long,4001,4002,4021,2023-12-29 18:00:00+00:00,2023-12-29 18:15:00+00:00,2024-01-02 00:00:00+00:00,37954.0,38025.0,71.0,68.0,0.1351888667992047,500,500,3.0,signal,19
futures,ZN,mean_reversion,short,4240,4241,4248,2024-01-04 08:45:00+00:00,2024-01-04 09:00:00+00:00,2024-01-04 10:45:00+00:00,112.40625,112.234375,11.0,8.0,0.1509433962264151,15,50,3.0,signal,7
futures,ES,mean_reversion,short,4839,4840,4928,2024-01-12 20:15:00+00:00,2024-01-12 20:30:00+00:00,2024-01-16 00:30:00+00:00,4812.0,4804.5,30.0,27.0,0.0536779324055666,500,500,3.0,signal,88
futures,YM,mean_reversion,long,5623,5624,5655,2024-01-25 13:30:00+00:00,2024-01-25 13:45:00+00:00,2024-01-25 21:30:00+00:00,38047.0,38174.0,127.0,124.0,0.246520874751491,500,500,3.0,signal,31
futures,ES,mean_reversion,short,5793,5794,5953,2024-01-29 09:45:00+00:00,2024-01-29 10:00:00+00:00,2024-01-31 03:45:00+00:00,4913.5,4930.5,-68.0,-71.0,-0.1411530815109344,500,500,3.0,signal,159
futures,YM,mean_reversion,short,6265,6266,6277,2024-02-05 13:00:00+00:00,2024-02-05 13:15:00+00:00,2024-02-05 16:00:00+00:00,38671.0,38338.0,333.0,330.0,0.6560636182902585,500,500,3.0,signal,11
futures,ES,mean_reversion,long,6935,6936,6944,2024-02-14 19:15:00+00:00,2024-02-14 19:30:00+00:00,2024-02-14 21:30:00+00:00,4995.75,5021.25,102.0,99.0,0.1968190854870775,500,500,3.0,signal,8
futures,ZN,mean_reversion,short,7362,7363,7371,2024-02-21 15:15:00+00:00,2024-02-21 15:30:00+00:00,2024-02-21 17:30:00+00:00,109.921875,109.71875,13.0,10.0,0.1886792452830188,15,50,3.0,signal,8
futures,ZN,mean_reversion,short,7636,7637,7645,2024-02-26 14:45:00+00:00,2024-02-26 15:00:00+00:00,2024-02-26 17:00:00+00:00,109.84375,109.609375,15.0,12.0,0.2264150943396226,15,50,3.0,tp,8
futures,YM,mean_reversion,long,8095,8096,8109,2024-03-04 14:30:00+00:00,2024-03-04 14:45:00+00:00,2024-03-04 18:00:00+00:00,39034.0,39082.0,48.0,45.0,0.0894632206759443,500,500,3.0,signal,13
futures,YM,mean_reversion,short,9031,9032,9048,2024-03-18 17:30:00+00:00,2024-03-18 17:45:00+00:00,2024-03-18 22:45:00+00:00,39234.0,39230.0,4.0,1.0,0.0019880715705765,500,500,3.0,signal,16
futures,YM,mean_reversion,long,9104,9105,9114,2024-03-19 12:45:00+00:00,2024-03-19 13:00:00+00:00,2024-03-19 15:15:00+00:00,39190.0,39389.0,199.0,196.0,0.3896620278330019,500,500,3.0,signal,9
futures,ZN,mean_reversion,long,9103,9104,9128,2024-03-19 12:45:00+00:00,2024-03-19 13:00:00+00:00,2024-03-19 19:00:00+00:00,110.078125,110.125,3.0,0.0,0.0,15,50,3.0,signal,24
futures,ZN,mean_reversion,short,9765,9766,9839,2024-03-28 17:15:00+00:00,2024-03-28 17:30:00+00:00,2024-04-01 12:45:00+00:00,110.734375,110.5,15.0,12.0,0.2264150943396226,15,50,3.0,tp,73
futures,ES,mean_reversion,long,10055,10056,10068,2024-04-03 20:15:00+00:00,2024-04-03 20:30:00+00:00,2024-04-04 00:30:00+00:00,5270.5,5276.75,25.0,22.0,0.0437375745526839,500,500,3.0,signal,12
futures,YM,mean_reversion,short,10121,10122,10139,2024-04-04 14:00:00+00:00,2024-04-04 14:15:00+00:00,2024-04-04 18:30:00+00:00,39619.0,39229.0,390.0,387.0,0.7693836978131213,500,500,3.0,signal,17
futures,ES,mean_reversion,short,10252,10253,10403,2024-04-08 00:30:00+00:00,2024-04-08 00:45:00+00:00,2024-04-09 15:15:00+00:00,5249.75,5221.75,112.0,109.0,0.2166998011928429,500,500,3.0,signal,150
futures,YM,mean_reversion,short,11049,11050,11058,2024-04-18 16:00:00+00:00,2024-04-18 16:15:00+00:00,2024-04-18 18:15:00+00:00,38160.0,37937.0,223.0,220.0,0.4373757455268389,500,500,3.0,signal,8
futures,ES,mean_reversion,long,11234,11235,11244,2024-04-22 16:00:00+00:00,2024-04-22 16:15:00+00:00,2024-04-22 18:30:00+00:00,5030.5,5073.5,172.0,169.0,0.3359840954274354,500,500,3.0,signal,9
futures,ES,mean_reversion,short,12972,12973,13268,2024-05-17 13:30:00+00:00,2024-05-17 13:45:00+00:00,2024-05-22 18:30:00+00:00,5318.0,5308.75,37.0,34.0,0.0675944333996023,500,500,3.0,signal,295
futures,ZN,mean_reversion,long,13321,13322,13577,2024-05-23 09:15:00+00:00,2024-05-23 09:30:00+00:00,2024-05-28 08:15:00+00:00,109.09375,108.875,-14.0,-17.0,-0.320754716981132,15,50,3.0,signal,255
futures,ES,mean_reversion,short,13468,13469,13620,2024-05-26 23:30:00+00:00,2024-05-26 23:45:00+00:00,2024-05-28 18:30:00+00:00,5315.75,5308.75,28.0,25.0,0.0497017892644135,500,500,3.0,signal,151
futures,ES,mean_reversion,long,13625,13626,13908,2024-05-28 19:45:00+00:00,2024-05-28 20:00:00+00:00,2024-06-02 22:30:00+00:00,5325.5,5298.5,-108.0,-111.0,-0.220675944333996,500,500,3.0,signal,282
futures,YM,mean_reversion,long,14051,14052,14064,2024-06-04 11:30:00+00:00,2024-06-04 11:45:00+00:00,2024-06-04 14:45:00+00:00,38545.0,38742.0,197.0,194.0,0.3856858846918489,500,500,3.0,signal,12
futures,ES,mean_reversion,long,14073,14074,14080,2024-06-04 16:45:00+00:00,2024-06-04 17:00:00+00:00,2024-06-04 18:30:00+00:00,5285.0,5310.0,100.0,97.0,0.1928429423459244,500,500,3.0,signal,6
futures,ES,mean_reversion,long,14433,14434,14441,2024-06-10 14:45:00+00:00,2024-06-10 15:00:00+00:00,2024-06-10 16:45:00+00:00,5352.75,5366.25,54.0,51.0,0.1013916500994035,500,500,3.0,signal,7
futures,ES,mean_reversion,long,14525,14526,14540,2024-06-11 14:45:00+00:00,2024-06-11 15:00:00+00:00,2024-06-11 18:30:00+00:00,5361.25,5376.75,62.0,59.0,0.1172962226640159,500,500,3.0,signal,14
futures,YM,mean_reversion,long,14891,14892,14901,2024-06-17 14:30:00+00:00,2024-06-17 14:45:00+00:00,2024-06-17 17:00:00+00:00,38565.0,38712.0,147.0,144.0,0.2862823061630218,500,500,3.0,signal,9
futures,ES,mean_reversion,long,15238,15239,15338,2024-06-21 13:00:00+00:00,2024-06-21 13:15:00+00:00,2024-06-24 15:00:00+00:00,5541.5,5548.5,28.0,25.0,0.0497017892644135,500,500,3.0,signal,99
futures,ZN,mean_reversion,short,15237,15238,15248,2024-06-21 13:45:00+00:00,2024-06-21 14:00:00+00:00,2024-06-21 16:30:00+00:00,110.546875,110.453125,6.0,3.0,0.0566037735849056,15,50,3.0,signal,10
futures,ZN,mean_reversion,long,15327,15328,15357,2024-06-24 13:15:00+00:00,2024-06-24 13:30:00+00:00,2024-06-24 20:45:00+00:00,110.515625,110.640625,8.0,5.0,0.0943396226415094,15,50,3.0,signal,29
futures,ES,mean_reversion,short,15345,15346,15351,2024-06-24 16:45:00+00:00,2024-06-24 17:00:00+00:00,2024-06-24 18:15:00+00:00,5539.75,5524.5,61.0,58.0,0.1153081510934393,500,500,3.0,signal,5
futures,ZN,mean_reversion,short,15417,15418,15431,2024-06-25 12:45:00+00:00,2024-06-25 13:00:00+00:00,2024-06-25 16:15:00+00:00,110.53125,110.46875,4.0,1.0,0.0188679245283018,15,50,3.0,signal,13
futures,ES,mean_reversion,long,15430,15431,15454,2024-06-25 15:00:00+00:00,2024-06-25 15:15:00+00:00,2024-06-25 22:00:00+00:00,5528.75,5535.0,25.0,22.0,0.0437375745526839,500,500,3.0,signal,23
futures,ZN,mean_reversion,long,15436,15437,15445,2024-06-25 17:30:00+00:00,2024-06-25 17:45:00+00:00,2024-06-25 19:45:00+00:00,110.5625,110.625,4.0,1.0,0.0188679245283018,15,50,3.0,signal,8
futures,ZN,mean_reversion,short,15700,15701,15702,2024-06-28 14:30:00+00:00,2024-06-28 14:45:00+00:00,2024-06-28 15:00:00+00:00,110.25,110.015625,15.0,12.0,0.2264150943396226,15,50,3.0,tp,1
futures,ZN,mean_reversion,long,16336,16337,16344,2024-07-09 16:30:00+00:00,2024-07-09 16:45:00+00:00,2024-07-09 18:30:00+00:00,110.34375,110.4375,6.0,3.0,0.0566037735849056,15,50,3.0,signal,7
futures,ZN,mean_reversion,short,17425,17426,17454,2024-07-25 12:45:00+00:00,2024-07-25 13:00:00+00:00,2024-07-25 20:00:00+00:00,110.921875,110.828125,6.0,3.0,0.0566037735849056,15,50,3.0,signal,28
futures,YM,mean_reversion,long,18605,18606,18612,2024-08-13 11:45:00+00:00,2024-08-13 12:00:00+00:00,2024-08-13 13:30:00+00:00,39479.0,39609.0,130.0,127.0,0.2524850894632207,500,500,3.0,signal,6
futures,ZN,mean_reversion,short,19461,19462,19482,2024-08-26 15:45:00+00:00,2024-08-26 16:00:00+00:00,2024-08-26 22:00:00+00:00,113.671875,113.59375,5.0,2.0,0.0377358490566037,15,50,3.0,signal,20
futures,ZN,mean_reversion,short,19632,19633,19657,2024-08-28 12:30:00+00:00,2024-08-28 12:45:00+00:00,2024-08-28 18:45:00+00:00,113.5625,113.5,4.0,1.0,0.0188679245283018,15,50,3.0,signal,24
futures,ES,mean_reversion,long,19829,19830,19834,2024-08-30 18:30:00+00:00,2024-08-30 18:45:00+00:00,2024-08-30 19:45:00+00:00,5625.75,5639.25,54.0,51.0,0.1013916500994035,500,500,3.0,signal,4
futures,YM,mean_reversion,short,21534,21535,21638,2024-09-26 12:00:00+00:00,2024-09-26 12:15:00+00:00,2024-09-27 15:00:00+00:00,42432.0,42932.0,-500.0,-503.0,-1.0,500,500,3.0,sl,103
futures,ES,mean_reversion,long,21701,21702,21756,2024-09-30 07:30:00+00:00,2024-09-30 07:45:00+00:00,2024-09-30 22:15:00+00:00,5794.5,5804.0,38.0,35.0,0.0695825049701789,500,500,3.0,signal,54
futures,YM,mean_reversion,long,21729,21730,21769,2024-09-30 14:45:00+00:00,2024-09-30 15:00:00+00:00,2024-10-01 01:45:00+00:00,42573.0,42641.0,68.0,65.0,0.1292246520874751,500,500,3.0,signal,39
futures,YM,mean_reversion,short,22094,22095,22198,2024-10-04 14:00:00+00:00,2024-10-04 14:15:00+00:00,2024-10-07 17:00:00+00:00,42433.0,42417.0,16.0,13.0,0.025844930417495,500,500,3.0,signal,103
futures,ZN,mean_reversion,short,23386,23387,23391,2024-10-24 12:30:00+00:00,2024-10-24 12:45:00+00:00,2024-10-24 13:45:00+00:00,111.25,111.15625,6.0,3.0,0.0566037735849056,15,50,3.0,signal,4
futures,ZN,mean_reversion,long,23394,23395,23401,2024-10-24 14:30:00+00:00,2024-10-24 14:45:00+00:00,2024-10-24 16:15:00+00:00,111.296875,111.328125,2.0,-1.0,-0.0188679245283018,15,50,3.0,signal,6
futures,ZN,mean_reversion,short,23412,23413,23418,2024-10-24 19:00:00+00:00,2024-10-24 19:15:00+00:00,2024-10-24 20:30:00+00:00,111.265625,111.21875,3.0,0.0,0.0,15,50,3.0,signal,5
futures,ZN,mean_reversion,short,23464,23465,23494,2024-10-25 09:00:00+00:00,2024-10-25 09:15:00+00:00,2024-10-25 16:30:00+00:00,111.25,111.203125,3.0,0.0,0.0,15,50,3.0,signal,29
futures,ZN,mean_reversion,short,23763,23764,23777,2024-10-30 14:45:00+00:00,2024-10-30 15:00:00+00:00,2024-10-30 18:15:00+00:00,110.84375,110.765625,5.0,2.0,0.0377358490566037,15,50,3.0,signal,13
futures,ES,mean_reversion,short,23762,23763,23770,2024-10-30 16:45:00+00:00,2024-10-30 17:00:00+00:00,2024-10-30 18:45:00+00:00,5873.0,5864.75,33.0,30.0,0.0596421471172962,500,500,3.0,signal,7
futures,ZN,mean_reversion,long,24105,24106,24159,2024-11-05 09:15:00+00:00,2024-11-05 09:30:00+00:00,2024-11-05 23:45:00+00:00,110.40625,110.640625,15.0,12.0,0.2264150943396226,15,50,3.0,tp,53
futures,ES,mean_reversion,long,24594,24595,24681,2024-11-12 18:45:00+00:00,2024-11-12 19:00:00+00:00,2024-11-13 17:30:00+00:00,6017.75,6027.5,39.0,36.0,0.0715705765407554,500,500,3.0,signal,86
futures,ES,mean_reversion,short,24689,24690,24725,2024-11-13 19:30:00+00:00,2024-11-13 19:45:00+00:00,2024-11-14 05:30:00+00:00,6013.75,6008.75,20.0,17.0,0.0337972166998011,500,500,3.0,signal,35
futures,ZN,mean_reversion,short,24787,24788,24792,2024-11-14 18:45:00+00:00,2024-11-14 19:00:00+00:00,2024-11-14 20:00:00+00:00,109.515625,109.28125,15.0,12.0,0.2264150943396226,15,50,3.0,tp,4
futures,ZN,mean_reversion,long,24952,24953,24970,2024-11-18 14:00:00+00:00,2024-11-18 14:15:00+00:00,2024-11-18 18:30:00+00:00,109.453125,109.640625,12.0,9.0,0.1698113207547169,15,50,3.0,signal,17
futures,ZN,mean_reversion,long,25140,25141,25159,2024-11-20 15:00:00+00:00,2024-11-20 15:15:00+00:00,2024-11-20 19:45:00+00:00,109.6875,109.75,4.0,1.0,0.0188679245283018,15,50,3.0,signal,18
futures,YM,mean_reversion,long,25204,25205,25207,2024-11-21 10:30:00+00:00,2024-11-21 10:45:00+00:00,2024-11-21 11:15:00+00:00,43494.0,43538.0,44.0,41.0,0.0815109343936381,500,500,3.0,signal,2
futures,ES,mean_reversion,long,25205,25206,25213,2024-11-21 10:30:00+00:00,2024-11-21 10:45:00+00:00,2024-11-21 12:30:00+00:00,5924.75,5955.0,121.0,118.0,0.2345924453280318,500,500,3.0,signal,7
futures,ZN,mean_reversion,short,25218,25219,25246,2024-11-21 11:30:00+00:00,2024-11-21 11:45:00+00:00,2024-11-21 18:30:00+00:00,109.6875,109.546875,9.0,6.0,0.1132075471698113,15,50,3.0,signal,27
futures,ES,mean_reversion,short,25221,25222,25613,2024-11-21 14:30:00+00:00,2024-11-21 14:45:00+00:00,2024-11-27 20:30:00+00:00,5931.5,6013.75,-329.0,-332.0,-0.6600397614314115,500,500,3.0,signal,391
futures,ZN,mean_reversion,short,25939,25940,25962,2024-12-03 15:30:00+00:00,2024-12-03 15:45:00+00:00,2024-12-03 21:15:00+00:00,111.046875,110.90625,9.0,6.0,0.1132075471698113,15,50,3.0,signal,22
futures,ES,mean_reversion,long,26193,26194,26199,2024-12-06 12:15:00+00:00,2024-12-06 12:30:00+00:00,2024-12-06 13:45:00+00:00,6086.25,6095.0,35.0,32.0,0.0636182902584493,500,500,3.0,signal,5
futures,ES,mean_reversion,short,26660,26661,26668,2024-12-13 14:00:00+00:00,2024-12-13 14:15:00+00:00,2024-12-13 16:00:00+00:00,6076.25,6048.0,113.0,110.0,0.2186878727634194,500,500,3.0,signal,7
futures,ZN,mean_reversion,short,27146,27147,27157,2024-12-20 18:15:00+00:00,2024-12-20 18:30:00+00:00,2024-12-20 21:00:00+00:00,109.03125,108.953125,5.0,2.0,0.0377358490566037,15,50,3.0,signal,10
futures,YM,mean_reversion,long,27222,27223,27235,2024-12-23 16:45:00+00:00,2024-12-23 17:00:00+00:00,2024-12-23 20:00:00+00:00,43190.0,43210.0,20.0,17.0,0.0337972166998011,500,500,3.0,signal,12
futures,ZN,mean_reversion,long,27477,27478,27488,2024-12-27 12:45:00+00:00,2024-12-27 13:00:00+00:00,2024-12-27 15:30:00+00:00,108.546875,108.671875,8.0,5.0,0.0943396226415094,15,50,3.0,signal,10
futures,ZN,mean_reversion,short,28955,28956,28977,2025-01-21 23:00:00+00:00,2025-01-21 23:15:00+00:00,2025-01-22 04:30:00+00:00,108.671875,108.640625,2.0,-1.0,-0.0188679245283018,15,50,3.0,signal,21
futures,ZN,mean_reversion,long,29204,29205,29229,2025-01-24 15:15:00+00:00,2025-01-24 15:30:00+00:00,2025-01-24 21:30:00+00:00,108.46875,108.515625,3.0,0.0,0.0,15,50,3.0,signal,24
futures,ES,mean_reversion,long,29356,29357,29373,2025-01-28 13:15:00+00:00,2025-01-28 13:30:00+00:00,2025-01-28 17:30:00+00:00,6064.0,6088.5,98.0,95.0,0.1888667992047713,500,500,3.0,signal,16
futures,ZN,mean_reversion,short,29390,29391,29500,2025-01-28 15:45:00+00:00,2025-01-28 16:00:00+00:00,2025-01-29 20:15:00+00:00,108.828125,108.953125,-8.0,-11.0,-0.2075471698113207,15,50,3.0,signal,109
futures,ES,mean_reversion,long,29476,29477,29498,2025-01-29 20:15:00+00:00,2025-01-29 20:30:00+00:00,2025-01-30 02:45:00+00:00,6084.25,6091.0,27.0,24.0,0.0477137176938369,500,500,3.0,signal,21
futures,ZN,mean_reversion,long,29500,29501,29505,2025-01-29 20:15:00+00:00,2025-01-29 20:30:00+00:00,2025-01-29 21:30:00+00:00,108.984375,109.125,9.0,6.0,0.1132075471698113,15,50,3.0,signal,4
futures,ZN,mean_reversion,long,29743,29744,29755,2025-02-03 12:00:00+00:00,2025-02-03 12:15:00+00:00,2025-02-03 15:00:00+00:00,109.0625,109.296875,15.0,12.0,0.2264150943396226,15,50,3.0,tp,11
futures,ES,mean_reversion,long,30259,30260,30295,2025-02-11 09:00:00+00:00,2025-02-11 09:15:00+00:00,2025-02-11 18:00:00+00:00,6074.5,6077.0,10.0,7.0,0.0139165009940357,500,500,3.0,signal,35
futures,ES,mean_reversion,long,30402,30403,30415,2025-02-12 21:45:00+00:00,2025-02-12 23:00:00+00:00,2025-02-13 02:00:00+00:00,6079.75,6083.5,15.0,12.0,0.0238568588469184,500,500,3.0,signal,12
futures,YM,mean_reversion,short,30702,30703,30725,2025-02-18 09:00:00+00:00,2025-02-18 09:15:00+00:00,2025-02-18 14:45:00+00:00,44693.0,44539.0,154.0,151.0,0.3001988071570576,500,500,3.0,signal,22
futures,ES,mean_reversion,short,30831,30832,30911,2025-02-19 18:00:00+00:00,2025-02-19 18:15:00+00:00,2025-02-20 15:00:00+00:00,6143.25,6116.75,106.0,103.0,0.2047713717693837,500,500,3.0,signal,79
futures,ZN,mean_reversion,long,31974,31975,32021,2025-03-09 22:00:00+00:00,2025-03-09 22:15:00+00:00,2025-03-10 09:45:00+00:00,110.90625,110.96875,4.0,1.0,0.0188679245283018,15,50,3.0,signal,46
futures,ES,mean_reversion,long,32219,32220,32389,2025-03-12 19:00:00+00:00,2025-03-12 19:15:00+00:00,2025-03-14 15:30:00+00:00,5615.75,5621.25,22.0,19.0,0.0377733598409542,500,500,3.0,signal,169
futures,ZN,mean_reversion,long,32589,32590,32606,2025-03-18 13:45:00+00:00,2025-03-18 14:00:00+00:00,2025-03-18 18:00:00+00:00,110.65625,110.84375,12.0,9.0,0.1698113207547169,15,50,3.0,signal,16
futures,ZN,mean_reversion,long,33173,33174,33281,2025-03-26 22:45:00+00:00,2025-03-26 23:00:00+00:00,2025-03-28 02:45:00+00:00,110.640625,110.578125,-4.0,-7.0,-0.1320754716981132,15,50,3.0,signal,107
futures,YM,mean_reversion,short,33463,33464,33485,2025-04-01 08:15:00+00:00,2025-04-01 08:30:00+00:00,2025-04-01 13:45:00+00:00,42153.0,41973.0,180.0,177.0,0.3518886679920477,500,500,3.0,signal,21
futures,ES,mean_reversion,long,33483,33484,33494,2025-04-01 13:00:00+00:00,2025-04-01 13:15:00+00:00,2025-04-01 15:45:00+00:00,5642.25,5676.0,135.0,132.0,0.2624254473161034,500,500,3.0,signal,10
futures,ES,mean_reversion,long,33577,33578,33585,2025-04-02 13:30:00+00:00,2025-04-02 13:45:00+00:00,2025-04-02 15:30:00+00:00,5651.75,5698.0,185.0,182.0,0.3618290258449304,500,500,3.0,signal,7
futures,YM,mean_reversion,short,34787,34788,34802,2025-04-22 17:15:00+00:00,2025-04-22 17:30:00+00:00,2025-04-22 22:00:00+00:00,38994.0,39494.0,-500.0,-503.0,-1.0,500,500,3.0,sl,14
futures,ES,mean_reversion,long,35714,35715,35735,2025-05-06 18:45:00+00:00,2025-05-06 19:00:00+00:00,2025-05-07 01:00:00+00:00,5648.25,5675.25,108.0,105.0,0.2087475149105367,500,500,3.0,signal,20
futures,ES,mean_reversion,short,35740,35741,35784,2025-05-07 02:15:00+00:00,2025-05-07 02:30:00+00:00,2025-05-07 13:15:00+00:00,5656.75,5634.5,89.0,86.0,0.1709741550695825,500,500,3.0,signal,43
futures,ES,mean_reversion,long,35788,35789,35830,2025-05-07 14:15:00+00:00,2025-05-07 14:30:00+00:00,2025-05-08 01:45:00+00:00,5654.75,5675.5,83.0,80.0,0.1590457256461232,500,500,3.0,signal,41
futures,YM,mean_reversion,long,35985,35986,35998,2025-05-09 17:45:00+00:00,2025-05-09 18:00:00+00:00,2025-05-11 22:00:00+00:00,41389.0,41889.0,500.0,497.0,0.9880715705765408,500,500,3.0,tp,12
futures,YM,mean_reversion,long,36264,36265,36350,2025-05-14 18:30:00+00:00,2025-05-14 18:45:00+00:00,2025-05-15 17:00:00+00:00,42174.0,42326.0,152.0,149.0,0.2962226640159046,500,500,3.0,signal,85
futures,ZN,mean_reversion,long,36641,36642,36654,2025-05-20 14:45:00+00:00,2025-05-20 15:00:00+00:00,2025-05-20 18:00:00+00:00,110.140625,110.203125,4.0,1.0,0.0188679245283018,15,50,3.0,signal,12
futures,ZN,mean_reversion,short,37171,37172,37185,2025-05-28 13:15:00+00:00,2025-05-28 13:30:00+00:00,2025-05-28 16:45:00+00:00,110.25,110.109375,9.0,6.0,0.1132075471698113,15,50,3.0,signal,13
futures,YM,mean_reversion,long,37331,37332,37450,2025-05-30 13:15:00+00:00,2025-05-30 13:30:00+00:00,2025-06-02 20:00:00+00:00,42221.0,42374.0,153.0,150.0,0.2982107355864811,500,500,3.0,signal,118
futures,ZN,mean_reversion,short,37536,37537,37548,2025-06-03 12:45:00+00:00,2025-06-03 13:00:00+00:00,2025-06-03 15:45:00+00:00,110.640625,110.40625,15.0,12.0,0.2264150943396226,15,50,3.0,tp,11
futures,ZN,mean_reversion,long,38038,38039,38087,2025-06-11 00:15:00+00:00,2025-06-11 00:30:00+00:00,2025-06-11 12:30:00+00:00,110.265625,110.5,15.0,12.0,0.2264150943396226,15,50,3.0,tp,48
futures,ZN,mean_reversion,long,38368,38369,38452,2025-06-16 13:45:00+00:00,2025-06-16 14:00:00+00:00,2025-06-17 11:45:00+00:00,110.71875,110.78125,4.0,1.0,0.0188679245283018,15,50,3.0,signal,83
futures,ES,mean_reversion,long,38430,38431,38441,2025-06-17 11:45:00+00:00,2025-06-17 12:00:00+00:00,2025-06-17 14:30:00+00:00,6012.75,6021.0,33.0,30.0,0.0596421471172962,500,500,3.0,signal,10
futures,ZN,mean_reversion,short,38456,38457,38465,2025-06-17 12:45:00+00:00,2025-06-17 13:00:00+00:00,2025-06-17 15:00:00+00:00,110.640625,110.578125,4.0,1.0,0.0188679245283018,15,50,3.0,signal,8
futures,ES,mean_reversion,short,38450,38451,38455,2025-06-17 16:45:00+00:00,2025-06-17 17:00:00+00:00,2025-06-17 18:00:00+00:00,6007.25,5989.5,71.0,68.0,0.1351888667992047,500,500,3.0,signal,4
futures,ZN,mean_reversion,short,38695,38696,38707,2025-06-20 07:30:00+00:00,2025-06-20 07:45:00+00:00,2025-06-20 10:30:00+00:00,110.875,110.703125,11.0,8.0,0.1509433962264151,15,50,3.0,signal,11
futures,ES,mean_reversion,short,38779,38780,38855,2025-06-23 11:00:00+00:00,2025-06-23 11:15:00+00:00,2025-06-24 07:00:00+00:00,6015.5,6140.5,-500.0,-503.0,-1.0,500,500,3.0,sl,75
futures,ZN,mean_reversion,short,39197,39198,39230,2025-06-27 18:00:00+00:00,2025-06-27 18:15:00+00:00,2025-06-30 03:15:00+00:00,111.84375,111.78125,4.0,1.0,0.0188679245283018,15,50,3.0,signal,32
futures,ZN,mean_reversion,long,39897,39898,39911,2025-07-09 13:00:00+00:00,2025-07-09 13:15:00+00:00,2025-07-09 16:30:00+00:00,110.90625,111.078125,11.0,8.0,0.1509433962264151,15,50,3.0,signal,13
futures,ES,mean_reversion,short,40071,40072,40077,2025-07-11 19:45:00+00:00,2025-07-11 20:00:00+00:00,2025-07-13 22:15:00+00:00,6299.25,6268.75,122.0,119.0,0.2365805168986083,500,500,3.0,signal,5
futures,YM,mean_reversion,short,40187,40188,40235,2025-07-15 03:00:00+00:00,2025-07-15 03:15:00+00:00,2025-07-15 15:00:00+00:00,44637.0,44367.0,270.0,267.0,0.5308151093439364,500,500,3.0,signal,47
futures,ZN,mean_reversion,short,40818,40819,40831,2025-07-23 13:15:00+00:00,2025-07-23 13:30:00+00:00,2025-07-23 16:30:00+00:00,111.15625,111.015625,9.0,6.0,0.1132075471698113,15,50,3.0,signal,12
futures,ZN,mean_reversion,short,41084,41085,41095,2025-07-28 10:45:00+00:00,2025-07-28 11:00:00+00:00,2025-07-28 13:30:00+00:00,110.9375,110.84375,6.0,3.0,0.0566037735849056,15,50,3.0,signal,10
futures,ZN,mean_reversion,long,41175,41176,41184,2025-07-29 10:30:00+00:00,2025-07-29 10:45:00+00:00,2025-07-29 12:45:00+00:00,110.890625,111.015625,8.0,5.0,0.0943396226415094,15,50,3.0,signal,8
futures,ES,mean_reversion,short,41682,41683,41697,2025-08-06 08:30:00+00:00,2025-08-06 08:45:00+00:00,2025-08-06 12:15:00+00:00,6345.0,6331.75,53.0,50.0,0.099403578528827,500,500,3.0,signal,14
futures,ES,mean_reversion,long,41706,41707,41710,2025-08-06 14:30:00+00:00,2025-08-06 14:45:00+00:00,2025-08-06 15:30:00+00:00,6345.75,6364.25,74.0,71.0,0.1411530815109344,500,500,3.0,signal,3
futures,YM,mean_reversion,long,41987,41988,42073,2025-08-11 16:00:00+00:00,2025-08-11 16:15:00+00:00,2025-08-12 14:30:00+00:00,44264.0,44504.0,240.0,237.0,0.4711729622266402,500,500,3.0,signal,85
futures,ES,mean_reversion,long,42065,42066,42067,2025-08-12 12:15:00+00:00,2025-08-12 12:30:00+00:00,2025-08-12 12:45:00+00:00,6403.0,6434.0,124.0,121.0,0.2405566600397614,500,500,3.0,signal,1
futures,YM,mean_reversion,long,42417,42418,42529,2025-08-18 08:30:00+00:00,2025-08-18 08:45:00+00:00,2025-08-19 13:30:00+00:00,45014.0,45060.0,46.0,43.0,0.0854870775347912,500,500,3.0,signal,111
futures,ZN,mean_reversion,short,42978,42979,42993,2025-08-26 01:15:00+00:00,2025-08-26 01:30:00+00:00,2025-08-26 05:00:00+00:00,111.921875,111.8125,7.0,4.0,0.0754716981132075,15,50,3.0,signal,14
futures,ES,mean_reversion,long,42959,42960,42996,2025-08-26 05:45:00+00:00,2025-08-26 06:00:00+00:00,2025-08-26 15:00:00+00:00,6453.0,6455.75,11.0,8.0,0.0159045725646123,500,500,3.0,signal,36
futures,YM,mean_reversion,short,43204,43205,43249,2025-08-28 22:15:00+00:00,2025-08-28 22:30:00+00:00,2025-08-29 09:30:00+00:00,45647.0,45550.0,97.0,94.0,0.1868787276341948,500,500,3.0,signal,44
futures,YM,mean_reversion,short,43311,43312,43354,2025-09-01 02:00:00+00:00,2025-09-01 02:15:00+00:00,2025-09-01 12:45:00+00:00,45653.0,45550.0,103.0,100.0,0.1988071570576541,500,500,3.0,signal,42
futures,ES,mean_reversion,short,43523,43524,43529,2025-09-03 12:45:00+00:00,2025-09-03 13:00:00+00:00,2025-09-03 14:15:00+00:00,6445.75,6438.25,30.0,27.0,0.0536779324055666,500,500,3.0,signal,5
futures,ES,mean_reversion,short,43535,43536,43543,2025-09-03 15:45:00+00:00,2025-09-03 16:00:00+00:00,2025-09-03 17:45:00+00:00,6445.5,6434.25,45.0,42.0,0.0834990059642147,500,500,3.0,signal,7
futures,ES,mean_reversion,long,43550,43551,43557,2025-09-03 19:30:00+00:00,2025-09-03 19:45:00+00:00,2025-09-03 22:15:00+00:00,6444.25,6458.25,56.0,53.0,0.1053677932405566,500,500,3.0,signal,6
futures,YM,mean_reversion,long,43806,43807,43831,2025-09-08 14:45:00+00:00,2025-09-08 15:00:00+00:00,2025-09-08 22:00:00+00:00,45510.0,45580.0,70.0,67.0,0.1332007952286282,500,500,3.0,signal,24
futures,ZN,mean_reversion,short,43934,43935,43959,2025-09-09 14:30:00+00:00,2025-09-09 14:45:00+00:00,2025-09-09 20:45:00+00:00,113.359375,113.265625,6.0,3.0,0.0566037735849056,15,50,3.0,signal,24
futures,ES,mean_reversion,long,44886,44887,45110,2025-09-24 08:30:00+00:00,2025-09-24 08:45:00+00:00,2025-09-26 18:30:00+00:00,6723.5,6696.5,-108.0,-111.0,-0.220675944333996,500,500,3.0,signal,223
futures,ES,mean_reversion,long,45273,45274,45276,2025-09-30 13:15:00+00:00,2025-09-30 13:30:00+00:00,2025-09-30 14:00:00+00:00,6706.75,6707.75,4.0,1.0,0.0019880715705765,500,500,3.0,signal,2
futures,ZN,mean_reversion,long,45380,45381,45396,2025-10-01 08:00:00+00:00,2025-10-01 08:15:00+00:00,2025-10-01 12:00:00+00:00,112.46875,112.625,10.0,7.0,0.1320754716981132,15,50,3.0,signal,15
futures,ZN,mean_reversion,short,45584,45585,45597,2025-10-03 13:00:00+00:00,2025-10-03 13:15:00+00:00,2025-10-03 16:15:00+00:00,112.828125,112.71875,7.0,4.0,0.0754716981132075,15,50,3.0,signal,12
futures,YM,mean_reversion,short,45735,45736,45739,2025-10-07 14:00:00+00:00,2025-10-07 14:15:00+00:00,2025-10-07 15:00:00+00:00,46934.0,46885.0,49.0,46.0,0.0914512922465208,500,500,3.0,signal,3
futures,ES,mean_reversion,long,45825,45826,45831,2025-10-08 13:15:00+00:00,2025-10-08 13:30:00+00:00,2025-10-08 14:45:00+00:00,6773.25,6788.25,60.0,57.0,0.1133200795228628,500,500,3.0,signal,5
futures,ES,mean_reversion,long,46000,46001,46012,2025-10-10 11:00:00+00:00,2025-10-10 11:15:00+00:00,2025-10-10 14:00:00+00:00,6784.75,6796.75,48.0,45.0,0.0894632206759443,500,500,3.0,signal,11
futures,ZN,mean_reversion,short,46779,46780,46852,2025-10-22 12:45:00+00:00,2025-10-22 13:00:00+00:00,2025-10-23 08:00:00+00:00,113.6875,113.578125,7.0,4.0,0.0754716981132075,15,50,3.0,signal,72
futures,ES,mean_reversion,long,47736,47737,47750,2025-11-06 09:00:00+00:00,2025-11-06 09:15:00+00:00,2025-11-06 12:30:00+00:00,6821.0,6833.75,51.0,48.0,0.0954274353876739,500,500,3.0,signal,13
futures,ES,mean_reversion,short,47756,47757,47760,2025-11-06 14:00:00+00:00,2025-11-06 14:15:00+00:00,2025-11-06 15:00:00+00:00,6822.75,6788.5,137.0,134.0,0.2664015904572565,500,500,3.0,signal,3
futures,ZN,mean_reversion,short,47884,47885,47927,2025-11-07 14:00:00+00:00,2025-11-07 14:15:00+00:00,2025-11-10 01:45:00+00:00,112.75,112.65625,6.0,3.0,0.0566037735849056,15,50,3.0,signal,42
futures,ZN,mean_reversion,short,48158,48159,48251,2025-11-12 13:30:00+00:00,2025-11-12 13:45:00+00:00,2025-11-13 13:45:00+00:00,112.859375,112.71875,9.0,6.0,0.1132075471698113,15,50,3.0,signal,92
futures,ZN,mean_reversion,short,48625,48626,48650,2025-11-19 15:15:00+00:00,2025-11-19 15:30:00+00:00,2025-11-19 21:30:00+00:00,112.75,112.65625,6.0,3.0,0.0566037735849056,15,50,3.0,signal,24
futures,ES,mean_reversion,long,48610,48611,48620,2025-11-19 20:30:00+00:00,2025-11-19 20:45:00+00:00,2025-11-20 00:00:00+00:00,6671.75,6731.75,240.0,237.0,0.4711729622266402,500,500,3.0,signal,9
futures,ES,mean_reversion,short,49229,49230,49717,2025-12-01 09:45:00+00:00,2025-12-01 10:00:00+00:00,2025-12-08 16:45:00+00:00,6816.5,6857.75,-165.0,-168.0,-0.3339960238568588,500,500,3.0,signal,487
futures,ZN,mean_reversion,short,49472,49473,49515,2025-12-03 15:15:00+00:00,2025-12-03 15:30:00+00:00,2025-12-04 03:00:00+00:00,113.015625,112.9375,5.0,2.0,0.0377358490566037,15,50,3.0,signal,42
futures,ES,mean_reversion,long,49901,49902,49915,2025-12-10 16:45:00+00:00,2025-12-10 17:00:00+00:00,2025-12-10 20:15:00+00:00,6853.5,6903.0,198.0,195.0,0.3876739562624254,500,500,3.0,signal,13
