market,symbol,phase,side,signal_index,entry_index,exit_index,signal_time,entry_time,exit_time,entry_price,exit_price,gross_units,net_units,r_multiple,tp_units,sl_units,cost_units,exit_reason,bars_held,prior_180d_trades,prior_180d_profit_factor_r,prior_180d_total_r
gold_spot,XAUUSD,momentum,long,4708,4709,4727,2024-01-11 08:45:00+00:00,2024-01-11 09:00:00+00:00,2024-01-11 13:30:00+00:00,2030.905,2037.535,663.0000000000109,652.0000000000109,2.0964630225080736,1032,300,11.0,signal,18,30,1.3025046539177454,5.747588424437156
gold_spot,XAUUSD,momentum,long,4731,4732,4733,2024-01-11 14:30:00+00:00,2024-01-11 14:45:00+00:00,2024-01-11 15:00:00+00:00,2029.675,2026.675,-300.0,-311.0,-1.0,1032,300,11.0,sl,1,31,1.4128448129971176,7.84405144694523
gold_spot,XAUUSD,momentum,short,4749,4750,4750,2024-01-11 19:00:00+00:00,2024-01-11 19:15:00+00:00,2024-01-11 19:15:00+00:00,2021.065,2024.065,-300.0,-311.0,-1.0,1032,300,11.0,sl,0,32,1.342202572347262,6.84405144694523
gold_spot,XAUUSD,momentum,short,5197,5198,5208,2024-01-18 18:30:00+00:00,2024-01-18 18:45:00+00:00,2024-01-18 21:15:00+00:00,2019.86,2022.86,-300.0,-311.0,-1.0,1032,300,11.0,sl,10,39,1.3429796355841368,8.231511254019269
gold_spot,XAUUSD,momentum,long,5920,5921,5927,2024-01-30 15:15:00+00:00,2024-01-30 15:30:00+00:00,2024-01-30 17:00:00+00:00,2032.105,2035.945,383.9999999999918,372.9999999999918,1.199356913183253,1032,300,11.0,signal,6,50,1.3381910590187756,10.483922829582037
gold_spot,XAUUSD,momentum,long,6026,6027,6027,2024-01-31 18:45:00+00:00,2024-01-31 19:00:00+00:00,2024-01-31 19:00:00+00:00,2046.445,2043.445,-300.0,-311.0,-1.0,1032,300,11.0,sl,0,51,1.3768799917021062,11.68327974276529
gold_spot,XAUUSD,momentum,long,6085,6086,6086,2024-02-01 10:30:00+00:00,2024-02-01 10:45:00+00:00,2024-02-01 10:45:00+00:00,2035.275,2032.275,-300.0,-311.0,-1.0,1032,300,11.0,sl,0,52,1.3338524919614154,10.68327974276529
forex,GBPUSD,momentum,short,14511,14512,14527,2024-05-31 08:30:00+00:00,2024-05-31 08:45:00+00:00,2024-05-31 12:30:00+00:00,1.2716,1.2716,-0.0,-2.0,-0.0259740259740259,20,75,2.0,signal,15,68,1.9415274463007137,5.123376623376573
futures,NQ,momentum,long,13972,13973,13978,2024-06-03 14:45:00+00:00,2024-06-03 15:00:00+00:00,2024-06-03 16:15:00+00:00,18590.5,18507.0,-334.0,-337.0,-1.0,500,334,3.0,sl,5,44,1.3619777412880862,5.887240356083087
forex,GBPUSD,momentum,long,14739,14740,14787,2024-06-04 19:30:00+00:00,2024-06-04 19:45:00+00:00,2024-06-05 07:30:00+00:00,1.27735,1.2779,5.5000000000005045,3.5000000000005045,0.045454545454552,20,75,2.0,signal,47,69,1.932304038004748,5.097402597402547
forex,GBPUSD,momentum,long,14813,14814,14815,2024-06-05 14:00:00+00:00,2024-06-05 14:15:00+00:00,2024-06-05 14:30:00+00:00,1.276,1.278,20.0,18.0,0.2337662337662337,20,75,2.0,tp,1,70,1.9406175771971483,5.142857142857099
forex,GBPUSD,momentum,long,14885,14886,14977,2024-06-06 08:00:00+00:00,2024-06-06 08:15:00+00:00,2024-06-07 07:00:00+00:00,1.27815,1.28015,20.0,18.0,0.2337662337662337,20,75,2.0,tp,91,71,1.983372921615201,5.376623376623333
forex,GBPUSD,momentum,long,14982,14983,14996,2024-06-07 08:15:00+00:00,2024-06-07 08:30:00+00:00,2024-06-07 11:45:00+00:00,1.2788,1.2808,20.0,18.0,0.2337662337662337,20,75,2.0,tp,13,72,2.0261282660332536,5.610389610389567
forex,GBPUSD,momentum,short,15167,15168,15188,2024-06-11 08:30:00+00:00,2024-06-11 08:45:00+00:00,2024-06-11 13:45:00+00:00,1.2731,1.2711,20.0,18.0,0.2337662337662337,20,75,2.0,tp,20,72,2.0261282660332536,5.610389610389567
forex,GBPUSD,momentum,short,15207,15208,15279,2024-06-11 18:30:00+00:00,2024-06-11 18:45:00+00:00,2024-06-12 12:30:00+00:00,1.2742,1.2817,-75.0,-77.0,-1.0,20,75,2.0,sl,71,73,2.068883610451306,5.844155844155801
forex,GBPUSD,momentum,short,15396,15397,15445,2024-06-13 17:45:00+00:00,2024-06-13 18:00:00+00:00,2024-06-14 06:00:00+00:00,1.276,1.274,20.0,18.0,0.2337662337662337,20,75,2.0,tp,48,75,1.7851405622489944,5.077922077922035
forex,GBPUSD,momentum,short,15656,15657,15665,2024-06-18 12:45:00+00:00,2024-06-18 13:00:00+00:00,2024-06-18 15:00:00+00:00,1.2692,1.2689,3.00000000000189,1.00000000000189,0.0129870129870375,20,75,2.0,signal,8,74,2.1750599520383687,6.363636363636318
forex,GBPUSD,momentum,long,15752,15753,15921,2024-06-19 12:45:00+00:00,2024-06-19 13:00:00+00:00,2024-06-21 07:00:00+00:00,1.2721,1.2646,-75.0,-77.0,-1.0,20,75,2.0,sl,168,75,2.1774580335731453,6.376623376623355
forex,GBPUSD,momentum,short,16014,16015,16217,2024-06-24 08:15:00+00:00,2024-06-24 08:30:00+00:00,2024-06-26 11:00:00+00:00,1.2663,1.26565,6.500000000000394,4.500000000000394,0.0584415584415635,20,75,2.0,signal,202,75,1.801619433198382,5.142857142857121
futures,NQ,momentum,short,15425,15426,15438,2024-06-25 14:00:00+00:00,2024-06-25 14:15:00+00:00,2024-06-25 17:15:00+00:00,19893.5,19887.5,24.0,21.0,0.0623145400593471,500,334,3.0,signal,12,45,1.3028532141629425,5.228486646884274
futures,NQ,momentum,long,15512,15513,15518,2024-06-26 12:45:00+00:00,2024-06-26 13:00:00+00:00,2024-06-26 14:15:00+00:00,19934.0,20006.75,291.0,288.0,0.8545994065281899,500,334,3.0,signal,5,46,1.3064627019594361,5.290801186943622
futures,NQ,momentum,long,15614,15615,15621,2024-06-27 15:15:00+00:00,2024-06-27 15:30:00+00:00,2024-06-27 17:00:00+00:00,19993.0,20028.75,143.0,140.0,0.4154302670623145,500,334,3.0,signal,6,47,1.3559642488827774,6.145400593471812
forex,GBPUSD,momentum,long,17052,17053,17058,2024-07-09 07:45:00+00:00,2024-07-09 08:00:00+00:00,2024-07-09 09:15:00+00:00,1.27985,1.2809,10.499999999999954,8.499999999999954,0.1103896103896097,20,75,2.0,signal,5,72,2.0855106888361035,5.935064935064885
futures,NQ,momentum,long,16612,16613,16683,2024-07-12 19:30:00+00:00,2024-07-12 19:45:00+00:00,2024-07-15 14:15:00+00:00,20574.25,20670.75,386.0,383.0,1.1364985163204748,500,334,3.0,signal,70,45,1.5085536547433904,7.762611275964393
futures,NQ,momentum,long,16690,16691,16698,2024-07-15 16:00:00+00:00,2024-07-15 16:15:00+00:00,2024-07-15 18:00:00+00:00,20635.75,20552.25,-334.0,-337.0,-1.0,500,334,3.0,sl,7,44,1.8217002237136466,10.899109792284868
forex,GBPUSD,momentum,long,17544,17545,17567,2024-07-16 12:45:00+00:00,2024-07-16 13:00:00+00:00,2024-07-16 18:30:00+00:00,1.2948,1.2968,20.0,18.0,0.2337662337662337,20,75,2.0,tp,22,69,1.9892729439809222,5.389610389610321
futures,NQ,momentum,long,16773,16774,16774,2024-07-16 13:45:00+00:00,2024-07-16 14:00:00+00:00,2024-07-16 14:00:00+00:00,20580.75,20497.25,-334.0,-337.0,-1.0,500,334,3.0,sl,0,45,1.693987934262534,9.899109792284868
futures,NQ,momentum,short,16793,16794,16835,2024-07-16 18:45:00+00:00,2024-07-16 19:00:00+00:00,2024-07-17 06:15:00+00:00,20590.0,20465.0,500.0,497.0,1.4747774480712166,500,334,3.0,tp,41,46,1.5830093312597202,8.899109792284868
forex,GBPUSD,momentum,long,17711,17712,17717,2024-07-18 06:30:00+00:00,2024-07-18 06:45:00+00:00,2024-07-18 08:00:00+00:00,1.2989,1.3001,12.0000000000009,10.0000000000009,0.1298701298701415,20,75,2.0,signal,5,69,1.9892729439809222,5.389610389610321
futures,NQ,momentum,short,17153,17154,17235,2024-07-22 16:45:00+00:00,2024-07-22 17:00:00+00:00,2024-07-23 14:15:00+00:00,19961.5,20045.0,-334.0,-337.0,-1.0,500,334,3.0,sl,81,47,1.6796267496111976,10.373887240356085
forex,GBPUSD,momentum,short,17937,17938,18005,2024-07-22 17:00:00+00:00,2024-07-22 17:15:00+00:00,2024-07-23 10:00:00+00:00,1.2925,1.29115,13.499999999999623,11.499999999999623,0.1493506493506444,20,75,2.0,signal,67,68,1.9272943980929622,5.051948051947995
futures,NQ,momentum,long,17243,17244,17262,2024-07-23 16:15:00+00:00,2024-07-23 16:30:00+00:00,2024-07-23 22:00:00+00:00,19964.5,19881.0,-334.0,-337.0,-1.0,500,334,3.0,sl,18,48,1.5763546798029557,9.373887240356085
futures,NQ,momentum,long,17605,17606,17608,2024-07-29 14:45:00+00:00,2024-07-29 15:00:00+00:00,2024-07-29 15:30:00+00:00,19222.0,19138.5,-334.0,-337.0,-1.0,500,334,3.0,sl,2,48,1.5763546798029557,9.373887240356085
futures,NQ,momentum,long,17619,17620,17637,2024-07-29 18:15:00+00:00,2024-07-29 18:30:00+00:00,2024-07-29 23:45:00+00:00,19217.75,19134.25,-334.0,-337.0,-1.0,500,334,3.0,sl,17,49,1.4850464077002405,8.373887240356085
forex,GBPUSD,momentum,long,18653,18654,18668,2024-08-01 06:00:00+00:00,2024-08-01 06:15:00+00:00,2024-08-01 09:45:00+00:00,1.2835,1.276,-75.0,-77.0,-1.0,20,75,2.0,sl,14,68,1.9225268176400374,5.025974025973943
futures,NQ,momentum,long,17879,17880,17881,2024-08-01 14:15:00+00:00,2024-08-01 14:30:00+00:00,2024-08-01 14:45:00+00:00,19446.75,19363.25,-334.0,-337.0,-1.0,500,334,3.0,sl,1,49,1.4850464077002405,8.373887240356085
futures,NQ,momentum,short,18157,18158,18165,2024-08-06 14:45:00+00:00,2024-08-06 15:00:00+00:00,2024-08-06 16:45:00+00:00,18301.75,18385.25,-334.0,-337.0,-1.0,500,334,3.0,sl,7,47,1.4252320385012032,7.341246290801188
futures,NQ,momentum,short,18332,18333,18338,2024-08-08 12:30:00+00:00,2024-08-08 12:45:00+00:00,2024-08-08 14:00:00+00:00,18171.0,18254.5,-334.0,-337.0,-1.0,500,334,3.0,sl,5,48,1.3471974004874085,6.341246290801188
futures,NQ,momentum,long,18601,18602,18607,2024-08-13 10:45:00+00:00,2024-08-13 11:00:00+00:00,2024-08-13 12:15:00+00:00,18658.0,18755.25,389.0,386.0,1.14540059347181,500,334,3.0,signal,5,50,1.3538200862600123,6.8160237388724045
futures,NQ,momentum,long,19076,19077,19082,2024-08-20 14:30:00+00:00,2024-08-20 14:45:00+00:00,2024-08-20 16:00:00+00:00,19747.25,19852.75,422.0,419.0,1.2433234421364985,500,334,3.0,signal,5,49,1.4567018683996749,8.341246290801188
futures,NQ,momentum,long,19173,19174,19184,2024-08-21 15:45:00+00:00,2024-08-21 16:00:00+00:00,2024-08-21 18:30:00+00:00,19824.75,19932.25,430.0,427.0,1.2670623145400592,500,334,3.0,signal,10,50,1.5247766043866775,9.584569732937686
futures,NQ,momentum,short,19364,19365,19443,2024-08-23 17:30:00+00:00,2024-08-23 17:45:00+00:00,2024-08-26 14:15:00+00:00,19765.5,19640.5,500.0,497.0,1.4747774480712166,500,334,3.0,tp,78,51,1.5941510966693744,10.851632047477745
futures,NQ,momentum,short,19535,19536,19626,2024-08-27 14:15:00+00:00,2024-08-27 14:30:00+00:00,2024-08-28 14:00:00+00:00,19630.5,19558.0,290.0,287.0,0.8516320474777448,500,334,3.0,signal,90,50,1.6087733549959382,11.118694362017804
futures,NQ,momentum,short,19700,19701,19716,2024-08-29 09:30:00+00:00,2024-08-29 09:45:00+00:00,2024-08-29 13:30:00+00:00,19477.5,19561.0,-334.0,-337.0,-1.0,500,334,3.0,sl,15,49,1.5205523964256702,9.507418397626113
futures,NQ,momentum,long,19735,19736,19736,2024-08-29 18:15:00+00:00,2024-08-29 18:30:00+00:00,2024-08-29 18:30:00+00:00,19498.25,19414.75,-334.0,-337.0,-1.0,500,334,3.0,sl,0,50,1.4416204559457793,8.507418397626113
futures,NQ,momentum,long,19813,19814,19820,2024-08-30 14:45:00+00:00,2024-08-30 15:00:00+00:00,2024-08-30 16:30:00+00:00,19469.0,19385.5,-334.0,-337.0,-1.0,500,334,3.0,sl,6,51,1.3704788402401522,7.507418397626113
futures,NQ,momentum,long,19919,19920,19953,2024-09-02 23:15:00+00:00,2024-09-02 23:30:00+00:00,2024-09-03 07:45:00+00:00,19578.25,19640.5,249.0,246.0,0.7299703264094956,500,334,3.0,signal,33,50,1.3303558354078195,6.6943620178041545
futures,NQ,momentum,short,20160,20161,20162,2024-09-05 13:30:00+00:00,2024-09-05 13:45:00+00:00,2024-09-05 14:00:00+00:00,18993.75,19077.25,-334.0,-337.0,-1.0,500,334,3.0,sl,1,50,1.4373074553296363,8.42433234421365
futures,NQ,momentum,short,20180,20181,20199,2024-09-05 18:30:00+00:00,2024-09-05 18:45:00+00:00,2024-09-06 00:15:00+00:00,18998.25,18873.25,500.0,497.0,1.4747774480712166,500,334,3.0,tp,18,51,1.3663786791623955,7.424332344213649
futures,NQ,momentum,short,20345,20346,20348,2024-09-09 13:45:00+00:00,2024-09-09 14:00:00+00:00,2024-09-09 14:30:00+00:00,18687.0,18562.0,500.0,497.0,1.4747774480712166,500,334,3.0,tp,2,51,1.3871723531995899,7.845697329376854
futures,NQ,momentum,short,20371,20372,20418,2024-09-09 20:15:00+00:00,2024-09-09 20:30:00+00:00,2024-09-10 09:00:00+00:00,18726.5,18601.5,500.0,497.0,1.4747774480712166,500,334,3.0,tp,46,52,1.45995021232977,9.320474777448071
futures,NQ,momentum,long,20907,20908,20909,2024-09-17 16:15:00+00:00,2024-09-17 16:30:00+00:00,2024-09-17 16:45:00+00:00,19457.25,19373.75,-334.0,-337.0,-1.0,500,334,3.0,sl,1,51,1.3871723531995899,7.845697329376854
futures,NQ,momentum,long,21238,21239,21333,2024-09-23 07:00:00+00:00,2024-09-23 07:15:00+00:00,2024-09-24 07:45:00+00:00,20024.75,20149.75,500.0,497.0,1.4747774480712166,500,334,3.0,tp,94,50,1.3930297261678137,7.964391691394658
futures,NQ,momentum,long,21346,21347,21359,2024-09-24 11:00:00+00:00,2024-09-24 11:15:00+00:00,2024-09-24 14:15:00+00:00,20059.25,19975.75,-334.0,-337.0,-1.0,500,334,3.0,sl,12,50,1.441938790452482,8.955489614243323
futures,NQ,momentum,long,21603,21604,21627,2024-09-27 06:15:00+00:00,2024-09-27 06:30:00+00:00,2024-09-27 12:15:00+00:00,20263.75,20357.25,374.0,371.0,1.1008902077151337,500,334,3.0,signal,23,51,1.3741278258442646,7.955489614243323
futures,NQ,momentum,long,21635,21636,21642,2024-09-27 14:15:00+00:00,2024-09-27 14:30:00+00:00,2024-09-27 16:00:00+00:00,20313.25,20229.75,-334.0,-337.0,-1.0,500,334,3.0,sl,6,52,1.4259000837287188,9.056379821958457
futures,NQ,momentum,short,21700,21701,21743,2024-09-30 07:30:00+00:00,2024-09-30 07:45:00+00:00,2024-09-30 18:15:00+00:00,20236.75,20111.75,500.0,497.0,1.4747774480712166,500,334,3.0,tp,42,52,1.320671731307477,7.139465875370919
futures,NQ,momentum,short,22002,22003,22014,2024-10-03 14:00:00+00:00,2024-10-03 14:15:00+00:00,2024-10-03 17:00:00+00:00,20026.0,19920.75,421.0,418.0,1.2403560830860534,500,334,3.0,signal,11,51,1.432040189785096,9.18694362017804
futures,NQ,momentum,long,22167,22168,22205,2024-10-07 09:15:00+00:00,2024-10-07 09:30:00+00:00,2024-10-07 18:45:00+00:00,20064.25,19980.75,-334.0,-337.0,-1.0,500,334,3.0,sl,37,50,1.527310001464343,10.685459940652818
futures,NQ,momentum,short,22260,22261,22278,2024-10-08 09:30:00+00:00,2024-10-08 09:45:00+00:00,2024-10-08 14:00:00+00:00,20076.25,20159.75,-334.0,-337.0,-1.0,500,334,3.0,sl,17,51,1.4554842310912641,9.685459940652818
futures,NQ,momentum,long,22456,22457,22467,2024-10-10 12:30:00+00:00,2024-10-10 12:45:00+00:00,2024-10-10 15:15:00+00:00,20349.5,20422.25,291.0,288.0,0.8545994065281899,500,334,3.0,signal,10,51,1.4554842310912641,9.685459940652818
futures,NQ,momentum,long,22579,22580,22642,2024-10-11 20:15:00+00:00,2024-10-11 20:30:00+00:00,2024-10-14 13:00:00+00:00,20420.0,20545.0,500.0,497.0,1.4747774480712166,500,334,3.0,tp,62,52,1.4956740161875521,10.540059347181007
futures,NQ,momentum,long,22739,22740,22740,2024-10-15 14:15:00+00:00,2024-10-15 14:30:00+00:00,2024-10-15 14:30:00+00:00,20515.5,20432.0,-334.0,-337.0,-1.0,500,334,3.0,sl,0,53,1.5650293050516326,12.014836795252224
futures,NQ,momentum,short,22890,22891,22892,2024-10-17 06:00:00+00:00,2024-10-17 06:15:00+00:00,2024-10-17 06:30:00+00:00,20382.25,20465.75,-334.0,-337.0,-1.0,500,334,3.0,sl,1,54,1.4947354391576704,11.014836795252224
futures,NQ,momentum,long,22920,22921,22930,2024-10-17 13:30:00+00:00,2024-10-17 13:45:00+00:00,2024-10-17 16:00:00+00:00,20448.0,20508.0,240.0,237.0,0.7032640949554896,500,334,3.0,signal,9,55,1.430484693877551,10.014836795252224
futures,NQ,momentum,long,22939,22940,23014,2024-10-17 18:15:00+00:00,2024-10-17 18:30:00+00:00,2024-10-18 14:00:00+00:00,20393.75,20518.75,500.0,497.0,1.4747774480712166,500,334,3.0,tp,74,56,1.4607142857142859,10.718100890207714
futures,NQ,momentum,short,23197,23198,23212,2024-10-22 13:45:00+00:00,2024-10-22 14:00:00+00:00,2024-10-22 17:30:00+00:00,20461.0,20544.5,-334.0,-337.0,-1.0,500,334,3.0,sl,14,57,1.5241071428571429,12.19287833827893
futures,NQ,momentum,short,23358,23359,23381,2024-10-24 08:00:00+00:00,2024-10-24 08:15:00+00:00,2024-10-24 13:45:00+00:00,20392.25,20342.0,201.0,198.0,0.5875370919881305,500,334,3.0,signal,22,58,1.461293873058579,11.19287833827893
futures,NQ,momentum,short,23395,23396,23450,2024-10-24 17:15:00+00:00,2024-10-24 17:30:00+00:00,2024-10-25 08:00:00+00:00,20358.75,20442.25,-334.0,-337.0,-1.0,500,334,3.0,sl,54,59,1.4855081325669564,11.78041543026706
futures,NQ,momentum,long,23565,23566,23617,2024-10-28 13:45:00+00:00,2024-10-28 14:00:00+00:00,2024-10-29 03:45:00+00:00,20555.75,20472.25,-334.0,-337.0,-1.0,500,334,3.0,sl,51,59,1.3863049095607236,9.759643916913944
forex,AUDUSD,momentum,short,24809,24810,24906,2024-10-30 13:45:00+00:00,2024-10-30 14:00:00+00:00,2024-10-31 14:00:00+00:00,0.65899998,0.65490001,40.99970000000064,38.99970000000064,0.3823500000000062,150,100,2.0,signal,96,58,2.5697605090690425,5.294101960784329
forex,AUDUSD,momentum,short,24915,24916,25242,2024-10-31 16:15:00+00:00,2024-10-31 16:30:00+00:00,2024-11-06 03:00:00+00:00,0.6559,0.6552,7.000000000000339,5.000000000000339,0.0490196078431405,150,100,2.0,signal,326,59,2.6831315652157657,5.676451960784335
futures,NQ,momentum,short,23934,23935,23945,2024-11-01 14:00:00+00:00,2024-11-01 14:15:00+00:00,2024-11-01 16:45:00+00:00,20215.25,20198.25,68.0,65.0,0.1928783382789317,500,334,3.0,signal,10,59,1.3863049095607236,9.759643916913944
futures,NQ,momentum,short,23975,23976,24016,2024-11-04 02:15:00+00:00,2024-11-04 02:30:00+00:00,2024-11-04 12:30:00+00:00,20227.5,20102.5,500.0,497.0,1.4747774480712166,500,334,3.0,tp,40,60,1.393939393939394,9.952522255192877
futures,NQ,momentum,short,24030,24031,24033,2024-11-04 16:00:00+00:00,2024-11-04 16:15:00+00:00,2024-11-04 16:45:00+00:00,20214.0,20089.0,500.0,497.0,1.4747774480712166,500,334,3.0,tp,2,60,1.4283533004463238,10.821958456973292
forex,AUDUSD,momentum,short,25291,25292,25386,2024-11-06 15:15:00+00:00,2024-11-06 15:30:00+00:00,2024-11-07 15:00:00+00:00,0.65794998,0.66794998,-100.0,-102.0,-1.0,150,100,2.0,sl,94,58,2.5915613494748007,5.367626470588261
futures,NQ,momentum,long,24558,24559,24589,2024-11-12 10:00:00+00:00,2024-11-12 10:15:00+00:00,2024-11-12 17:45:00+00:00,21168.0,21084.5,-334.0,-337.0,-1.0,500,334,3.0,sl,30,59,1.4151984965938453,10.489614243323441
futures,NQ,momentum,short,24594,24595,24670,2024-11-12 19:00:00+00:00,2024-11-12 19:15:00+00:00,2024-11-13 15:00:00+00:00,21184.75,21140.75,176.0,173.0,0.5133531157270029,500,334,3.0,signal,75,60,1.361315105637781,9.489614243323441
futures,NQ,momentum,short,24678,24679,24761,2024-11-13 17:00:00+00:00,2024-11-13 17:15:00+00:00,2024-11-14 14:45:00+00:00,21195.75,21082.5,453.0,450.0,1.3353115727002969,500,334,3.0,signal,82,60,1.4355179704016912,11.002967359050444
futures,NQ,momentum,short,25152,25153,25166,2024-11-20 20:30:00+00:00,2024-11-20 20:45:00+00:00,2024-11-21 01:00:00+00:00,20711.5,20650.75,243.0,240.0,0.712166172106825,500,334,3.0,signal,13,58,1.4661127596439167,11.652818991097924
futures,NQ,momentum,long,25220,25221,25222,2024-11-21 14:30:00+00:00,2024-11-21 14:45:00+00:00,2024-11-21 15:00:00+00:00,20695.25,20611.75,-334.0,-337.0,-1.0,500,334,3.0,sl,1,59,1.4945994065281898,12.364985163204748
futures,NQ,momentum,long,25291,25292,25312,2024-11-22 09:15:00+00:00,2024-11-22 09:30:00+00:00,2024-11-22 14:30:00+00:00,20726.25,20851.25,500.0,497.0,1.4747774480712166,500,334,3.0,tp,20,60,1.4371148139694132,11.364985163204748
futures,NQ,momentum,long,25406,25407,25415,2024-11-25 15:00:00+00:00,2024-11-25 15:15:00+00:00,2024-11-25 17:15:00+00:00,20894.0,20810.5,-334.0,-337.0,-1.0,500,334,3.0,sl,8,60,1.463821045423419,12.059347181008903
forex,NZDUSD,momentum,long,26810,26811,26857,2024-11-28 12:15:00+00:00,2024-11-28 12:30:00+00:00,2024-11-29 00:00:00+00:00,0.58880001,0.58960003,8.000200000000124,6.000200000000124,0.2727363636363693,75,20,2.0,signal,46,106,1.3057068576587723,7.795531818181818
futures,NQ,momentum,short,25706,25707,25753,2024-11-29 02:00:00+00:00,2024-11-29 02:15:00+00:00,2024-11-29 13:45:00+00:00,20891.5,20820.25,285.0,282.0,0.8367952522255193,500,334,3.0,signal,46,60,1.354984064182877,9.584569732937686
forex,NZDUSD,momentum,short,26980,26981,27006,2024-12-02 06:45:00+00:00,2024-12-02 07:00:00+00:00,2024-12-02 13:15:00+00:00,0.59069997,0.58875,19.499699999999677,17.499699999999674,0.7954409090908943,75,20,2.0,signal,25,106,1.3092715603640281,7.886431818181813
forex,NZDUSD,momentum,short,27243,27244,27304,2024-12-05 00:30:00+00:00,2024-12-05 00:45:00+00:00,2024-12-05 15:45:00+00:00,0.58625001,0.58600003,2.49979999999983,0.4997999999998299,0.022718181818174,75,20,2.0,signal,60,105,1.325582356366409,8.272759090909124
forex,NZDUSD,momentum,long,27343,27344,27350,2024-12-06 01:30:00+00:00,2024-12-06 01:45:00+00:00,2024-12-06 03:15:00+00:00,0.5869,0.58749998,5.999800000000555,3.9998000000005542,0.1818090909091161,75,20,2.0,signal,6,106,1.3264764521677541,8.295477272727299
forex,NZDUSD,momentum,short,27391,27392,27397,2024-12-06 13:30:00+00:00,2024-12-06 13:45:00+00:00,2024-12-06 15:00:00+00:00,0.58719999,0.58520001,19.99980000000012,17.99980000000012,0.8181727272727328,75,20,2.0,signal,5,107,1.3336317230485502,8.477286363636415
forex,GBPUSD,momentum,short,27398,27399,27525,2024-12-09 07:15:00+00:00,2024-12-09 07:30:00+00:00,2024-12-10 15:00:00+00:00,1.2746,1.2726,20.0,18.0,0.2337662337662337,20,75,2.0,tp,126,75,1.817997977755315,5.253246753246789
futures,NQ,momentum,long,26296,26297,26299,2024-12-09 15:15:00+00:00,2024-12-09 15:30:00+00:00,2024-12-09 16:00:00+00:00,21554.25,21470.75,-334.0,-337.0,-1.0,500,334,3.0,sl,2,59,1.4011641177813283,10.43026706231454
forex,GBPUSD,momentum,short,27531,27532,27600,2024-12-10 16:30:00+00:00,2024-12-10 16:45:00+00:00,2024-12-11 09:45:00+00:00,1.275,1.273,20.0,18.0,0.2337662337662337,20,75,2.0,tp,68,75,1.817997977755315,5.253246753246789
forex,GBPUSD,momentum,short,27656,27657,27700,2024-12-11 23:45:00+00:00,2024-12-12 00:00:00+00:00,2024-12-12 10:45:00+00:00,1.27655,1.27455,20.0,18.0,0.2337662337662337,20,75,2.0,tp,43,75,1.817997977755315,5.253246753246789
futures,NQ,momentum,long,26588,26589,26600,2024-12-12 19:15:00+00:00,2024-12-12 19:30:00+00:00,2024-12-12 23:15:00+00:00,21668.0,21724.5,226.0,223.0,0.6617210682492581,500,334,3.0,signal,11,60,1.3492691504560939,9.43026706231454
futures,NQ,momentum,long,26666,26667,26679,2024-12-13 15:45:00+00:00,2024-12-13 16:00:00+00:00,2024-12-13 19:00:00+00:00,21688.25,21774.0,343.0,340.0,1.0089020771513353,500,334,3.0,signal,12,61,1.3737773381690292,10.091988130563799
forex,GBPUSD,momentum,short,27885,27886,27893,2024-12-16 09:00:00+00:00,2024-12-16 09:15:00+00:00,2024-12-16 11:00:00+00:00,1.2648,1.2645,2.9999999999996696,0.9999999999996696,0.0129870129870086,20,75,2.0,signal,7,75,1.8523761375126417,5.474025974025986
futures,NQ,momentum,long,26875,26876,26920,2024-12-17 23:00:00+00:00,2024-12-17 23:15:00+00:00,2024-12-18 10:15:00+00:00,21943.75,22068.75,500.0,497.0,1.4747774480712166,500,334,3.0,tp,44,62,1.411144081767227,11.100890207715134
forex,GBPUSD,momentum,long,28071,28072,28084,2024-12-18 07:30:00+00:00,2024-12-18 07:45:00+00:00,2024-12-18 10:45:00+00:00,1.2691,1.2707,16.00000000000046,14.000000000000458,0.1818181818181877,20,75,2.0,signal,12,75,2.196407185628745,6.487012987012995
forex,GBPUSD,momentum,long,28096,28097,28111,2024-12-18 13:45:00+00:00,2024-12-18 14:00:00+00:00,2024-12-18 17:30:00+00:00,1.2691,1.2704,13.000000000000789,11.000000000000789,0.1428571428571531,20,75,2.0,signal,14,76,2.2299401197604825,6.668831168831183
futures,NQ,momentum,long,26934,26935,26942,2024-12-18 13:45:00+00:00,2024-12-18 14:00:00+00:00,2024-12-18 15:45:00+00:00,21987.75,22034.5,187.0,184.0,0.5459940652818991,500,334,3.0,signal,7,63,1.4657654687328274,12.57566765578635
forex,GBPUSD,momentum,long,28316,28317,28366,2024-12-20 20:45:00+00:00,2024-12-20 21:00:00+00:00,2024-12-23 09:15:00+00:00,1.2574,1.25815,7.500000000000284,5.500000000000284,0.0714285714285751,20,75,2.0,signal,49,77,2.256287425149706,6.811688311688336
forex,GBPUSD,momentum,short,28475,28476,28516,2024-12-24 12:30:00+00:00,2024-12-24 12:45:00+00:00,2024-12-26 07:00:00+00:00,1.2555,1.2535,20.0,18.0,0.2337662337662337,20,75,2.0,tp,40,76,2.302808302808304,6.928571428571442
forex,GBPUSD,momentum,short,28562,28563,28621,2024-12-26 18:30:00+00:00,2024-12-26 18:45:00+00:00,2024-12-27 09:15:00+00:00,1.253,1.25165,13.499999999999623,11.499999999999623,0.1493506493506444,20,75,2.0,signal,58,75,2.2991452991453043,6.909090909090942
forex,GBPUSD,momentum,short,28627,28628,28743,2024-12-27 10:45:00+00:00,2024-12-27 11:00:00+00:00,2024-12-30 15:45:00+00:00,1.2534,1.2514,20.0,18.0,0.2337662337662337,20,75,2.0,tp,115,76,2.3272283272283314,7.0584415584415865
forex,NZDUSD,momentum,short,28847,28848,28853,2024-12-31 01:30:00+00:00,2024-12-31 01:45:00+00:00,2024-12-31 03:00:00+00:00,0.56435001,0.56355,8.000099999999621,6.000099999999621,0.272731818181801,75,20,2.0,signal,5,103,1.3149706730892035,7.795522727272918
forex,GBPUSD,momentum,short,28783,28784,28816,2024-12-31 01:45:00+00:00,2024-12-31 02:00:00+00:00,2024-12-31 10:00:00+00:00,1.25585,1.25385,20.0,18.0,0.2337662337662337,20,75,2.0,tp,32,76,2.3272283272283314,7.0584415584415865
forex,NZDUSD,momentum,short,28871,28872,28878,2024-12-31 07:30:00+00:00,2024-12-31 07:45:00+00:00,2024-12-31 09:15:00+00:00,0.56349999,0.56269997,8.000199999999014,6.000199999999014,0.2727363636363188,75,20,2.0,signal,6,104,1.3259901425142662,8.06825454545472
forex,NZDUSD,momentum,short,28945,28946,28953,2025-01-02 09:00:00+00:00,2025-01-02 09:15:00+00:00,2025-01-02 11:00:00+00:00,0.56220001,0.56099999,12.000199999999683,10.000199999999683,0.454554545454531,75,20,2.0,signal,7,105,1.3370097955940905,8.340990909091039
forex,NZDUSD,momentum,short,29027,29028,29035,2025-01-03 05:30:00+00:00,2025-01-03 05:45:00+00:00,2025-01-03 07:30:00+00:00,0.56099999,0.55989999,10.9999999999999,8.999999999999899,0.4090909090909045,75,20,2.0,signal,7,106,1.3553756391874494,8.79554545454557
forex,NZDUSD,momentum,short,29051,29052,29067,2025-01-03 11:30:00+00:00,2025-01-03 11:45:00+00:00,2025-01-03 15:30:00+00:00,0.5607,0.55949998,12.000199999999683,10.000199999999683,0.454554545454531,75,20,2.0,signal,15,107,1.3719045678429,9.204636363636475
forex,NZDUSD,momentum,short,29071,29072,29104,2025-01-03 16:30:00+00:00,2025-01-03 16:45:00+00:00,2025-01-06 00:45:00+00:00,0.56040001,0.56240001,-20.0,-22.0,-1.0,75,20,2.0,sl,32,108,1.390270411436259,9.659190909091006
forex,GBPUSD,momentum,short,29050,29051,29087,2025-01-06 01:45:00+00:00,2025-01-06 02:00:00+00:00,2025-01-06 11:00:00+00:00,1.2435,1.251,-75.0,-77.0,-1.0,20,75,2.0,sl,36,76,2.3504273504273545,7.181818181818211
forex,NZDUSD,momentum,long,29111,29112,29135,2025-01-06 02:30:00+00:00,2025-01-06 02:45:00+00:00,2025-01-06 08:30:00+00:00,0.56190002,0.56349999,15.99970000000006,13.99970000000006,0.6363500000000027,75,20,2.0,signal,23,107,1.3992637342345318,9.818263636363735
forex,NZDUSD,momentum,short,29492,29493,29512,2025-01-10 01:45:00+00:00,2025-01-10 02:00:00+00:00,2025-01-10 06:45:00+00:00,0.56,0.55849999,15.000100000001073,13.000100000001073,0.590913636363685,75,20,2.0,signal,19,107,1.485551742455644,11.454613636363737
futures,NQ,momentum,short,28258,28259,28264,2025-01-10 11:00:00+00:00,2025-01-10 11:15:00+00:00,2025-01-10 12:30:00+00:00,21361.0,21281.25,319.0,316.0,0.9376854599406528,500,334,3.0,signal,5,60,1.3945488515221451,10.652818991097924
forex,NZDUSD,momentum,short,29665,29666,29671,2025-01-13 21:00:00+00:00,2025-01-13 21:15:00+00:00,2025-01-13 22:30:00+00:00,0.55680001,0.55880001,-20.0,-22.0,-1.0,75,20,2.0,sl,5,105,1.5897997959183747,13.136450000000178
forex,GBPUSD,momentum,short,29610,29611,29622,2025-01-13 21:45:00+00:00,2025-01-13 22:00:00+00:00,2025-01-14 00:45:00+00:00,1.22,1.2211,-11.000000000001007,-13.000000000001007,-0.1688311688311819,20,75,2.0,signal,11,76,1.9414182939362834,5.948051948051977
futures,NQ,momentum,short,28472,28473,28478,2025-01-14 18:30:00+00:00,2025-01-14 18:45:00+00:00,2025-01-14 20:00:00+00:00,20977.25,20861.25,464.0,461.0,1.367952522255193,500,334,3.0,signal,5,58,1.484629080118694,12.11572700296736
forex,NZDUSD,momentum,long,29796,29797,29803,2025-01-15 05:45:00+00:00,2025-01-15 06:00:00+00:00,2025-01-15 07:30:00+00:00,0.55980003,0.5607,8.999699999999722,6.999699999999722,0.3181681818181692,75,20,2.0,signal,6,105,1.5136759765625083,11.954640909091111
forex,GBPUSD,momentum,long,29751,29752,29754,2025-01-15 09:00:00+00:00,2025-01-15 09:15:00+00:00,2025-01-15 09:45:00+00:00,1.2203,1.2223,20.0,18.0,0.2337662337662337,20,75,2.0,tp,2,76,1.8708708708708692,5.649350649350653
forex,NZDUSD,momentum,long,29822,29823,29828,2025-01-15 12:15:00+00:00,2025-01-15 12:30:00+00:00,2025-01-15 13:45:00+00:00,0.5607,0.5632,25.000000000000576,23.000000000000576,1.0454545454545716,75,20,2.0,signal,5,106,1.5273472656250076,12.27280909090928
forex,NZDUSD,momentum,short,29929,29930,29984,2025-01-16 15:00:00+00:00,2025-01-16 15:15:00+00:00,2025-01-17 04:45:00+00:00,0.56040001,0.55919999,12.000199999999683,10.000199999999683,0.454554545454531,75,20,2.0,signal,54,107,1.5722691406250084,13.318263636363852
forex,GBPUSD,momentum,short,29872,29873,29935,2025-01-16 15:15:00+00:00,2025-01-16 15:30:00+00:00,2025-01-17 07:00:00+00:00,1.2224,1.2204,20.0,18.0,0.2337662337662337,20,75,2.0,tp,62,77,1.9069069069069051,5.883116883116887
futures,NQ,momentum,long,28656,28657,28666,2025-01-16 18:30:00+00:00,2025-01-16 18:45:00+00:00,2025-01-16 21:00:00+00:00,21306.5,21223.0,-334.0,-337.0,-1.0,500,334,3.0,sl,9,59,1.5393471810089019,13.483679525222552
forex,NZDUSD,momentum,short,30024,30025,30025,2025-01-17 14:45:00+00:00,2025-01-17 15:00:00+00:00,2025-01-17 15:00:00+00:00,0.55930001,0.56130001,-20.0,-22.0,-1.0,75,20,2.0,sl,0,108,1.5918007812500077,13.772818181818383
forex,GBPUSD,momentum,short,29967,29968,29969,2025-01-17 15:00:00+00:00,2025-01-17 15:15:00+00:00,2025-01-17 15:30:00+00:00,1.2221,1.2201,20.0,18.0,0.2337662337662337,20,75,2.0,tp,1,78,1.942942942942941,6.1168831168831215
forex,NZDUSD,momentum,short,30056,30057,30059,2025-01-19 22:45:00+00:00,2025-01-19 23:00:00+00:00,2025-01-19 23:30:00+00:00,0.55909997,0.55800003,10.999400000000216,8.999400000000215,0.4090636363636461,75,20,2.0,signal,2,109,1.526220973782779,12.772818181818383
forex,GBPUSD,momentum,short,30006,30007,30040,2025-01-20 00:45:00+00:00,2025-01-20 01:00:00+00:00,2025-01-20 09:15:00+00:00,1.2184,1.2178,5.999999999999339,3.999999999999339,0.0519480519480433,20,75,2.0,signal,33,78,1.955955955955955,6.201298701298711
forex,NZDUSD,momentum,long,30097,30098,30116,2025-01-20 09:00:00+00:00,2025-01-20 09:15:00+00:00,2025-01-20 13:45:00+00:00,0.56029999,0.56489998,45.99989999999998,43.99989999999998,1.9999954545454537,75,20,2.0,signal,18,110,1.5430737827715435,13.18188181818203
forex,GBPUSD,momentum,short,30046,30047,30057,2025-01-20 10:45:00+00:00,2025-01-20 11:00:00+00:00,2025-01-20 13:30:00+00:00,1.2191,1.2266,-75.0,-77.0,-1.0,20,75,2.0,sl,10,79,1.9639639639639617,6.253246753246755
forex,GBPUSD,momentum,long,30102,30103,30103,2025-01-21 00:45:00+00:00,2025-01-21 01:00:00+00:00,2025-01-21 01:00:00+00:00,1.226,1.228,20.0,18.0,0.2337662337662337,20,75,2.0,tp,0,79,1.9639639639639617,6.253246753246755
forex,NZDUSD,momentum,long,30159,30160,30165,2025-01-21 00:45:00+00:00,2025-01-21 01:00:00+00:00,2025-01-21 02:15:00+00:00,0.56330001,0.56459999,12.999800000000894,10.999800000000894,0.4999909090909497,75,20,2.0,signal,5,111,1.6254705992509442,15.181877272727483
forex,GBPUSD,momentum,long,30133,30134,30153,2025-01-21 08:30:00+00:00,2025-01-21 08:45:00+00:00,2025-01-21 13:30:00+00:00,1.2249,1.2269,20.0,18.0,0.2337662337662337,20,75,2.0,tp,19,80,1.9999999999999976,6.487012987012989
futures,NQ,momentum,long,28902,28903,28908,2025-01-21 15:00:00+00:00,2025-01-21 15:15:00+00:00,2025-01-21 16:30:00+00:00,21539.5,21629.75,361.0,358.0,1.0623145400593472,500,334,3.0,signal,5,58,1.6034866468842728,14.483679525222552
forex,NZDUSD,momentum,long,30377,30378,30389,2025-01-23 07:15:00+00:00,2025-01-23 07:30:00+00:00,2025-01-23 10:15:00+00:00,0.56599998,0.56590003,-0.999499999999598,-2.999499999999598,-0.1363409090908908,75,20,2.0,signal,11,111,1.6273425093633038,15.227313636363853
futures,NQ,momentum,long,29060,29061,29109,2025-01-23 08:30:00+00:00,2025-01-23 08:45:00+00:00,2025-01-23 20:45:00+00:00,21884.25,22009.25,500.0,497.0,1.4747774480712166,500,334,3.0,tp,48,59,1.647749752720079,15.5459940652819
forex,GBPUSD,momentum,short,30330,30331,30397,2025-01-23 09:45:00+00:00,2025-01-23 10:00:00+00:00,2025-01-24 02:30:00+00:00,1.2317,1.2392,-75.0,-77.0,-1.0,20,75,2.0,sl,66,81,2.0360360360360334,6.720779220779223
forex,NZDUSD,momentum,long,30409,30410,30415,2025-01-23 15:15:00+00:00,2025-01-23 15:30:00+00:00,2025-01-23 16:45:00+00:00,0.56620002,0.5679,16.999799999999343,14.999799999999343,0.681809090909061,75,20,2.0,signal,5,112,1.61825271718131,15.090972727272963
forex,NZDUSD,momentum,short,30576,30577,30633,2025-01-27 09:00:00+00:00,2025-01-27 09:15:00+00:00,2025-01-27 23:15:00+00:00,0.56919998,0.56830001,8.999700000000832,6.999700000000832,0.3181681818182196,75,20,2.0,signal,56,111,1.6990333000323379,16.363718181818378
futures,NQ,momentum,short,29363,29364,29371,2025-01-28 15:15:00+00:00,2025-01-28 15:30:00+00:00,2025-01-28 17:15:00+00:00,21467.25,21550.75,-334.0,-337.0,-1.0,500,334,3.0,sl,7,57,1.9533700720644338,20.020771513353115
forex,GBPUSD,momentum,long,30711,30712,30753,2025-01-29 09:00:00+00:00,2025-01-29 09:15:00+00:00,2025-01-29 19:30:00+00:00,1.2433,1.2453,20.0,18.0,0.2337662337662337,20,75,2.0,tp,41,79,1.9779779779779785,6.344155844155864
futures,NQ,momentum,long,29448,29449,29455,2025-01-29 13:30:00+00:00,2025-01-29 13:45:00+00:00,2025-01-29 15:15:00+00:00,21575.0,21491.5,-334.0,-337.0,-1.0,500,334,3.0,sl,6,58,1.8645805233342323,19.020771513353115
forex,NZDUSD,momentum,short,30813,30814,30846,2025-01-29 20:15:00+00:00,2025-01-29 20:30:00+00:00,2025-01-30 04:30:00+00:00,0.56569999,0.56519997,5.000200000000454,3.0002000000004543,0.1363727272727479,75,20,2.0,signal,32,110,1.646605870491145,15.136440909091126
futures,NQ,momentum,short,29475,29476,29478,2025-01-29 20:15:00+00:00,2025-01-29 20:30:00+00:00,2025-01-29 21:00:00+00:00,21585.5,21460.5,500.0,497.0,1.4747774480712166,500,334,3.0,tp,2,59,1.7835118049283962,18.020771513353115
forex,GBPUSD,momentum,short,30824,30825,30853,2025-01-30 13:15:00+00:00,2025-01-30 13:30:00+00:00,2025-01-30 20:30:00+00:00,1.2434,1.2414,20.0,18.0,0.2337662337662337,20,75,2.0,tp,28,80,2.0140140140140144,6.577922077922098
forex,NZDUSD,momentum,short,30883,30884,30911,2025-01-30 13:45:00+00:00,2025-01-30 14:00:00+00:00,2025-01-30 20:45:00+00:00,0.56569999,0.56269997,30.00019999999992,28.00019999999992,1.27273636363636,75,20,2.0,signal,27,111,1.6524315072150653,15.272813636363875
futures,NQ,momentum,long,29547,29548,29550,2025-01-30 15:15:00+00:00,2025-01-30 15:30:00+00:00,2025-01-30 16:00:00+00:00,21532.0,21448.5,-334.0,-337.0,-1.0,500,334,3.0,sl,2,60,1.847632563540188,19.49554896142433
forex,NZDUSD,momentum,short,30976,30977,30982,2025-01-31 13:00:00+00:00,2025-01-31 13:15:00+00:00,2025-01-31 14:30:00+00:00,0.56510001,0.56419998,9.000299999999406,7.000299999999406,0.3181954545454275,75,20,2.0,signal,5,112,1.7068008803892138,16.545550000000233
forex,GBPUSD,momentum,short,30919,30920,30923,2025-01-31 13:00:00+00:00,2025-01-31 13:15:00+00:00,2025-01-31 14:00:00+00:00,1.2428,1.2408,20.0,18.0,0.2337662337662337,20,75,2.0,tp,3,81,2.0500500500500505,6.811688311688332
forex,GBPUSD,momentum,long,31079,31080,31086,2025-02-04 05:00:00+00:00,2025-02-04 05:15:00+00:00,2025-02-04 06:45:00+00:00,1.2386,1.2406,20.0,18.0,0.2337662337662337,20,75,2.0,tp,6,78,2.3384615384615377,7.344155844155864
forex,NZDUSD,momentum,short,31144,31145,31174,2025-02-04 07:00:00+00:00,2025-02-04 07:15:00+00:00,2025-02-04 14:30:00+00:00,0.56040001,0.56240001,-20.0,-22.0,-1.0,75,20,2.0,sl,29,108,2.0562117754236344,20.500086363636555
forex,GBPUSD,momentum,long,31107,31108,31111,2025-02-04 12:00:00+00:00,2025-02-04 12:15:00+00:00,2025-02-04 13:00:00+00:00,1.2401,1.2421,20.0,18.0,0.2337662337662337,20,75,2.0,tp,3,77,2.2958579881656798,7.11038961038963
forex,GBPUSD,momentum,long,31282,31283,31299,2025-02-06 07:45:00+00:00,2025-02-06 08:00:00+00:00,2025-02-06 12:00:00+00:00,1.2475,1.24,-75.0,-77.0,-1.0,20,75,2.0,sl,16,77,2.3523809523809573,7.37662337662341
forex,NZDUSD,momentum,long,31339,31340,31367,2025-02-06 07:45:00+00:00,2025-02-06 08:00:00+00:00,2025-02-06 14:45:00+00:00,0.56580001,0.56639999,5.9997999999994445,3.999799999999445,0.1818090909090656,75,20,2.0,signal,27,107,1.9120324187443516,18.61373181818202
futures,ES,momentum,long,30025,30026,30031,2025-02-06 19:30:00+00:00,2025-02-06 19:45:00+00:00,2025-02-06 21:00:00+00:00,6077.25,6107.25,120.0,117.0,0.3861386138613861,300,300,3.0,signal,5,39,2.0713407134071335,5.749174917491747
forex,GBPUSD,momentum,short,31377,31378,31401,2025-02-07 07:30:00+00:00,2025-02-07 07:45:00+00:00,2025-02-07 13:30:00+00:00,1.2445,1.2425,20.0,18.0,0.2337662337662337,20,75,2.0,tp,23,78,1.9879275653923587,6.37662337662341
forex,GBPUSD,momentum,short,31406,31407,31410,2025-02-07 14:45:00+00:00,2025-02-07 15:00:00+00:00,2025-02-07 15:45:00+00:00,1.2455,1.2435,20.0,18.0,0.2337662337662337,20,75,2.0,tp,3,79,2.0241448692152963,6.610389610389644
futures,ES,momentum,long,30099,30100,30195,2025-02-07 15:00:00+00:00,2025-02-07 15:15:00+00:00,2025-02-10 16:00:00+00:00,6084.25,6089.75,22.0,19.0,0.0627062706270627,300,300,3.0,signal,95,40,2.1432964329643287,6.135313531353133
forex,NZDUSD,momentum,short,31476,31477,31493,2025-02-07 18:00:00+00:00,2025-02-07 18:15:00+00:00,2025-02-09 22:15:00+00:00,0.56599998,0.56419998,17.999999999999126,15.999999999999126,0.7272727272726875,75,20,2.0,signal,16,108,1.920940669198972,18.795540909091088
forex,NZDUSD,momentum,short,31538,31539,31549,2025-02-10 09:30:00+00:00,2025-02-10 09:45:00+00:00,2025-02-10 12:15:00+00:00,0.56620002,0.56489998,13.000400000000578,11.000400000000578,0.5000181818182081,75,20,2.0,signal,10,108,1.9476672023020127,19.34100454545466
forex,GBPUSD,momentum,short,31481,31482,31490,2025-02-10 09:30:00+00:00,2025-02-10 09:45:00+00:00,2025-02-10 11:45:00+00:00,1.2418,1.2398,20.0,18.0,0.2337662337662337,20,75,2.0,tp,8,80,2.060362173038234,6.844155844155878
forex,GBPUSD,momentum,short,31575,31576,31581,2025-02-11 09:00:00+00:00,2025-02-11 09:15:00+00:00,2025-02-11 10:30:00+00:00,1.2376,1.2356,20.0,18.0,0.2337662337662337,20,75,2.0,tp,5,80,2.060362173038234,6.844155844155878
forex,NZDUSD,momentum,short,31653,31654,31659,2025-02-11 14:15:00+00:00,2025-02-11 14:30:00+00:00,2025-02-11 15:45:00+00:00,0.5654,0.56480002,5.999800000000555,3.9998000000005542,0.1818090909091161,75,20,2.0,signal,5,107,1.9164863212542622,18.70463181818197
futures,NQ,momentum,short,30280,30281,30368,2025-02-11 14:30:00+00:00,2025-02-11 14:45:00+00:00,2025-02-12 13:30:00+00:00,21789.75,21664.75,500.0,497.0,1.4747774480712166,500,334,3.0,tp,87,57,1.8125168599946044,17.875370919881306
futures,ES,momentum,short,30283,30284,30292,2025-02-11 15:00:00+00:00,2025-02-11 15:15:00+00:00,2025-02-11 17:15:00+00:00,6072.5,6072.75,-1.0,-4.0,-0.0132013201320132,300,300,3.0,signal,8,39,2.031980319803197,5.5379537953795355
forex,NZDUSD,momentum,long,31706,31707,31728,2025-02-12 03:30:00+00:00,2025-02-12 03:45:00+00:00,2025-02-12 09:00:00+00:00,0.56590003,0.56390003,-20.0,-22.0,-1.0,75,20,2.0,sl,21,108,1.9253945717088852,18.886440909091085
forex,NZDUSD,momentum,short,31737,31738,31747,2025-02-12 11:15:00+00:00,2025-02-12 11:30:00+00:00,2025-02-12 13:45:00+00:00,0.56440002,0.56120002,31.999999999999805,29.999999999999805,1.3636363636363549,75,20,2.0,signal,9,108,1.8237836770527427,17.63644090909107
forex,NZDUSD,momentum,long,31820,31821,31866,2025-02-13 08:00:00+00:00,2025-02-13 08:15:00+00:00,2025-02-13 19:30:00+00:00,0.56400001,0.56660002,26.000099999999858,24.000099999999858,1.0909136363636298,75,20,2.0,signal,45,108,1.8641225733785334,18.500059090909218
futures,NQ,momentum,long,30439,30440,30464,2025-02-13 08:15:00+00:00,2025-02-13 08:30:00+00:00,2025-02-13 14:30:00+00:00,21790.25,21915.25,500.0,497.0,1.4747774480712166,500,334,3.0,tp,24,58,1.8795521985432961,19.35014836795252
futures,ES,momentum,short,30462,30463,30835,2025-02-13 13:45:00+00:00,2025-02-13 14:00:00+00:00,2025-02-19 19:00:00+00:00,6084.5,6159.5,-300.0,-303.0,-1.0,300,300,3.0,sl,372,40,2.0269938650306742,5.5247524752475226
forex,NZDUSD,momentum,short,32103,32104,32110,2025-02-18 06:45:00+00:00,2025-02-18 07:00:00+00:00,2025-02-18 08:30:00+00:00,0.57120001,0.5711,1.000099999999282,-0.999900000000718,-0.0454500000000326,75,20,2.0,signal,6,109,1.915078253798576,19.59097272727285
futures,NQ,momentum,long,30724,30725,30727,2025-02-18 14:30:00+00:00,2025-02-18 14:45:00+00:00,2025-02-18 15:15:00+00:00,22221.5,22138.0,-334.0,-337.0,-1.0,500,334,3.0,sl,2,57,1.8324790936066895,18.314540059347177
forex,GBPUSD,momentum,long,32091,32092,32106,2025-02-18 18:00:00+00:00,2025-02-18 18:15:00+00:00,2025-02-18 21:45:00+00:00,1.2596,1.2616,20.0,18.0,0.2337662337662337,20,75,2.0,tp,14,81,2.0965794768611716,7.077922077922112
forex,GBPUSD,momentum,long,32121,32122,32143,2025-02-19 01:30:00+00:00,2025-02-19 01:45:00+00:00,2025-02-19 07:00:00+00:00,1.2611,1.2631,20.0,18.0,0.2337662337662337,20,75,2.0,tp,21,82,2.1327967806841093,7.311688311688346
forex,NZDUSD,momentum,short,32181,32182,32196,2025-02-19 02:15:00+00:00,2025-02-19 02:30:00+00:00,2025-02-19 06:00:00+00:00,0.57090002,0.57290002,-20.0,-22.0,-1.0,75,20,2.0,sl,14,109,2.0044491170432694,20.545522727272818
forex,GBPUSD,momentum,long,32154,32155,32245,2025-02-19 09:45:00+00:00,2025-02-19 10:00:00+00:00,2025-02-20 08:30:00+00:00,1.2605,1.2612,7.0000000000014495,5.0000000000014495,0.0649350649350837,20,75,2.0,signal,90,83,2.169014084507047,7.5454545454545805
forex,NZDUSD,momentum,long,32213,32214,32235,2025-02-19 10:15:00+00:00,2025-02-19 10:30:00+00:00,2025-02-19 15:45:00+00:00,0.57190001,0.57200003,1.0001999999997846,-0.9998000000002154,-0.0454454545454643,75,20,2.0,signal,21,110,1.9110212851965513,19.545522727272818
futures,NQ,momentum,long,30800,30801,30818,2025-02-19 10:30:00+00:00,2025-02-19 10:45:00+00:00,2025-02-19 15:00:00+00:00,22206.5,22123.0,-334.0,-337.0,-1.0,500,334,3.0,sl,17,58,1.7528060895368334,17.314540059347177
futures,NQ,momentum,short,30823,30824,30909,2025-02-19 16:15:00+00:00,2025-02-19 16:30:00+00:00,2025-02-20 14:45:00+00:00,22218.0,22093.0,500.0,497.0,1.4747774480712166,500,334,3.0,tp,85,59,1.6797725024727985,16.314540059347177
forex,NZDUSD,momentum,short,32271,32272,32276,2025-02-20 00:45:00+00:00,2025-02-20 01:00:00+00:00,2025-02-20 02:00:00+00:00,0.57080001,0.56959999,12.000200000000794,10.000200000000794,0.4545545454545815,75,20,2.0,signal,4,111,1.9069818722737812,19.500077272727353
forex,GBPUSD,momentum,long,32369,32370,32378,2025-02-21 15:30:00+00:00,2025-02-21 15:45:00+00:00,2025-02-21 17:45:00+00:00,1.263,1.265,20.0,18.0,0.2337662337662337,20,75,2.0,tp,8,84,2.179074446680088,7.610389610389664
forex,NZDUSD,momentum,long,32426,32427,32455,2025-02-21 15:30:00+00:00,2025-02-21 15:45:00+00:00,2025-02-23 22:45:00+00:00,0.5747,0.57489997,1.9997000000004928,-0.0002999999995072,-1.3636363613965909e-05,75,20,2.0,signal,28,112,1.9281239799137113,19.954631818181934
forex,GBPUSD,momentum,long,32433,32434,32548,2025-02-24 07:30:00+00:00,2025-02-24 07:45:00+00:00,2025-02-25 12:15:00+00:00,1.2641,1.2661,20.0,18.0,0.2337662337662337,20,75,2.0,tp,114,85,2.2152917505030256,7.844155844155898
forex,NZDUSD,momentum,long,32490,32491,32552,2025-02-24 07:30:00+00:00,2025-02-24 07:45:00+00:00,2025-02-24 23:00:00+00:00,0.57480001,0.57280001,-20.0,-22.0,-1.0,75,20,2.0,sl,61,112,1.90275296274098,19.40916818181831
forex,GBPUSD,momentum,long,32565,32566,32573,2025-02-25 16:30:00+00:00,2025-02-25 16:45:00+00:00,2025-02-25 18:30:00+00:00,1.2653,1.2662,8.999999999999009,6.999999999999009,0.090909090909078,20,75,2.0,signal,7,83,2.152917505030192,7.4415584415585165
forex,NZDUSD,momentum,short,32649,32650,32656,2025-02-25 23:15:00+00:00,2025-02-25 23:30:00+00:00,2025-02-26 01:00:00+00:00,0.57319999,0.57260001,5.9997999999994445,3.999799999999445,0.1818090909090656,75,20,2.0,signal,6,112,1.7949527221744717,17.886418181818314
forex,GBPUSD,momentum,long,32605,32606,32624,2025-02-26 02:30:00+00:00,2025-02-26 02:45:00+00:00,2025-02-26 07:15:00+00:00,1.2654,1.2655,0.99999999999989,-1.00000000000011,-0.0129870129870144,20,75,2.0,signal,18,84,2.167002012072443,7.532467532467595
forex,GBPUSD,momentum,long,32745,32746,32798,2025-02-27 13:30:00+00:00,2025-02-27 13:45:00+00:00,2025-02-28 02:45:00+00:00,1.266,1.2585,-75.0,-77.0,-1.0,20,75,2.0,sl,52,84,2.1265060240963938,7.285714285714347
forex,GBPUSD,momentum,short,32879,32880,32931,2025-03-02 23:00:00+00:00,2025-03-02 23:15:00+00:00,2025-03-03 12:00:00+00:00,1.2601,1.2676,-75.0,-77.0,-1.0,20,75,2.0,sl,51,82,1.7530434782608764,5.6233766233766795
forex,NZDUSD,momentum,short,32996,32997,33008,2025-03-03 14:00:00+00:00,2025-03-03 14:15:00+00:00,2025-03-03 17:00:00+00:00,0.56160003,0.56360003,-20.0,-22.0,-1.0,75,20,2.0,sl,11,109,1.8319266722269294,17.88640454545464
forex,NZDUSD,momentum,long,33014,33015,33021,2025-03-03 18:30:00+00:00,2025-03-03 18:45:00+00:00,2025-03-03 20:15:00+00:00,0.56269997,0.56069997,-20.0,-22.0,-1.0,75,20,2.0,sl,6,110,1.7505076267753836,16.88640454545464
forex,NZDUSD,momentum,short,33072,33073,33086,2025-03-04 09:00:00+00:00,2025-03-04 09:15:00+00:00,2025-03-04 12:30:00+00:00,0.56220001,0.56420001,-20.0,-22.0,-1.0,75,20,2.0,sl,13,110,1.7505076267753836,16.88640454545464
forex,NZDUSD,momentum,long,33090,33091,33097,2025-03-04 13:30:00+00:00,2025-03-04 13:45:00+00:00,2025-03-04 15:15:00+00:00,0.56290001,0.56090001,-20.0,-22.0,-1.0,75,20,2.0,sl,6,111,1.6760178684892375,15.886404545454639
futures,NQ,momentum,short,31747,31748,31749,2025-03-05 17:15:00+00:00,2025-03-05 17:30:00+00:00,2025-03-05 17:45:00+00:00,20472.5,20556.0,-334.0,-337.0,-1.0,500,334,3.0,sl,1,52,1.8629080118694357,17.25816023738872
futures,NQ,momentum,short,31832,31833,31835,2025-03-06 15:30:00+00:00,2025-03-06 15:45:00+00:00,2025-03-06 16:15:00+00:00,20493.5,20368.5,500.0,497.0,1.4747774480712166,500,334,3.0,tp,2,53,1.7741981065423198,16.25816023738872
forex,NZDUSD,momentum,long,33368,33369,33379,2025-03-07 11:00:00+00:00,2025-03-07 11:15:00+00:00,2025-03-07 13:45:00+00:00,0.57190001,0.57230002,4.000100000000062,2.000100000000062,0.0909136363636391,75,20,2.0,signal,10,109,1.5324696961685536,13.045495454545579
forex,NZDUSD,momentum,short,33424,33425,33432,2025-03-10 01:00:00+00:00,2025-03-10 01:15:00+00:00,2025-03-10 03:00:00+00:00,0.5722,0.57090002,12.999800000000894,10.999800000000894,0.4999909090909497,75,20,2.0,signal,7,109,1.523193991831166,12.818240909091049
forex,GBPUSD,momentum,long,33394,33395,33403,2025-03-10 07:45:00+00:00,2025-03-10 08:00:00+00:00,2025-03-10 10:00:00+00:00,1.2897,1.291,12.999999999998568,10.999999999998568,0.1428571428571242,20,75,2.0,signal,8,79,1.7069565217391378,5.2792207792208385
forex,GBPUSD,momentum,short,33486,33487,33605,2025-03-11 06:45:00+00:00,2025-03-11 07:00:00+00:00,2025-03-12 12:30:00+00:00,1.2894,1.2969000000000002,-75.0,-77.0,-1.0,20,75,2.0,sl,118,80,1.726086956521744,5.422077922077963
forex,NZDUSD,momentum,long,33597,33598,33650,2025-03-11 20:15:00+00:00,2025-03-11 20:30:00+00:00,2025-03-12 09:30:00+00:00,0.57120001,0.57190001,7.000000000000339,5.000000000000339,0.2272727272727427,75,20,2.0,signal,52,106,1.5029041614160201,11.81823636363647
forex,NZDUSD,momentum,long,33652,33653,33665,2025-03-12 10:00:00+00:00,2025-03-12 10:15:00+00:00,2025-03-12 13:15:00+00:00,0.57099998,0.57139999,4.000100000000062,2.000100000000062,0.0909136363636391,75,20,2.0,signal,12,107,1.5125753506531476,12.045509090909212
futures,NQ,momentum,short,32273,32274,32282,2025-03-13 09:45:00+00:00,2025-03-13 10:00:00+00:00,2025-03-13 12:00:00+00:00,19605.5,19480.5,500.0,497.0,1.4747774480712166,500,334,3.0,tp,8,52,1.703970609015119,14.783382789317502
forex,NZDUSD,momentum,short,33810,33811,33838,2025-03-14 01:30:00+00:00,2025-03-14 01:45:00+00:00,2025-03-14 08:30:00+00:00,0.57099998,0.57299998,-20.0,-22.0,-1.0,75,20,2.0,sl,27,108,1.5164440197717832,12.136422727272851
forex,NZDUSD,momentum,long,33843,33844,33853,2025-03-14 09:45:00+00:00,2025-03-14 10:00:00+00:00,2025-03-14 12:15:00+00:00,0.57190001,0.5733,13.999900000000176,11.999900000000176,0.545450000000008,75,20,2.0,signal,9,109,1.4545482880781933,11.136422727272851
forex,GBPUSD,momentum,short,33871,33872,34084,2025-03-17 08:00:00+00:00,2025-03-17 08:15:00+00:00,2025-03-19 13:15:00+00:00,1.2943,1.2963,-20.000000000000018,-22.000000000000018,-0.2857142857142859,20,75,2.0,signal,212,82,1.7973913043478305,5.954545454545489
futures,NQ,momentum,long,32670,32671,32676,2025-03-19 17:00:00+00:00,2025-03-19 17:15:00+00:00,2025-03-19 18:30:00+00:00,19612.75,19737.75,500.0,497.0,1.4747774480712166,500,334,3.0,tp,5,51,1.789169139465875,15.783382789317502
forex,GBPUSD,momentum,short,34104,34105,34157,2025-03-19 18:15:00+00:00,2025-03-19 18:30:00+00:00,2025-03-20 07:30:00+00:00,1.2984,1.2964,20.0,18.0,0.2337662337662337,20,75,2.0,tp,52,83,1.7311557788944767,5.668831168831203
forex,GBPUSD,momentum,short,34175,34176,34177,2025-03-20 12:00:00+00:00,2025-03-20 12:15:00+00:00,2025-03-20 12:30:00+00:00,1.2973,1.2953,20.0,18.0,0.2337662337662337,20,75,2.0,tp,1,84,1.7613065326633208,5.902597402597437
forex,NZDUSD,momentum,short,34282,34283,34294,2025-03-21 00:30:00+00:00,2025-03-21 00:45:00+00:00,2025-03-21 03:30:00+00:00,0.57660002,0.5751,15.000200000000463,13.000200000000463,0.5909181818182029,75,20,2.0,signal,11,106,1.3933235559587744,9.636418181818277
forex,NZDUSD,momentum,short,34328,34329,34333,2025-03-21 12:00:00+00:00,2025-03-21 12:15:00+00:00,2025-03-21 13:15:00+00:00,0.5765,0.57529998,12.000199999999683,10.000199999999683,0.454554545454531,75,20,2.0,signal,4,107,1.4174426877947048,10.22733636363648
futures,NQ,momentum,short,32845,32846,32853,2025-03-21 14:45:00+00:00,2025-03-21 15:00:00+00:00,2025-03-21 16:45:00+00:00,19794.0,19877.5,-334.0,-337.0,-1.0,500,334,3.0,sl,7,52,1.8629080118694357,17.25816023738872
forex,GBPUSD,momentum,short,34340,34341,34371,2025-03-24 06:15:00+00:00,2025-03-24 06:30:00+00:00,2025-03-24 14:00:00+00:00,1.2936,1.2918,18.000000000000238,16.000000000000238,0.2077922077922109,20,75,2.0,signal,30,84,1.7889447236180973,6.116883116883171
forex,GBPUSD,momentum,short,34390,34391,34441,2025-03-24 18:45:00+00:00,2025-03-24 19:00:00+00:00,2025-03-25 07:30:00+00:00,1.2927,1.2907,20.0,18.0,0.2337662337662337,20,75,2.0,tp,50,84,1.8341793570220029,6.402597402597454
forex,GBPUSD,momentum,short,34449,34450,34537,2025-03-25 09:30:00+00:00,2025-03-25 09:45:00+00:00,2025-03-26 07:30:00+00:00,1.2924,1.2904,20.0,18.0,0.2337662337662337,20,75,2.0,tp,87,85,1.864636209813881,6.636363636363688
forex,NZDUSD,momentum,long,34524,34525,34578,2025-03-25 14:00:00+00:00,2025-03-25 14:15:00+00:00,2025-03-26 03:30:00+00:00,0.57340002,0.57450002,10.9999999999999,8.999999999999899,0.4090909090909045,75,20,2.0,signal,53,105,1.4603524761629394,10.818272727272834
forex,GBPUSD,momentum,short,34611,34612,34633,2025-03-27 02:00:00+00:00,2025-03-27 02:15:00+00:00,2025-03-27 07:30:00+00:00,1.2909,1.2905,3.99999999999956,1.9999999999995597,0.0259740259740202,20,75,2.0,signal,21,84,1.8341793570220029,6.402597402597454
forex,GBPUSD,momentum,long,34658,34659,34662,2025-03-27 13:45:00+00:00,2025-03-27 14:00:00+00:00,2025-03-27 14:45:00+00:00,1.2928,1.2948,20.0,18.0,0.2337662337662337,20,75,2.0,tp,3,85,1.8375634517766553,6.428571428571474
forex,GBPUSD,momentum,long,34733,34734,34751,2025-03-28 08:30:00+00:00,2025-03-28 08:45:00+00:00,2025-03-28 13:00:00+00:00,1.2946,1.2944,-1.99999999999978,-3.99999999999978,-0.051948051948049,20,75,2.0,signal,17,86,1.8680203045685333,6.662337662337708
forex,NZDUSD,momentum,short,34806,34807,34815,2025-03-28 12:30:00+00:00,2025-03-28 12:45:00+00:00,2025-03-28 14:45:00+00:00,0.57230002,0.57249999,-1.9996999999993823,-3.9996999999993834,-0.1818045454545173,75,20,2.0,signal,8,106,1.4777606167897677,11.227363636363739
forex,GBPUSD,momentum,long,34783,34784,34791,2025-03-30 22:00:00+00:00,2025-03-30 22:15:00+00:00,2025-03-31 00:00:00+00:00,1.2924,1.2944,20.0,18.0,0.2337662337662337,20,75,2.0,tp,7,85,1.7949579831932834,6.142857142857191
forex,NZDUSD,momentum,short,34876,34877,34879,2025-03-31 07:00:00+00:00,2025-03-31 07:15:00+00:00,2025-03-31 07:45:00+00:00,0.57179999,0.56999999,18.000000000000238,16.000000000000238,0.7272727272727381,75,20,2.0,signal,2,106,1.5310675848778963,12.045559090909222
forex,GBPUSD,momentum,long,34823,34824,34836,2025-03-31 08:00:00+00:00,2025-03-31 08:15:00+00:00,2025-03-31 11:15:00+00:00,1.2947,1.2945,-1.99999999999978,-3.99999999999978,-0.051948051948049,20,75,2.0,signal,12,86,1.8252100840336196,6.376623376623425
forex,GBPUSD,momentum,short,34922,34923,34931,2025-04-01 08:45:00+00:00,2025-04-01 09:00:00+00:00,2025-04-01 11:00:00+00:00,1.2926,1.2908,18.000000000000238,16.000000000000238,0.2077922077922109,20,75,2.0,signal,8,87,1.8130217028380704,6.324675324675376
forex,NZDUSD,momentum,short,35000,35001,35018,2025-04-01 14:00:00+00:00,2025-04-01 14:15:00+00:00,2025-04-01 18:30:00+00:00,0.5686,0.56910002,-5.000200000000454,-7.000200000000454,-0.3181909090909297,75,20,2.0,signal,17,107,1.5631317645399085,12.77283181818196
futures,NQ,momentum,short,33489,33490,33491,2025-04-01 14:45:00+00:00,2025-04-01 15:00:00+00:00,2025-04-01 15:15:00+00:00,19515.75,19599.25,-334.0,-337.0,-1.0,500,334,3.0,sl,1,47,1.6824925816023737,12.967359050445097
forex,GBPUSD,momentum,short,34946,34947,34986,2025-04-01 14:45:00+00:00,2025-04-01 15:00:00+00:00,2025-04-02 00:45:00+00:00,1.2922,1.2912,10.00000000000112,8.000000000001119,0.1038961038961184,20,75,2.0,signal,39,88,1.8397328881469188,6.532467532467587
futures,NQ,momentum,long,33502,33503,33509,2025-04-01 18:00:00+00:00,2025-04-01 18:15:00+00:00,2025-04-01 19:45:00+00:00,19443.0,19547.5,418.0,415.0,1.231454005934718,500,334,3.0,signal,6,48,1.598367952522255,11.967359050445097
forex,GBPUSD,momentum,short,34992,34993,35011,2025-04-02 02:15:00+00:00,2025-04-02 02:30:00+00:00,2025-04-02 07:00:00+00:00,1.2928,1.2908,20.0,18.0,0.2337662337662337,20,75,2.0,tp,18,89,1.8530884808013448,6.636363636363705
forex,GBPUSD,momentum,short,35020,35021,35063,2025-04-02 09:15:00+00:00,2025-04-02 09:30:00+00:00,2025-04-02 20:00:00+00:00,1.2929,1.3004,-75.0,-77.0,-1.0,20,75,2.0,sl,42,90,1.883138564273799,6.870129870129939
futures,NQ,momentum,short,33576,33577,33578,2025-04-02 13:30:00+00:00,2025-04-02 13:45:00+00:00,2025-04-02 14:00:00+00:00,19530.25,19613.75,-334.0,-337.0,-1.0,500,334,3.0,sl,1,49,1.659940652818991,13.198813056379816
forex,NZDUSD,momentum,long,35154,35155,35158,2025-04-03 04:30:00+00:00,2025-04-03 04:45:00+00:00,2025-04-03 05:30:00+00:00,0.5733,0.57539999,20.999899999999403,18.999899999999403,0.863631818181791,75,20,2.0,signal,3,108,1.541506768585105,12.45464090909103
forex,GBPUSD,momentum,long,35201,35202,35207,2025-04-04 06:30:00+00:00,2025-04-04 06:45:00+00:00,2025-04-04 08:00:00+00:00,1.3067,1.2992,-75.0,-77.0,-1.0,20,75,2.0,sl,5,91,1.6686390532544462,5.870129870129939
futures,NQ,momentum,short,33854,33855,33855,2025-04-07 14:00:00+00:00,2025-04-07 14:15:00+00:00,2025-04-07 14:15:00+00:00,17955.0,18038.5,-334.0,-337.0,-1.0,500,334,3.0,same_bar_sl,0,48,1.74730595033578,14.198813056379816
futures,NQ,momentum,short,33869,33870,33870,2025-04-07 17:45:00+00:00,2025-04-07 18:00:00+00:00,2025-04-07 18:00:00+00:00,17784.75,17659.75,500.0,497.0,1.4747774480712166,500,334,3.0,tp,0,49,1.659940652818991,13.198813056379816
forex,NZDUSD,momentum,short,35466,35467,35474,2025-04-08 12:30:00+00:00,2025-04-08 12:45:00+00:00,2025-04-08 14:30:00+00:00,0.56150001,0.56029999,12.000200000000794,10.000200000000794,0.4545545454545815,75,20,2.0,signal,7,109,1.579056022596077,13.31827272727282
futures,NQ,momentum,short,34010,34011,34011,2025-04-09 07:00:00+00:00,2025-04-09 07:15:00+00:00,2025-04-09 07:15:00+00:00,17319.5,17194.5,500.0,497.0,1.4747774480712166,500,334,3.0,tp,0,49,1.6909495548961424,13.818991097922844
forex,NZDUSD,momentum,short,35561,35562,35570,2025-04-09 12:15:00+00:00,2025-04-09 12:30:00+00:00,2025-04-09 14:30:00+00:00,0.55760002,0.55669999,9.000299999999406,7.000299999999406,0.3181954545454275,75,20,2.0,signal,8,108,1.5711510725111564,13.136459090909186
futures,NQ,momentum,short,34036,34037,34037,2025-04-09 13:30:00+00:00,2025-04-09 13:45:00+00:00,2025-04-09 13:45:00+00:00,17366.0,17449.5,-334.0,-337.0,-1.0,500,334,3.0,sl,0,50,1.7646884272997032,15.29376854599406
futures,NQ,momentum,long,34137,34138,34138,2025-04-10 15:45:00+00:00,2025-04-10 16:00:00+00:00,2025-04-10 16:00:00+00:00,18278.25,18194.75,-334.0,-337.0,-1.0,500,334,3.0,sl,0,50,1.6104281475201356,12.818991097922844
futures,CL,momentum,long,34433,34434,34444,2025-04-14 15:45:00+00:00,2025-04-14 16:00:00+00:00,2025-04-14 18:30:00+00:00,61.03,61.58,54.99999999999972,51.99999999999972,0.1716171617161706,500,300,3.0,signal,10,37,4.7109557109557025,5.254125412541232
futures,NQ,momentum,long,34321,34322,34322,2025-04-14 15:45:00+00:00,2025-04-14 16:00:00+00:00,2025-04-14 16:00:00+00:00,18829.25,18745.75,-334.0,-337.0,-1.0,500,334,3.0,sl,0,50,1.6104281475201356,12.818991097922844
futures,NQ,momentum,long,34339,34340,34378,2025-04-14 20:15:00+00:00,2025-04-14 20:30:00+00:00,2025-04-15 07:00:00+00:00,18844.25,18969.25,500.0,497.0,1.4747774480712166,500,334,3.0,tp,38,51,1.5372268680874022,11.818991097922844
futures,CL,momentum,long,34523,34524,34612,2025-04-15 15:15:00+00:00,2025-04-15 15:30:00+00:00,2025-04-16 14:30:00+00:00,61.17,62.67,150.0,147.0,0.4851485148514851,500,300,3.0,signal,88,37,4.701631701631695,5.240924092409222
futures,NQ,momentum,short,34476,34477,34481,2025-04-16 08:30:00+00:00,2025-04-16 08:45:00+00:00,2025-04-16 09:45:00+00:00,18805.25,18680.25,500.0,497.0,1.4747774480712166,500,334,3.0,tp,4,49,1.5769393810936836,12.115727002967354
futures,NQ,momentum,short,34503,34504,34505,2025-04-16 15:15:00+00:00,2025-04-16 15:30:00+00:00,2025-04-16 15:45:00+00:00,18709.25,18584.25,500.0,497.0,1.4747774480712166,500,334,3.0,tp,1,50,1.6471668786208842,13.590504451038571
forex,NZDUSD,momentum,short,36250,36251,36269,2025-04-18 18:00:00+00:00,2025-04-18 18:15:00+00:00,2025-04-21 00:00:00+00:00,0.59414178,0.59614178,-20.0,-22.0,-1.0,75,20,2.0,sl,18,100,1.7083386513227896,14.681909090909175
futures,NQ,momentum,short,34745,34746,34773,2025-04-22 06:45:00+00:00,2025-04-22 07:00:00+00:00,2025-04-22 13:45:00+00:00,18147.5,18231.0,-334.0,-337.0,-1.0,500,334,3.0,sl,27,50,1.8032640949554892,16.065281899109788
forex,NZDUSD,momentum,long,36434,36435,36447,2025-04-22 17:15:00+00:00,2025-04-22 17:30:00+00:00,2025-04-22 20:30:00+00:00,0.59862316,0.59662316,-20.0,-22.0,-1.0,75,20,2.0,sl,12,95,1.5418458684257803,11.772818181818282
forex,NZDUSD,momentum,short,36568,36569,36575,2025-04-24 02:45:00+00:00,2025-04-24 03:00:00+00:00,2025-04-24 04:30:00+00:00,0.59633845,0.59562808,7.103699999999602,5.103699999999602,0.2319863636363455,75,20,2.0,signal,6,96,1.4740045688054864,10.772818181818282
futures,CL,momentum,short,35042,35043,35149,2025-04-24 07:00:00+00:00,2025-04-24 07:15:00+00:00,2025-04-25 10:45:00+00:00,62.96,62.2,75.9999999999998,72.9999999999998,0.2409240924092402,500,300,3.0,signal,106,37,5.383084577114415,5.815181518151794
forex,NZDUSD,momentum,long,36619,36620,36625,2025-04-24 15:30:00+00:00,2025-04-24 15:45:00+00:00,2025-04-24 17:00:00+00:00,0.59812188,0.59959227,14.703900000000436,12.703900000000436,0.5774500000000198,75,20,2.0,signal,5,97,1.4842119810543803,11.004804545454627
forex,NZDUSD,momentum,short,36709,36710,36715,2025-04-25 14:00:00+00:00,2025-04-25 14:15:00+00:00,2025-04-25 15:30:00+00:00,0.59662312,0.59637403,2.4908999999995185,0.4908999999995185,0.0223136363636144,75,20,2.0,signal,5,98,1.5096198115437778,11.582254545454647
forex,NZDUSD,momentum,long,36841,36842,36849,2025-04-29 00:15:00+00:00,2025-04-29 00:30:00+00:00,2025-04-29 02:15:00+00:00,0.59640962,0.59865898,22.49359999999978,20.49359999999978,0.9315272727272628,75,20,2.0,signal,7,94,1.6070181232694662,12.581813636363774
forex,NZDUSD,momentum,long,36876,36877,36895,2025-04-29 09:00:00+00:00,2025-04-29 09:15:00+00:00,2025-04-29 13:45:00+00:00,0.59637403,0.59437403,-20.0,-22.0,-1.0,75,20,2.0,sl,18,95,1.6519602876670507,13.513340909091037
futures,NQ,momentum,long,35230,35231,35233,2025-04-29 13:00:00+00:00,2025-04-29 13:15:00+00:00,2025-04-29 13:45:00+00:00,19401.0,19526.0,500.0,497.0,1.4747774480712166,500,334,3.0,tp,2,48,1.8672497266906134,16.47774480712166
forex,NZDUSD,momentum,short,37035,37036,37054,2025-05-01 00:45:00+00:00,2025-05-01 01:00:00+00:00,2025-05-01 05:30:00+00:00,0.59449494,0.5929088,15.861400000000137,13.861400000000137,0.6300636363636426,75,20,2.0,signal,18,94,1.6300299956535094,13.058786363636505
forex,NZDUSD,momentum,long,37159,37160,37166,2025-05-02 07:45:00+00:00,2025-05-02 08:00:00+00:00,2025-05-02 09:30:00+00:00,0.59213644,0.59347183,13.353900000000474,11.353900000000474,0.5160863636363852,75,20,2.0,signal,6,95,1.6604278426682209,13.688850000000148
forex,NZDUSD,momentum,long,37220,37221,37225,2025-05-05 00:00:00+00:00,2025-05-05 00:15:00+00:00,2025-05-05 01:15:00+00:00,0.59474248,0.59708619,23.437099999999987,21.437099999999987,0.9744136363636358,75,20,2.0,signal,4,95,1.6666866228332822,13.818577272727415
futures,NQ,momentum,long,35625,35626,35639,2025-05-05 19:45:00+00:00,2025-05-05 20:00:00+00:00,2025-05-06 00:15:00+00:00,20065.5,19982.0,-334.0,-337.0,-1.0,500,334,3.0,sl,13,46,1.7794783695142897,14.810089020771512
futures,CL,momentum,short,35754,35755,35915,2025-05-06 01:00:00+00:00,2025-05-06 01:15:00+00:00,2025-05-07 18:15:00+00:00,57.74,57.91,-16.99999999999946,-19.99999999999946,-0.0660066006600642,500,300,3.0,signal,160,36,5.087064676616901,5.4224422442244
futures,NQ,momentum,short,35713,35714,35719,2025-05-06 18:45:00+00:00,2025-05-06 19:00:00+00:00,2025-05-06 20:15:00+00:00,19953.75,19828.75,500.0,497.0,1.4747774480712166,500,334,3.0,tp,5,47,1.6905044510385754,13.810089020771512
futures,NQ,momentum,long,35779,35780,35789,2025-05-07 12:15:00+00:00,2025-05-07 12:30:00+00:00,2025-05-07 14:45:00+00:00,19920.0,19836.5,-334.0,-337.0,-1.0,500,334,3.0,sl,9,48,1.7642433234421362,15.28486646884273
futures,NQ,momentum,short,35808,35809,35809,2025-05-07 19:30:00+00:00,2025-05-07 19:45:00+00:00,2025-05-07 19:45:00+00:00,19984.25,19859.25,500.0,497.0,1.4747774480712166,500,334,3.0,tp,0,49,1.6802317366115582,14.28486646884273
futures,NQ,momentum,long,35878,35879,35883,2025-05-08 14:00:00+00:00,2025-05-08 14:15:00+00:00,2025-05-08 15:15:00+00:00,20046.75,20171.75,500.0,497.0,1.4747774480712166,500,334,3.0,tp,4,50,1.7504592341387588,15.759643916913946
futures,NQ,momentum,long,35971,35972,35998,2025-05-09 14:15:00+00:00,2025-05-09 14:30:00+00:00,2025-05-11 22:00:00+00:00,20134.25,20259.25,500.0,497.0,1.4747774480712166,500,334,3.0,tp,26,51,1.8206867316659596,17.234421364985163
forex,NZDUSD,momentum,short,37691,37692,37697,2025-05-11 23:00:00+00:00,2025-05-11 23:15:00+00:00,2025-05-12 00:30:00+00:00,0.59238195,0.59143603,9.459200000000443,7.459200000000445,0.3390545454545657,75,20,2.0,signal,5,92,1.849383275800893,15.906609090909207
forex,NZDUSD,momentum,long,37715,37716,37720,2025-05-12 05:00:00+00:00,2025-05-12 05:15:00+00:00,2025-05-12 06:15:00+00:00,0.5926277,0.59333098,7.032799999999728,5.032799999999728,0.228763636363624,75,20,2.0,signal,4,93,1.8674881565361572,16.245663636363773
forex,NZDUSD,momentum,short,38008,38009,38014,2025-05-15 06:15:00+00:00,2025-05-15 06:30:00+00:00,2025-05-15 07:45:00+00:00,0.59056282,0.58896279,16.000300000000856,14.000300000000856,0.6363772727273116,75,20,2.0,signal,5,93,1.8712092784601202,16.31535000000012
forex,NZDUSD,momentum,long,38119,38120,38137,2025-05-16 10:00:00+00:00,2025-05-16 10:15:00+00:00,2025-05-16 14:30:00+00:00,0.59049302,0.58849302,-20.0,-22.0,-1.0,75,20,2.0,sl,17,94,1.9051906386271515,16.95172727272743
forex,NZDUSD,momentum,short,38165,38166,38184,2025-05-18 23:00:00+00:00,2025-05-18 23:15:00+00:00,2025-05-19 03:45:00+00:00,0.58906692,0.58917105,-1.0412999999998007,-3.0412999999998007,-0.1382409090909,75,20,2.0,signal,18,93,1.76368262260271,15.065354545454674
forex,NZDUSD,momentum,short,38194,38195,38204,2025-05-19 06:15:00+00:00,2025-05-19 06:30:00+00:00,2025-05-19 08:45:00+00:00,0.58941412,0.58920574,2.08380000000008,0.08380000000008,0.0038090909090945,75,20,2.0,signal,9,94,1.751409422509169,14.927113636363774
futures,NQ,momentum,short,36520,36521,36522,2025-05-19 13:30:00+00:00,2025-05-19 13:45:00+00:00,2025-05-19 14:00:00+00:00,21332.25,21415.75,-334.0,-337.0,-1.0,500,334,3.0,sl,1,49,1.8930267062314534,17.860534124629076
futures,NQ,momentum,short,36696,36697,36706,2025-05-21 11:30:00+00:00,2025-05-21 11:45:00+00:00,2025-05-21 14:00:00+00:00,21347.5,21431.0,-334.0,-337.0,-1.0,500,334,3.0,sl,9,47,1.7836795252225515,15.673590504451033
futures,NQ,momentum,short,36863,36864,36872,2025-05-23 07:15:00+00:00,2025-05-23 07:30:00+00:00,2025-05-23 09:30:00+00:00,21212.75,21120.5,369.0,366.0,1.086053412462908,500,334,3.0,signal,8,48,1.6987424049738584,14.673590504451033
futures,NQ,momentum,short,36918,36919,36919,2025-05-25 22:00:00+00:00,2025-05-25 22:15:00+00:00,2025-05-25 22:15:00+00:00,21100.75,21184.25,-334.0,-337.0,-1.0,500,334,3.0,sl,0,48,1.8379821958456968,16.75964391691394
forex,NZDUSD,momentum,short,38894,38895,38899,2025-05-28 14:15:00+00:00,2025-05-28 14:30:00+00:00,2025-05-28 15:30:00+00:00,0.5964452,0.59541529,10.299099999999672,8.299099999999672,0.3772318181818033,75,20,2.0,signal,4,90,1.577704090259793,11.476372727272873
futures,NQ,momentum,long,37173,37174,37176,2025-05-28 19:45:00+00:00,2025-05-28 20:00:00+00:00,2025-05-28 20:30:00+00:00,21372.25,21497.25,500.0,497.0,1.4747774480712166,500,334,3.0,tp,2,48,1.7106118411756388,14.922848664688422
forex,NZDUSD,momentum,long,38979,38980,38984,2025-05-29 11:30:00+00:00,2025-05-29 11:45:00+00:00,2025-05-29 12:45:00+00:00,0.59648079,0.59873068,22.498899999999765,20.498899999999765,0.9317681818181712,75,20,2.0,signal,4,91,1.5966933972053468,11.853604545454676
forex,NZDUSD,momentum,long,39035,39036,39051,2025-05-30 01:30:00+00:00,2025-05-30 01:45:00+00:00,2025-05-30 05:30:00+00:00,0.59722888,0.59758574,3.568600000000144,1.568600000000144,0.0713000000000065,75,20,2.0,signal,15,92,1.643597266799185,12.785372727272847
forex,NZDUSD,momentum,short,39070,39071,39084,2025-05-30 10:15:00+00:00,2025-05-30 10:30:00+00:00,2025-05-30 13:45:00+00:00,0.59616071,0.59555715,6.035600000000585,4.035600000000585,0.1834363636363902,75,20,2.0,signal,13,93,1.647186406208856,12.856672727272853
forex,NZDUSD,momentum,long,39113,39114,39117,2025-05-30 21:00:00+00:00,2025-05-30 21:15:00+00:00,2025-06-01 23:15:00+00:00,0.59623182,0.59769291,14.610900000000536,12.610900000000536,0.5732227272727517,75,20,2.0,signal,3,94,1.656420328816065,13.040109090909244
futures,NG,momentum,short,37482,37483,37813,2025-06-01 22:00:00+00:00,2025-06-01 22:15:00+00:00,2025-06-05 11:45:00+00:00,3.526,3.656,-130.00000000000034,-133.00000000000034,-0.4389438943894401,500,300,3.0,signal,330,34,5.498659517426271,5.537953795379528
forex,NZDUSD,momentum,short,39307,39308,39323,2025-06-03 22:45:00+00:00,2025-06-03 23:00:00+00:00,2025-06-04 02:45:00+00:00,0.60052848,0.60034823,1.8024999999999287,-0.1975000000000708,-0.0089772727272759,75,20,2.0,signal,15,92,1.6074807220471778,12.06790000000019
forex,NZDUSD,momentum,short,39338,39339,39361,2025-06-04 06:30:00+00:00,2025-06-04 06:45:00+00:00,2025-06-04 12:15:00+00:00,0.60052848,0.60252848,-20.0,-22.0,-1.0,75,20,2.0,sl,22,92,1.5976067507367915,11.877113636363799
futures,NQ,momentum,long,37702,37703,37704,2025-06-05 14:00:00+00:00,2025-06-05 14:15:00+00:00,2025-06-05 14:30:00+00:00,21724.0,21849.0,500.0,497.0,1.4747774480712166,500,334,3.0,tp,1,49,1.7808393387028396,16.39762611275964
forex,NZDUSD,momentum,long,39511,39512,39518,2025-06-06 01:45:00+00:00,2025-06-06 02:00:00+00:00,2025-06-06 03:30:00+00:00,0.60417,0.60422963,0.596299999999772,-1.403700000000228,-0.0638045454545558,75,20,2.0,signal,6,92,1.4818778141713893,10.058940909091065
forex,NZDUSD,momentum,long,39697,39698,39706,2025-06-10 01:30:00+00:00,2025-06-10 01:45:00+00:00,2025-06-10 03:45:00+00:00,0.60463148,0.60485,2.1851999999999983,0.1851999999999982,0.0084181818181817,75,20,2.0,signal,8,91,1.5377801345471178,10.722404545454708
futures,NQ,momentum,long,37943,37944,37960,2025-06-10 05:15:00+00:00,2025-06-10 05:30:00+00:00,2025-06-10 09:30:00+00:00,21786.0,21837.25,205.0,202.0,0.599406528189911,500,334,3.0,signal,16,49,1.9436201780415423,18.872403560830854
forex,NZDUSD,momentum,long,39750,39751,39770,2025-06-10 14:45:00+00:00,2025-06-10 15:00:00+00:00,2025-06-10 19:45:00+00:00,0.60466,0.60536349,7.034900000000288,5.034900000000288,0.228859090909104,75,20,2.0,signal,19,92,1.5382023468346353,10.73082272727289
forex,NZDUSD,momentum,long,39788,39789,39794,2025-06-11 00:15:00+00:00,2025-06-11 00:30:00+00:00,2025-06-11 01:45:00+00:00,0.60562015,0.60362015,-20.0,-22.0,-1.0,75,20,2.0,sl,5,93,1.549680730454623,10.959681818181995
forex,NZDUSD,momentum,short,39803,39804,39813,2025-06-11 04:00:00+00:00,2025-06-11 04:15:00+00:00,2025-06-11 06:30:00+00:00,0.60397416,0.60284543,11.287300000000222,9.287300000000222,0.4221500000000101,75,20,2.0,signal,9,94,1.4756688438459544,9.959681818181995
forex,NZDUSD,momentum,short,39878,39879,39890,2025-06-11 22:45:00+00:00,2025-06-11 23:00:00+00:00,2025-06-12 01:45:00+00:00,0.60375535,0.60211945,16.359000000000233,14.359000000000233,0.6526818181818288,75,20,2.0,signal,11,94,1.4806336549063481,10.063636363636578
forex,NZDUSD,momentum,short,39896,39897,39904,2025-06-12 03:15:00+00:00,2025-06-12 03:30:00+00:00,2025-06-12 05:15:00+00:00,0.60350031,0.60350031,-0.0,-2.0,-0.0909090909090909,75,20,2.0,signal,7,95,1.511805374196322,10.716318181818407
futures,NQ,momentum,short,38158,38159,38163,2025-06-12 13:00:00+00:00,2025-06-12 13:15:00+00:00,2025-06-12 14:15:00+00:00,21838.5,21922.0,-334.0,-337.0,-1.0,500,334,3.0,sl,4,48,1.8900593471810083,17.80118694362017
forex,NZDUSD,momentum,long,39979,39980,39981,2025-06-13 00:00:00+00:00,2025-06-13 00:15:00+00:00,2025-06-13 00:30:00+00:00,0.60364604,0.60164604,-20.0,-22.0,-1.0,75,20,2.0,sl,1,96,1.5052698426147844,10.625409090909315
futures,NG,momentum,long,38329,38330,38392,2025-06-13 02:45:00+00:00,2025-06-13 03:00:00+00:00,2025-06-13 18:30:00+00:00,3.56,3.585,24.99999999999991,21.99999999999991,0.0726072607260723,500,300,3.0,signal,62,37,3.9980237154150147,5.006600660065997
futures,NQ,momentum,short,38260,38261,38271,2025-06-13 15:30:00+00:00,2025-06-13 15:45:00+00:00,2025-06-13 18:15:00+00:00,21809.5,21684.5,500.0,497.0,1.4747774480712166,500,334,3.0,tp,10,49,1.8000565211247699,16.80118694362017
forex,NZDUSD,momentum,short,40058,40059,40067,2025-06-13 19:45:00+00:00,2025-06-13 20:00:00+00:00,2025-06-15 23:15:00+00:00,0.60240966,0.60088933,15.203299999999588,13.203299999999588,0.6001499999999812,75,20,2.0,signal,8,97,1.4369391090617727,9.625409090909315
forex,NZDUSD,momentum,short,40090,40091,40109,2025-06-16 05:00:00+00:00,2025-06-16 05:15:00+00:00,2025-06-16 09:45:00+00:00,0.60240966,0.60440966,-20.0,-22.0,-1.0,75,20,2.0,sl,18,95,1.4884185803317955,10.271040909091125
futures,NQ,momentum,long,38451,38452,38454,2025-06-17 17:15:00+00:00,2025-06-17 17:30:00+00:00,2025-06-17 18:00:00+00:00,21788.75,21705.25,-334.0,-337.0,-1.0,500,334,3.0,sl,2,48,1.7740568037303939,16.25519287833827
forex,NZDUSD,momentum,short,40310,40311,40325,2025-06-18 12:00:00+00:00,2025-06-18 12:15:00+00:00,2025-06-18 15:45:00+00:00,0.60295451,0.60495451,-20.0,-22.0,-1.0,75,20,2.0,sl,14,96,1.4208527987365611,9.271040909091125
futures,NQ,momentum,long,38553,38554,38567,2025-06-18 19:45:00+00:00,2025-06-18 20:00:00+00:00,2025-06-19 00:15:00+00:00,21948.5,21865.0,-334.0,-337.0,-1.0,500,334,3.0,sl,13,49,1.693417858106285,15.25519287833827
forex,NZDUSD,momentum,short,40344,40345,40362,2025-06-18 20:30:00+00:00,2025-06-18 20:45:00+00:00,2025-06-19 01:00:00+00:00,0.60317272,0.60164851,15.242100000000258,13.242100000000258,0.6019136363636481,75,20,2.0,signal,17,97,1.3591548586881672,8.271040909091125
futures,CL,momentum,long,38755,38756,38850,2025-06-19 17:45:00+00:00,2025-06-19 18:00:00+00:00,2025-06-22 22:00:00+00:00,73.26,78.26,500.0,497.0,1.6402640264026402,500,300,3.0,tp,94,30,4.21946169772256,5.132013201320119
futures,NQ,momentum,short,38634,38635,38636,2025-06-19 22:00:00+00:00,2025-06-19 22:15:00+00:00,2025-06-19 22:30:00+00:00,21832.5,21916.0,-334.0,-337.0,-1.0,500,334,3.0,sl,1,50,1.6197909947103597,14.25519287833827
futures,NQ,momentum,long,38699,38700,38701,2025-06-20 14:15:00+00:00,2025-06-20 14:30:00+00:00,2025-06-20 14:45:00+00:00,21936.75,21853.25,-334.0,-337.0,-1.0,500,334,3.0,sl,1,51,1.5522997032640946,13.25519287833827
futures,NQ,momentum,short,38785,38786,38790,2025-06-23 12:45:00+00:00,2025-06-23 13:00:00+00:00,2025-06-23 14:00:00+00:00,21883.25,21966.75,-334.0,-337.0,-1.0,500,334,3.0,sl,4,52,1.490207715133531,12.25519287833827
futures,CL,momentum,short,38923,38924,38925,2025-06-23 16:15:00+00:00,2025-06-23 16:30:00+00:00,2025-06-23 16:45:00+00:00,74.16,71.94,221.9999999999999,218.9999999999999,0.7227722772277224,500,300,3.0,signal,1,31,5.248447204968937,6.77227722772276
futures,NQ,momentum,long,38799,38800,38800,2025-06-23 16:15:00+00:00,2025-06-23 16:30:00+00:00,2025-06-23 16:30:00+00:00,21860.25,21776.75,-334.0,-337.0,-1.0,500,334,3.0,sl,0,53,1.4328920337822413,11.25519287833827
futures,CL,momentum,short,39435,39436,39441,2025-07-01 06:15:00+00:00,2025-07-01 06:30:00+00:00,2025-07-01 07:45:00+00:00,65.17,64.77,40.00000000000057,37.00000000000057,0.1221122112211239,500,300,3.0,signal,5,30,5.459627329192542,7.1089108910891
futures,NQ,momentum,long,39335,39336,39345,2025-07-01 12:15:00+00:00,2025-07-01 12:30:00+00:00,2025-07-01 14:45:00+00:00,22775.0,22691.5,-334.0,-337.0,-1.0,500,334,3.0,sl,9,54,1.379821958456973,10.25519287833827
futures,CL,momentum,long,39466,39467,39474,2025-07-01 14:00:00+00:00,2025-07-01 14:15:00+00:00,2025-07-01 16:00:00+00:00,65.28,65.73,45.00000000000029,42.00000000000029,0.1386138613861395,500,300,3.0,signal,7,31,5.536231884057967,7.231023102310224
forex,NZDUSD,momentum,long,41220,41221,41227,2025-07-02 01:45:00+00:00,2025-07-02 02:00:00+00:00,2025-07-02 03:30:00+00:00,0.60957026,0.61020255,6.322899999999798,4.322899999999798,0.1964954545454453,75,20,2.0,signal,6,88,1.3274657019956488,7.213800000000241
forex,NZDUSD,momentum,long,41315,41316,41359,2025-07-03 01:30:00+00:00,2025-07-03 01:45:00+00:00,2025-07-03 12:30:00+00:00,0.60849458,0.60649458,-20.0,-22.0,-1.0,75,20,2.0,sl,43,86,1.3588656799135688,7.54665000000025
forex,NZDUSD,momentum,short,41489,41490,41495,2025-07-04 21:00:00+00:00,2025-07-04 21:15:00+00:00,2025-07-06 23:30:00+00:00,0.60653847,0.60551018,10.282900000000428,8.282900000000428,0.376495454545474,75,20,2.0,signal,5,89,1.3162565555595134,7.000918181818433
futures,NQ,momentum,long,39627,39628,39664,2025-07-07 01:00:00+00:00,2025-07-07 01:15:00+00:00,2025-07-07 10:15:00+00:00,22919.75,22984.0,257.0,254.0,0.7537091988130564,500,334,3.0,signal,36,55,1.3305426027977953,9.25519287833827
forex,NZDUSD,momentum,short,41622,41623,41633,2025-07-08 07:15:00+00:00,2025-07-08 07:30:00+00:00,2025-07-08 10:00:00+00:00,0.6022,0.60146755,7.324499999999956,5.324499999999956,0.2420227272727252,75,20,2.0,signal,10,89,1.3045179947939614,6.741063636363904
futures,NQ,momentum,long,39866,39867,39945,2025-07-09 14:45:00+00:00,2025-07-09 15:00:00+00:00,2025-07-10 11:30:00+00:00,22947.0,23072.0,500.0,497.0,1.4747774480712166,500,334,3.0,tp,78,55,1.3239720220432383,9.071216617210673
futures,NQ,momentum,long,39954,39955,39962,2025-07-10 13:45:00+00:00,2025-07-10 14:00:00+00:00,2025-07-10 15:45:00+00:00,22960.75,23011.5,203.0,200.0,0.5934718100890207,500,334,3.0,signal,7,56,1.3766426451886389,10.54599406528189
futures,NQ,momentum,short,40046,40047,40075,2025-07-11 13:45:00+00:00,2025-07-11 14:00:00+00:00,2025-07-13 22:00:00+00:00,22963.75,22838.75,500.0,497.0,1.4747774480712166,500,334,3.0,tp,28,57,1.3978380669775325,11.139465875370911
futures,NQ,momentum,long,40252,40253,40259,2025-07-15 19:15:00+00:00,2025-07-15 19:30:00+00:00,2025-07-15 22:00:00+00:00,23089.0,23005.5,-334.0,-337.0,-1.0,500,334,3.0,sl,6,56,1.4535663259698863,12.246290801186936
futures,NQ,momentum,long,40508,40509,40597,2025-07-18 14:15:00+00:00,2025-07-18 14:30:00+00:00,2025-07-21 13:30:00+00:00,23194.0,23319.0,500.0,497.0,1.4747774480712166,500,334,3.0,tp,88,57,1.4016532428995332,11.246290801186936
futures,NQ,momentum,long,40668,40669,40683,2025-07-22 08:15:00+00:00,2025-07-22 08:30:00+00:00,2025-07-22 12:00:00+00:00,23287.5,23330.5,172.0,169.0,0.5014836795252225,500,334,3.0,signal,14,57,1.4163840610428142,11.658753709198805
futures,NQ,momentum,long,40689,40690,40690,2025-07-22 13:30:00+00:00,2025-07-22 13:45:00+00:00,2025-07-22 13:45:00+00:00,23278.25,23194.75,-334.0,-337.0,-1.0,500,334,3.0,sl,0,57,1.3816235693090289,10.68545994065281
futures,NQ,momentum,short,40725,40726,40782,2025-07-22 23:30:00+00:00,2025-07-22 23:45:00+00:00,2025-07-23 13:45:00+00:00,23237.75,23197.5,161.0,158.0,0.4688427299703264,500,334,3.0,signal,56,58,1.3339813772638898,9.68545994065281
futures,NQ,momentum,long,40869,40870,40881,2025-07-24 12:30:00+00:00,2025-07-24 12:45:00+00:00,2025-07-24 15:30:00+00:00,23342.5,23380.75,153.0,150.0,0.4451038575667655,500,334,3.0,signal,11,59,1.3501483679525217,10.154302670623137
futures,NQ,momentum,long,41333,41334,41338,2025-07-31 13:30:00+00:00,2025-07-31 13:45:00+00:00,2025-07-31 14:45:00+00:00,23636.25,23552.75,-334.0,-337.0,-1.0,500,334,3.0,sl,4,56,1.4663318876968723,12.124629080118686
futures,NQ,momentum,short,41517,41518,41528,2025-08-04 13:30:00+00:00,2025-08-04 13:45:00+00:00,2025-08-04 16:15:00+00:00,23189.5,23273.0,-334.0,-337.0,-1.0,500,334,3.0,sl,10,57,1.4120232992636548,11.124629080118686
futures,NQ,momentum,long,43243,43244,43266,2025-08-29 08:00:00+00:00,2025-08-29 08:15:00+00:00,2025-08-29 13:45:00+00:00,23657.5,23574.0,-334.0,-337.0,-1.0,500,334,3.0,sl,22,58,1.316235693090292,8.85459940652818
