market,symbol,phase,pip_or_tick_size,unit_size_pips_or_ticks,trades,wins,losses,win_rate_pct,profit_factor,avg_pips
forex,AUDUSD,mean_reversion,0.0001,1,56,19,37,33.92857142857143,0.5135135135135135,-0.32142857142857145
forex,AUDUSD,mean_reversion,0.0001,3,56,27,29,48.214285714285715,0.9310344827586207,-0.10714285714285714
forex,AUDUSD,mean_reversion,0.0001,4,56,26,30,46.42857142857143,0.8666666666666667,-0.2857142857142857
forex,AUDUSD,mean_reversion,0.0001,5,56,25,31,44.642857142857146,0.7870967741935506,-0.5892857142857082
forex,AUDUSD,mean_reversion,0.0001,8,56,24,32,42.857142857142854,0.6835941406249955,-1.4464267857143063
forex,AUDUSD,mean_reversion,0.0001,10,56,27,29,48.214285714285715,0.7879231034482672,-1.0982553571429015
forex,AUDUSD,mean_reversion,0.0001,11,56,27,29,48.214285714285715,0.7758548589341615,-1.27682678571433
forex,AUDUSD,mean_reversion,0.0001,20,56,32,24,57.14285714285714,0.7298495833333305,-2.315575000000024
forex,AUDUSD,mean_reversion,0.0001,50,56,42,14,75.0,0.8721164893617023,-1.287969642857144
forex,AUDUSD,mean_reversion,0.0001,100,56,43,13,76.78571428571429,1.6012239029224564,3.426539285714285
forex,AUDUSD,mean_reversion,0.0001,200,56,43,13,76.78571428571429,1.2192154629516743,1.6408249999999995
forex,AUDUSD,momentum,0.0001,1,109,28,81,25.688073394495415,0.345679012345679,-0.48623853211009177
forex,AUDUSD,momentum,0.0001,3,109,53,56,48.62385321100918,0.9464285714285714,-0.08256880733944955
forex,AUDUSD,momentum,0.0001,4,109,55,54,50.45871559633027,1.0185185185185186,0.03669724770642202
forex,AUDUSD,momentum,0.0001,5,109,52,57,47.706422018348626,0.9122807017543859,-0.22935779816513763
forex,AUDUSD,momentum,0.0001,8,109,59,50,54.12844036697248,1.1665267499999994,0.611107339449539
forex,AUDUSD,momentum,0.0001,10,109,58,51,53.21100917431193,1.0711968627450963,0.333122935779809
forex,AUDUSD,momentum,0.0001,20,109,70,39,64.22018348623854,1.1508373421900209,1.0544779816513625
forex,AUDUSD,momentum,0.0001,50,109,90,19,82.56880733944955,1.3541032971234868,2.801965137614649
forex,AUDUSD,momentum,0.0001,100,109,91,18,83.4862385321101,1.15913527664478,1.476280733944956
forex,AUDUSD,momentum,0.0001,200,109,92,17,84.40366972477065,1.342418651893846,2.7885073394495263
forex,EURUSD,mean_reversion,0.0001,1,55,10,45,18.181818181818183,0.2222222222222222,-0.6363636363636364
forex,EURUSD,mean_reversion,0.0001,2,55,17,38,30.909090909090907,0.4473684210526316,-0.7636363636363637
forex,EURUSD,mean_reversion,0.0001,3,55,19,36,34.54545454545455,0.5277777777777778,-0.9272727272727272
forex,EURUSD,mean_reversion,0.0001,5,55,24,31,43.63636363636363,0.7947019867549675,-0.5636363636363616
forex,EURUSD,mean_reversion,0.0001,7,55,29,26,52.72727272727272,1.1478977272727229,0.4732727272727128
forex,EURUSD,mean_reversion,0.0001,10,55,29,26,52.72727272727272,1.0545418326693075,0.24890909090902227
forex,EURUSD,mean_reversion,0.0001,13,55,30,25,54.54545454545454,0.9638658146964636,-0.20563636363648982
forex,EURUSD,mean_reversion,0.0001,20,55,38,17,69.0909090909091,1.5435825545171011,3.1725454545452614
forex,EURUSD,mean_reversion,0.0001,50,55,41,14,74.54545454545455,0.9300153609830798,-0.8283636363639105
forex,EURUSD,mean_reversion,0.0001,100,55,45,10,81.81818181818183,1.208516984258465,2.287999999999712
forex,EURUSD,mean_reversion,0.0001,200,55,45,10,81.81818181818183,1.6472953133822226,5.210727272726949
forex,EURUSD,momentum,0.0001,1,71,7,64,9.859154929577464,0.109375,-0.8028169014084507
forex,EURUSD,momentum,0.0001,2,71,18,53,25.352112676056336,0.33962264150943394,-0.9859154929577465
forex,EURUSD,momentum,0.0001,3,71,24,47,33.80281690140845,0.5106382978723404,-0.971830985915493
forex,EURUSD,momentum,0.0001,5,71,34,37,47.88732394366197,0.918918918918919,-0.2112676056338028
forex,EURUSD,momentum,0.0001,6,71,33,38,46.478873239436616,0.868421052631579,-0.4225352112676056
forex,EURUSD,momentum,0.0001,10,71,33,38,46.478873239436616,0.8565789473684196,-0.7676056338028253
forex,EURUSD,momentum,0.0001,13,71,32,39,45.07042253521127,0.7764694280078899,-1.5961971830985886
forex,EURUSD,momentum,0.0001,20,71,30,41,42.25352112676056,0.5956067205973887,-4.576478873239415
forex,EURUSD,momentum,0.0001,50,71,44,27,61.97183098591549,0.6915334272222675,-5.244366197183121
forex,EURUSD,momentum,0.0001,100,71,53,18,74.64788732394366,0.8533674775928242,-2.419436619718408
forex,EURUSD,momentum,0.0001,200,71,53,18,74.64788732394366,1.0403130137984087,0.5456338028168297
forex,GBPUSD,mean_reversion,0.0001,1,55,9,46,16.363636363636363,0.1956521739130435,-0.6727272727272727
forex,GBPUSD,mean_reversion,0.0001,2,55,11,44,20.0,0.25,-1.2
forex,GBPUSD,mean_reversion,0.0001,4,55,23,32,41.81818181818181,0.71875,-0.6545454545454545
forex,GBPUSD,mean_reversion,0.0001,5,55,23,32,41.81818181818181,0.71875,-0.8181818181818182
forex,GBPUSD,mean_reversion,0.0001,6,55,24,31,43.63636363636363,0.7741935483870968,-0.7636363636363637
forex,GBPUSD,mean_reversion,0.0001,8,55,26,29,47.27272727272727,0.9211691762621761,-0.32363636363637616
forex,GBPUSD,mean_reversion,0.0001,10,55,26,29,47.27272727272727,0.9187366926898429,-0.41636363636367885
forex,GBPUSD,mean_reversion,0.0001,11,55,28,27,50.90909090909091,0.9913134120917191,-0.045454545454604756
forex,GBPUSD,mean_reversion,0.0001,15,55,27,28,49.09090909090909,0.8286659877800368,-1.2236363636363945
forex,GBPUSD,mean_reversion,0.0001,20,55,29,26,52.72727272727272,0.9165285832642879,-0.7327272727273068
forex,GBPUSD,mean_reversion,0.0001,50,55,43,12,78.18181818181819,1.6081941129673638,5.5599999999998335
forex,GBPUSD,mean_reversion,0.0001,100,55,44,11,80.0,1.394884591391128,4.603636363636214
forex,GBPUSD,mean_reversion,0.0001,200,55,44,11,80.0,1.168081494057716,2.3399999999998746
forex,GBPUSD,momentum,0.0001,1,93,16,77,17.20430107526882,0.2077922077922078,-0.6559139784946236
forex,GBPUSD,momentum,0.0001,2,93,32,61,34.40860215053764,0.5245901639344263,-0.6236559139784946
forex,GBPUSD,momentum,0.0001,4,93,43,50,46.236559139784944,0.86,-0.3010752688172043
forex,GBPUSD,momentum,0.0001,5,93,46,47,49.46236559139785,0.9787234042553191,-0.053763440860215055
forex,GBPUSD,momentum,0.0001,7,93,52,41,55.91397849462365,1.2682926829268293,0.8279569892473119
forex,GBPUSD,momentum,0.0001,10,93,46,47,49.46236559139785,0.9787234042553191,-0.10752688172043011
forex,GBPUSD,momentum,0.0001,11,93,45,48,48.38709677419355,0.9375,-0.3548387096774194
forex,GBPUSD,momentum,0.0001,14,93,47,46,50.53763440860215,0.9698757763975179,-0.20860215053761835
forex,GBPUSD,momentum,0.0001,20,93,51,42,54.83870967741935,1.1251740286039709,1.0634408602150252
forex,GBPUSD,momentum,0.0001,50,93,66,27,70.96774193548387,1.2996212508956777,3.147311827956867
forex,GBPUSD,momentum,0.0001,100,93,71,22,76.34408602150538,1.314935707220564,3.423655913978392
forex,GBPUSD,momentum,0.0001,200,93,72,21,77.41935483870968,1.054273335959031,0.7408602150536573
forex,NZDUSD,mean_reversion,0.0001,1,69,20,49,28.985507246376812,0.40816326530612246,-0.42028985507246375
forex,NZDUSD,mean_reversion,0.0001,2,69,31,38,44.927536231884055,0.7960539473684269,-0.2246362318840515
forex,NZDUSD,mean_reversion,0.0001,3,69,36,33,52.17391304347826,1.0417242424242472,0.059865217391311364
forex,NZDUSD,mean_reversion,0.0001,4,69,37,32,53.62318840579711,1.1025835937500037,0.19030000000000702
forex,NZDUSD,mean_reversion,0.0001,5,69,39,30,56.52173913043478,1.25156047937495,0.5401608695652298
forex,NZDUSD,mean_reversion,0.0001,7,69,40,29,57.971014492753625,1.222746982821825,0.642930434782631
forex,NZDUSD,mean_reversion,0.0001,9,69,41,28,59.42028985507246,1.226295054103114,0.8073144927536366
forex,NZDUSD,mean_reversion,0.0001,10,69,42,27,60.86956521739131,1.1633495414949706,0.6229999999999988
forex,NZDUSD,mean_reversion,0.0001,20,69,47,22,68.11594202898551,0.9721785822654154,-0.17062173913043024
forex,NZDUSD,mean_reversion,0.0001,50,69,54,15,78.26086956521739,0.8821508102275374,-1.0183956521739363
forex,NZDUSD,mean_reversion,0.0001,100,69,55,14,79.71014492753623,0.7810518907218558,-2.2100768115942055
forex,NZDUSD,mean_reversion,0.0001,200,69,55,14,79.71014492753623,0.6959566742757719,-3.4442869565217618
forex,NZDUSD,momentum,0.0001,1,96,23,73,23.958333333333336,0.3150684931506849,-0.5208333333333334
forex,NZDUSD,momentum,0.0001,2,96,39,57,40.625,0.6842105263157895,-0.375
forex,NZDUSD,momentum,0.0001,3,96,38,58,39.58333333333333,0.6551724137931034,-0.625
forex,NZDUSD,momentum,0.0001,5,96,44,52,45.83333333333333,0.8461538461538461,-0.4166666666666667
forex,NZDUSD,momentum,0.0001,7,96,50,46,52.083333333333336,1.0749282608695663,0.2513218750000039
forex,NZDUSD,momentum,0.0001,9,96,54,42,56.25,1.1897761904761932,0.7472437500000112
forex,NZDUSD,momentum,0.0001,10,96,53,43,55.208333333333336,1.1021034883720966,0.45733854166668325
forex,NZDUSD,momentum,0.0001,20,96,66,30,68.75,1.405569461679087,2.140778124999981
forex,NZDUSD,momentum,0.0001,50,96,73,23,76.04166666666666,1.0048608479559908,0.041101041666614734
forex,NZDUSD,momentum,0.0001,100,96,76,20,79.16666666666666,0.8870520262537194,-1.120320833333375
forex,NZDUSD,momentum,0.0001,200,96,76,20,79.16666666666666,0.9004705414286016,-0.9725125000000275
forex,USDCAD,mean_reversion,0.0001,1,44,5,39,11.363636363636363,0.1282051282051282,-0.7727272727272727
forex,USDCAD,mean_reversion,0.0001,2,44,9,35,20.454545454545457,0.2571428571428571,-1.1818181818181819
forex,USDCAD,mean_reversion,0.0001,3,44,13,31,29.545454545454547,0.3924731182795574,-1.2840909090909356
forex,USDCAD,mean_reversion,0.0001,5,44,18,26,40.909090909090914,0.6468253968253873,-1.0113636363636629
forex,USDCAD,mean_reversion,0.0001,7,44,21,23,47.72727272727273,0.8677419354838634,-0.4659090909091174
forex,USDCAD,mean_reversion,0.0001,10,44,22,22,50.0,0.95273631840796,-0.21590909090909197
forex,USDCAD,mean_reversion,0.0001,13,44,22,22,50.0,0.8927203065134083,-0.636363636363646
forex,USDCAD,mean_reversion,0.0001,20,44,21,23,47.72727272727273,0.6092039800995056,-3.5704545454545142
forex,USDCAD,mean_reversion,0.0001,50,44,25,19,56.81818181818182,0.5857819905213261,-5.959090909090929
forex,USDCAD,mean_reversion,0.0001,100,44,26,18,59.09090909090909,0.6120270058093819,-5.615909090909236
forex,USDCAD,mean_reversion,0.0001,200,44,26,18,59.09090909090909,0.5898017854440847,-6.161363636363774
forex,USDCAD,momentum,0.0001,1,68,6,62,8.823529411764707,0.0967741935483871,-0.8235294117647058
forex,USDCAD,momentum,0.0001,2,68,15,53,22.058823529411764,0.2830188679245283,-1.1176470588235294
forex,USDCAD,momentum,0.0001,3,68,25,43,36.76470588235294,0.5813953488372093,-0.7941176470588235
forex,USDCAD,momentum,0.0001,5,68,35,33,51.470588235294116,1.0606060606060606,0.14705882352941177
forex,USDCAD,momentum,0.0001,6,68,36,32,52.94117647058824,1.125,0.35294117647058826
forex,USDCAD,momentum,0.0001,9,68,41,27,60.29411764705882,1.487654320987654,1.7426470588235285
forex,USDCAD,momentum,0.0001,10,68,42,26,61.76470588235294,1.5788461538461536,2.2132352941176463
forex,USDCAD,momentum,0.0001,12,68,44,24,64.70588235294117,1.8574007220216615,3.4926470588235303
forex,USDCAD,momentum,0.0001,20,68,47,21,69.11764705882352,1.96508728179551,5.691176470588226
forex,USDCAD,momentum,0.0001,50,68,53,15,77.94117647058823,1.852490091332067,7.2749999999999595
forex,USDCAD,momentum,0.0001,100,68,55,13,80.88235294117648,1.5813199764289885,5.802941176470539
forex,USDCAD,momentum,0.0001,200,68,56,12,82.35294117647058,2.3290975662287217,9.074999999999928
forex,USDCHF,mean_reversion,0.0001,1,53,12,41,22.641509433962266,0.2926829268292683,-0.5471698113207547
forex,USDCHF,mean_reversion,0.0001,3,53,29,24,54.71698113207547,1.2083333333333333,0.2830188679245283
forex,USDCHF,mean_reversion,0.0001,4,53,27,26,50.943396226415096,1.0384615384615385,0.07547169811320754
forex,USDCHF,mean_reversion,0.0001,5,53,25,28,47.16981132075472,0.8735678571428596,-0.3339716981132011
forex,USDCHF,mean_reversion,0.0001,6,53,25,28,47.16981132075472,0.8708303571428592,-0.40944339622640863
forex,USDCHF,mean_reversion,0.0001,8,53,26,27,49.056603773584904,0.9319416666666674,-0.27736981132075134
forex,USDCHF,mean_reversion,0.0001,10,53,25,28,47.16981132075472,0.8562937037037076,-0.7320886792452634
forex,USDCHF,mean_reversion,0.0001,11,53,27,26,50.943396226415096,0.9759974545454607,-0.12454150943393041
forex,USDCHF,mean_reversion,0.0001,20,53,34,19,64.15094339622641,1.1397225000000166,0.9490584905661501
forex,USDCHF,mean_reversion,0.0001,50,53,43,10,81.13207547169812,1.612160777869083,4.216979245283074
forex,USDCHF,mean_reversion,0.0001,100,53,44,9,83.01886792452831,1.3282886718032187,2.8245226415094833
forex,USDCHF,mean_reversion,0.0001,200,53,44,9,83.01886792452831,1.1749744180655557,1.7018754716981734
forex,USDCHF,momentum,0.0001,1,83,9,74,10.843373493975903,0.12162162162162163,-0.7831325301204819
forex,USDCHF,momentum,0.0001,3,83,31,52,37.34939759036144,0.5961538461538461,-0.7590361445783133
forex,USDCHF,momentum,0.0001,4,83,32,51,38.55421686746988,0.6274509803921569,-0.9156626506024096
forex,USDCHF,momentum,0.0001,5,83,35,48,42.168674698795186,0.7291666666666666,-0.7831325301204819
forex,USDCHF,momentum,0.0001,6,83,40,43,48.19277108433735,0.9302325581395349,-0.21686746987951808
forex,USDCHF,momentum,0.0001,9,83,36,47,43.373493975903614,0.7494096926713951,-1.2771048192771062
forex,USDCHF,momentum,0.0001,10,83,43,40,51.80722891566265,1.0550007500000005,0.2650638554216889
forex,USDCHF,momentum,0.0001,12,83,45,38,54.21686746987952,1.1282918859649096,0.7048325301204676
forex,USDCHF,momentum,0.0001,20,83,57,26,68.67469879518072,1.8628159839736569,5.054225301204811
forex,USDCHF,momentum,0.0001,50,83,65,18,78.3132530120482,1.8319897886676826,7.314484337349364
forex,USDCHF,momentum,0.0001,100,83,68,15,81.92771084337349,2.1636730409873004,9.671090361445758
forex,USDCHF,momentum,0.0001,200,83,68,15,81.92771084337349,2.2075188190117907,9.836160240963824
forex,USDJPY,mean_reversion,0.01,2,49,13,36,26.53061224489796,0.3611111111111111,-0.9387755102040817
forex,USDJPY,mean_reversion,0.01,3,49,17,32,34.69387755102041,0.53125,-0.9183673469387755
forex,USDJPY,mean_reversion,0.01,5,49,23,26,46.93877551020408,0.8846153846153846,-0.30612244897959184
forex,USDJPY,mean_reversion,0.01,6,49,25,24,51.02040816326531,1.018722222222224,0.05502040816327049
forex,USDJPY,mean_reversion,0.01,9,49,28,21,57.14285714285714,1.2343804232804205,0.9040387755101931
forex,USDJPY,mean_reversion,0.01,10,49,28,21,57.14285714285714,1.1942757142857117,0.8326102040816216
forex,USDJPY,mean_reversion,0.01,12,49,27,22,55.10204081632652,1.078779924242422,0.42444693877549916
forex,USDJPY,mean_reversion,0.01,17,49,26,23,53.06122448979592,0.9260797953964175,-0.5898530612245052
forex,USDJPY,mean_reversion,0.01,20,49,28,21,57.14285714285714,1.0407100000000036,0.3489428571428877
forex,USDJPY,mean_reversion,0.01,23,49,30,19,61.224489795918366,1.1636892448512572,1.4598408163265189
forex,USDJPY,mean_reversion,0.01,50,49,35,14,71.42857142857143,1.0975421428571548,1.3934591836736407
forex,USDJPY,mean_reversion,0.01,100,49,38,11,77.55102040816327,0.9823231976459156,-0.36778571428549045
forex,USDJPY,mean_reversion,0.01,200,49,40,9,81.63265306122449,1.0696026537408239,1.3313183673471591
forex,USDJPY,momentum,0.01,2,70,11,59,15.714285714285714,0.1864406779661017,-1.3714285714285714
forex,USDJPY,momentum,0.01,3,70,18,52,25.71428571428571,0.34615384615384615,-1.457142857142857
forex,USDJPY,momentum,0.01,5,70,25,45,35.714285714285715,0.5555555555555556,-1.4285714285714286
forex,USDJPY,momentum,0.01,6,70,23,47,32.857142857142854,0.48936170212765956,-2.057142857142857
forex,USDJPY,momentum,0.01,9,70,31,39,44.285714285714285,0.7948717948717948,-1.0285714285714285
forex,USDJPY,momentum,0.01,10,70,32,38,45.714285714285715,0.8421052631578947,-0.8571428571428571
forex,USDJPY,momentum,0.01,12,70,34,36,48.57142857142857,0.9444444444444444,-0.34285714285714286
forex,USDJPY,momentum,0.01,17,70,40,30,57.14285714285714,1.3333333333333333,2.4285714285714284
forex,USDJPY,momentum,0.01,20,70,39,31,55.714285714285715,1.1730145161290322,1.5324142857142857
forex,USDJPY,momentum,0.01,23,70,40,30,57.14285714285714,1.2016971014492726,1.9881571428571159
forex,USDJPY,momentum,0.01,50,70,45,25,64.28571428571429,1.0669940800000017,1.1963228571428886
forex,USDJPY,momentum,0.01,100,70,50,20,71.42857142857143,0.8837618029213671,-3.159355857142917
forex,USDJPY,momentum,0.01,200,70,54,16,77.14285714285715,0.9305319963724464,-1.8864515714287222
futures,6A,mean_reversion,5e-05,1,59,9,50,15.254237288135593,0.18,-0.6949152542372882
futures,6A,mean_reversion,5e-05,2,59,16,43,27.11864406779661,0.37209302325581395,-0.9152542372881356
futures,6A,mean_reversion,5e-05,5,59,26,33,44.06779661016949,0.7878787878787878,-0.5932203389830508
futures,6A,mean_reversion,5e-05,7,59,27,32,45.76271186440678,0.84375,-0.5932203389830508
futures,6A,mean_reversion,5e-05,10,59,29,30,49.152542372881356,0.9399999999999993,-0.3050847457627157
futures,6A,mean_reversion,5e-05,15,59,26,33,44.06779661016949,0.7353535353535344,-2.2203389830508553
futures,6A,mean_reversion,5e-05,20,59,30,29,50.847457627118644,0.8724137931034434,-1.2542372881356412
futures,6A,mean_reversion,5e-05,50,59,37,22,62.71186440677966,0.7929724596391214,-3.6949152542373747
futures,6A,mean_reversion,5e-05,100,59,43,16,72.88135593220339,0.7857683573050743,-4.796610169491467
futures,6A,mean_reversion,5e-05,200,59,46,13,77.96610169491525,1.3142174432497014,4.457627118644073
futures,6A,momentum,5e-05,1,91,14,77,15.384615384615385,0.18181818181818182,-0.6923076923076923
futures,6A,momentum,5e-05,2,91,21,70,23.076923076923077,0.3,-1.0769230769230769
futures,6A,momentum,5e-05,5,91,36,55,39.56043956043956,0.6545454545454545,-1.043956043956044
futures,6A,momentum,5e-05,7,91,38,53,41.75824175824176,0.7169811320754716,-1.1538461538461537
futures,6A,momentum,5e-05,9,91,45,46,49.45054945054945,0.9782608695652174,-0.0989010989010989
futures,6A,momentum,5e-05,10,91,41,50,45.05494505494506,0.82,-0.989010989010989
futures,6A,momentum,5e-05,14,91,36,55,39.56043956043956,0.6545454545454545,-2.923076923076923
futures,6A,momentum,5e-05,19,91,38,53,41.75824175824176,0.6981132075471723,-3.3406593406593132
futures,6A,momentum,5e-05,20,91,40,51,43.956043956043956,0.746078431372549,-2.8461538461538463
futures,6A,momentum,5e-05,50,91,55,36,60.43956043956044,0.8833528722157071,-2.1868131868132283
futures,6A,momentum,5e-05,100,91,67,24,73.62637362637363,1.1669545192861204,3.186813186813095
futures,6A,momentum,5e-05,200,91,68,23,74.72527472527473,0.9228746713409264,-1.9340659340659963
futures,6B,mean_reversion,0.0001,1,54,9,45,16.666666666666664,0.2,-0.6666666666666666
futures,6B,mean_reversion,0.0001,2,54,15,39,27.77777777777778,0.38461538461538464,-0.8888888888888888
futures,6B,mean_reversion,0.0001,4,54,21,33,38.88888888888889,0.6363636363636364,-0.8888888888888888
futures,6B,mean_reversion,0.0001,5,54,21,33,38.88888888888889,0.6363636363636364,-1.1111111111111112
futures,6B,mean_reversion,0.0001,6,54,26,28,48.148148148148145,0.9107142857142969,-0.27777777777774276
futures,6B,mean_reversion,0.0001,8,54,31,23,57.407407407407405,1.3206521739130537,1.0925925925926276
futures,6B,mean_reversion,0.0001,10,54,29,25,53.70370370370371,1.0840000000000172,0.38888888888896944
futures,6B,mean_reversion,0.0001,12,54,29,25,53.70370370370371,1.0433333333333523,0.24074074074084628
futures,6B,mean_reversion,0.0001,16,54,28,26,51.85185185185185,0.8677884615384795,-1.0185185185183796
futures,6B,mean_reversion,0.0001,20,54,30,24,55.55555555555556,0.9854166666666823,-0.12962962962949068
futures,6B,mean_reversion,0.0001,50,54,42,12,77.77777777777779,1.5127272727272814,5.222222222222312
futures,6B,mean_reversion,0.0001,100,54,47,7,87.03703703703704,2.6451612903225947,12.277777777777871
futures,6B,mean_reversion,0.0001,200,54,47,7,87.03703703703704,1.9704251386321714,9.72222222222231
futures,6B,momentum,0.0001,1,98,14,84,14.285714285714285,0.16666666666666666,-0.7142857142857143
futures,6B,momentum,0.0001,2,98,34,64,34.69387755102041,0.53125,-0.6122448979591837
futures,6B,momentum,0.0001,4,98,48,50,48.97959183673469,0.96,-0.08163265306122448
futures,6B,momentum,0.0001,5,98,59,39,60.204081632653065,1.5128205128205128,1.0204081632653061
futures,6B,momentum,0.0001,7,98,62,36,63.26530612244898,1.7222222222222223,1.8571428571428572
futures,6B,momentum,0.0001,10,98,52,46,53.06122448979592,1.126086956521737,0.5918367346938685
futures,6B,momentum,0.0001,11,98,50,48,51.02040816326531,1.0170454545454501,0.09183673469385507
futures,6B,momentum,0.0001,14,98,50,48,51.02040816326531,0.9791666666666597,-0.14285714285719003
futures,6B,momentum,0.0001,20,98,57,41,58.16326530612245,1.164794007490624,1.3469387755101014
futures,6B,momentum,0.0001,50,98,72,26,73.46938775510205,1.2317757009345731,2.530612244897892
futures,6B,momentum,0.0001,100,98,79,19,80.61224489795919,1.1058365758754845,1.387755102040787
futures,6B,momentum,0.0001,200,98,80,18,81.63265306122449,0.8330424665503184,-2.928571428571456
futures,6C,mean_reversion,5e-05,1,50,6,44,12.0,0.13636363636363635,-0.76
futures,6C,mean_reversion,5e-05,3,50,19,31,38.0,0.6333333333333333,-0.66
futures,6C,mean_reversion,5e-05,4,50,25,25,50.0,1.0416666666666667,0.08
futures,6C,mean_reversion,5e-05,5,50,25,25,50.0,1.0083333333333324,0.019999999999997797
futures,6C,mean_reversion,5e-05,6,50,26,24,52.0,1.0942028985507237,0.2599999999999978
futures,6C,mean_reversion,5e-05,9,50,25,25,50.0,0.9120370370370432,-0.3799999999999732
futures,6C,mean_reversion,5e-05,10,50,24,26,48.0,0.8120000000000032,-0.9399999999999844
futures,6C,mean_reversion,5e-05,12,50,24,26,48.0,0.7133333333333313,-1.7200000000000129
futures,6C,mean_reversion,5e-05,20,50,26,24,52.0,0.6369565217391323,-3.3399999999999825
futures,6C,mean_reversion,5e-05,50,50,34,16,68.0,0.8103186646434068,-2.4999999999998934
futures,6C,mean_reversion,5e-05,100,50,35,15,70.0,1.0017793594306135,0.02000000000009365
futures,6C,mean_reversion,5e-05,200,50,35,15,70.0,1.1536885245901687,1.5000000000000597
futures,6C,momentum,5e-05,1,74,9,65,12.162162162162163,0.13846153846153847,-0.7567567567567568
futures,6C,momentum,5e-05,3,74,28,46,37.83783783783784,0.6086956521739131,-0.7297297297297297
futures,6C,momentum,5e-05,4,74,37,37,50.0,1.0,0.0
futures,6C,momentum,5e-05,5,74,38,36,51.35135135135135,1.0555555555555556,0.13513513513513514
futures,6C,momentum,5e-05,8,74,43,31,58.108108108108105,1.3750000000000069,1.2567567567567794
futures,6C,momentum,5e-05,10,74,44,30,59.45945945945946,1.4500000000000057,1.824324324324347
futures,6C,momentum,5e-05,11,74,45,29,60.810810810810814,1.5172413793103545,2.2297297297297702
futures,6C,momentum,5e-05,20,74,50,24,67.56756756756756,1.591011235955052,3.5540540540540233
futures,6C,momentum,5e-05,50,74,60,14,81.08108108108108,2.108742004264382,7.027027027026962
futures,6C,momentum,5e-05,100,74,62,12,83.78378378378379,2.4480198019801946,7.905405405405378
futures,6C,momentum,5e-05,200,74,62,12,83.78378378378379,2.242630385487523,7.4054054054053715
futures,6E,mean_reversion,5e-05,2,53,7,46,13.20754716981132,0.15217391304347827,-1.471698113207547
futures,6E,mean_reversion,5e-05,3,53,12,41,22.641509433962266,0.2926829268292683,-1.6415094339622642
futures,6E,mean_reversion,5e-05,5,53,15,38,28.30188679245283,0.39473684210526316,-2.169811320754717
futures,6E,mean_reversion,5e-05,6,53,16,37,30.18867924528302,0.43243243243243246,-2.3773584905660377
futures,6E,mean_reversion,5e-05,10,53,21,32,39.62264150943396,0.6406249999999913,-2.169811320754769
futures,6E,mean_reversion,5e-05,13,53,25,28,47.16981132075472,0.862637362637352,-0.9433962264151673
futures,6E,mean_reversion,5e-05,19,53,28,25,52.83018867924528,1.0231578947368445,0.2075471698113422
futures,6E,mean_reversion,5e-05,20,53,29,24,54.71698113207547,1.079166666666667,0.7169811320754765
futures,6E,mean_reversion,5e-05,25,53,30,23,56.60377358490566,1.0713043478260889,0.7735849056603977
futures,6E,mean_reversion,5e-05,50,53,33,20,62.264150943396224,0.9900000000000059,-0.18867924528290747
futures,6E,mean_reversion,5e-05,100,53,40,13,75.47169811320755,1.2034203420342016,4.264150943396193
futures,6E,mean_reversion,5e-05,200,53,43,10,81.13207547169812,0.9455737704918026,-1.5660377358490722
futures,6E,momentum,5e-05,2,79,9,70,11.39240506329114,0.12857142857142856,-1.5443037974683544
futures,6E,momentum,5e-05,3,79,20,59,25.31645569620253,0.3389830508474576,-1.481012658227848
futures,6E,momentum,5e-05,5,79,34,45,43.037974683544306,0.7555555555555555,-0.6962025316455697
futures,6E,momentum,5e-05,6,79,34,45,43.037974683544306,0.7555555555555555,-0.8354430379746836
futures,6E,momentum,5e-05,9,79,38,41,48.10126582278481,0.926829268292683,-0.34177215189873417
futures,6E,momentum,5e-05,10,79,39,40,49.36708860759494,0.975,-0.12658227848101267
futures,6E,momentum,5e-05,11,79,38,41,48.10126582278481,0.926829268292683,-0.4177215189873418
futures,6E,momentum,5e-05,17,79,42,37,53.16455696202531,1.1287758346581889,1.0253164556962127
futures,6E,momentum,5e-05,20,79,39,40,49.36708860759494,0.95125,-0.49367088607595
futures,6E,momentum,5e-05,23,79,41,38,51.89873417721519,1.0091533180778056,0.10126582278483531
futures,6E,momentum,5e-05,50,79,46,33,58.22784810126582,0.8282514001244644,-3.4936708860757766
futures,6E,momentum,5e-05,100,79,57,22,72.15189873417721,0.9840000000000091,-0.3544303797466385
futures,6E,momentum,5e-05,200,79,63,16,79.74683544303798,1.0283944243675844,0.6962025316457098
futures,6J,mean_reversion,5e-07,2,57,18,39,31.57894736842105,0.46153846153846156,-0.7368421052631579
futures,6J,mean_reversion,5e-07,3,57,19,38,33.33333333333333,0.5,-1.0
futures,6J,mean_reversion,5e-07,5,57,30,27,52.63157894736842,1.1111111111111112,0.2631578947368421
futures,6J,mean_reversion,5e-07,8,57,30,27,52.63157894736842,1.1111111111111112,0.42105263157894735
futures,6J,mean_reversion,5e-07,10,57,29,28,50.877192982456144,1.0285714285714325,0.14035087719300116
futures,6J,mean_reversion,5e-07,16,57,31,26,54.385964912280706,1.0721153846153846,0.5263157894736835
futures,6J,mean_reversion,5e-07,20,57,32,25,56.14035087719298,1.0720000000000014,0.6315789473684316
futures,6J,mean_reversion,5e-07,21,57,32,25,56.14035087719298,1.0361904761904812,0.3333333333333787
futures,6J,mean_reversion,5e-07,50,57,38,19,66.66666666666666,0.9326315789473743,-1.1228070175437612
futures,6J,mean_reversion,5e-07,100,57,44,13,77.19298245614034,1.0388936905790882,0.7894736842106126
futures,6J,mean_reversion,5e-07,200,57,46,11,80.7017543859649,1.3048180924287147,5.438596491228128
futures,6J,momentum,5e-07,1,64,3,61,4.6875,0.04918032786885246,-0.90625
futures,6J,momentum,5e-07,2,64,10,54,15.625,0.18518518518518517,-1.375
futures,6J,momentum,5e-07,5,64,19,45,29.6875,0.4222222222222222,-2.03125
futures,6J,momentum,5e-07,7,64,18,46,28.125,0.391304347826087,-3.0625
futures,6J,momentum,5e-07,10,64,31,33,48.4375,0.9393939393939394,-0.3125
futures,6J,momentum,5e-07,15,64,34,30,53.125,1.1333333333333333,0.9375
futures,6J,momentum,5e-07,20,64,31,33,48.4375,0.8953125000000014,-1.046874999999985
futures,6J,momentum,5e-07,50,64,43,21,67.1875,1.1780000000000002,2.7812500000000053
futures,6J,momentum,5e-07,100,64,51,13,79.6875,1.4268953068592043,7.3906249999999805
futures,6J,momentum,5e-07,200,64,52,12,81.25,1.4609090909090912,7.921875000000014
futures,CL,mean_reversion,0.01,3,45,6,39,13.333333333333334,0.15384615384615385,-2.2
futures,CL,mean_reversion,0.01,4,45,7,38,15.555555555555555,0.18421052631578946,-2.7555555555555555
futures,CL,mean_reversion,0.01,5,45,10,35,22.22222222222222,0.2857142857142857,-2.7777777777777777
futures,CL,mean_reversion,0.01,9,45,18,27,40.0,0.6666666666666666,-1.8
futures,CL,mean_reversion,0.01,10,45,19,26,42.22222222222222,0.7307692307692307,-1.5555555555555556
futures,CL,mean_reversion,0.01,13,45,21,24,46.666666666666664,0.8461538461538458,-1.0666666666666687
futures,CL,mean_reversion,0.01,17,45,20,25,44.44444444444444,0.757647058823527,-2.2888888888889123
futures,CL,mean_reversion,0.01,20,45,20,25,44.44444444444444,0.726,-3.044444444444445
futures,CL,mean_reversion,0.01,26,45,23,22,51.11111111111111,0.8811188811188819,-1.511111111111101
futures,CL,mean_reversion,0.01,34,45,25,20,55.55555555555556,0.9102941176470594,-1.3555555555555485
futures,CL,mean_reversion,0.01,50,45,25,20,55.55555555555556,0.7579999999999985,-5.377777777777813
futures,CL,mean_reversion,0.01,100,45,30,15,66.66666666666666,0.776000000000001,-7.466666666666637
futures,CL,mean_reversion,0.01,200,45,33,12,73.33333333333333,0.7248651299656698,-12.466666666666647
futures,CL,momentum,0.01,2,74,13,61,17.56756756756757,0.21311475409836064,-1.2972972972972974
futures,CL,momentum,0.01,4,74,25,49,33.78378378378378,0.5102040816326531,-1.2972972972972974
futures,CL,momentum,0.01,5,74,29,45,39.189189189189186,0.6444444444444445,-1.0810810810810811
futures,CL,momentum,0.01,8,74,37,37,50.0,1.0,0.0
futures,CL,momentum,0.01,10,74,37,37,50.0,1.0,0.0
futures,CL,momentum,0.01,12,74,39,35,52.702702702702695,1.1142857142857143,0.6486486486486487
futures,CL,momentum,0.01,16,74,41,33,55.4054054054054,1.2424242424242424,1.7297297297297298
futures,CL,momentum,0.01,20,74,38,36,51.35135135135135,1.0555555555555556,0.5405405405405406
futures,CL,momentum,0.01,25,74,36,38,48.64864864864865,0.9473684210526315,-0.6756756756756757
futures,CL,momentum,0.01,33,74,38,36,51.35135135135135,1.0277777777777781,0.44594594594595094
futures,CL,momentum,0.01,50,74,41,33,55.4054054054054,1.0418181818181835,0.9324324324324678
futures,CL,momentum,0.01,100,74,50,24,67.56756756756756,1.1255605381165932,3.7837837837838277
futures,CL,momentum,0.01,200,74,59,15,79.72972972972973,1.4811229428848052,13.432432432432535
futures,ES,mean_reversion,0.25,3,35,4,31,11.428571428571429,0.12903225806451613,-2.3142857142857145
futures,ES,mean_reversion,0.25,5,35,6,29,17.142857142857142,0.20689655172413793,-3.2857142857142856
futures,ES,mean_reversion,0.25,10,35,14,21,40.0,0.6666666666666666,-2.0
futures,ES,mean_reversion,0.25,11,35,17,18,48.57142857142857,0.9444444444444444,-0.3142857142857143
futures,ES,mean_reversion,0.25,16,35,16,19,45.714285714285715,0.8421052631578947,-1.3714285714285714
futures,ES,mean_reversion,0.25,20,35,16,19,45.714285714285715,0.8421052631578947,-1.7142857142857142
futures,ES,mean_reversion,0.25,22,35,16,19,45.714285714285715,0.8421052631578947,-1.8857142857142857
futures,ES,mean_reversion,0.25,32,35,17,18,48.57142857142857,0.9444444444444444,-0.9142857142857143
futures,ES,mean_reversion,0.25,43,35,18,17,51.42857142857142,1.0588235294117647,1.2285714285714286
futures,ES,mean_reversion,0.25,50,35,19,16,54.285714285714285,1.10375,2.3714285714285714
futures,ES,mean_reversion,0.25,100,35,22,13,62.857142857142854,1.113846153846154,4.228571428571429
futures,ES,mean_reversion,0.25,200,35,26,9,74.28571428571429,1.4087858450274557,19.142857142857142
futures,ES,momentum,0.25,3,81,8,73,9.876543209876543,0.1095890410958904,-2.4074074074074074
futures,ES,momentum,0.25,5,81,20,61,24.691358024691358,0.32786885245901637,-2.5308641975308643
futures,ES,momentum,0.25,6,81,22,59,27.160493827160494,0.3728813559322034,-2.740740740740741
futures,ES,momentum,0.25,10,81,39,42,48.148148148148145,0.9285714285714286,-0.37037037037037035
futures,ES,momentum,0.25,11,81,42,39,51.85185185185185,1.0769230769230769,0.4074074074074074
futures,ES,momentum,0.25,17,81,51,30,62.96296296296296,1.7,4.407407407407407
futures,ES,momentum,0.25,20,81,48,33,59.25925925925925,1.4545454545454546,3.7037037037037037
futures,ES,momentum,0.25,23,81,48,33,59.25925925925925,1.4545454545454546,4.2592592592592595
futures,ES,momentum,0.25,34,81,42,39,51.85185185185185,1.0769230769230769,1.2592592592592593
futures,ES,momentum,0.25,46,81,45,36,55.55555555555556,1.2028985507246377,4.148148148148148
futures,ES,momentum,0.25,50,81,45,36,55.55555555555556,1.1583333333333334,3.5185185185185186
futures,ES,momentum,0.25,100,81,52,29,64.19753086419753,1.2689434364994663,9.333333333333334
futures,ES,momentum,0.25,200,81,57,24,70.37037037037037,1.0324105334233626,1.7777777777777777
futures,GC,mean_reversion,0.1,5,46,7,39,15.217391304347828,0.1794871794871795,-3.4782608695652173
futures,GC,mean_reversion,0.1,6,46,10,36,21.73913043478261,0.2777777777777778,-3.391304347826087
futures,GC,mean_reversion,0.1,10,46,18,28,39.130434782608695,0.6428571428571429,-2.1739130434782608
futures,GC,mean_reversion,0.1,20,46,22,24,47.82608695652174,0.9166666666666666,-0.8695652173913043
futures,GC,mean_reversion,0.1,31,46,23,23,50.0,0.9691444600280454,-0.47826086956529645
futures,GC,mean_reversion,0.1,41,46,27,19,58.69565217391305,1.3453145057766331,5.847826086956462
futures,GC,mean_reversion,0.1,50,46,27,19,58.69565217391305,1.308421052631576,6.369565217391245
futures,GC,mean_reversion,0.1,61,46,28,18,60.86956521739131,1.340619307832421,8.130434782608656
futures,GC,mean_reversion,0.1,82,46,29,17,63.04347826086957,1.4038737446197977,12.239130434782568
futures,GC,mean_reversion,0.1,100,46,28,18,60.86956521739131,1.1066666666666631,4.173913043478122
futures,GC,mean_reversion,0.1,200,46,31,15,67.3913043478261,0.9716666666666637,-1.8478260869567193
futures,GC,momentum,0.1,5,74,15,59,20.27027027027027,0.2542372881355932,-2.972972972972973
futures,GC,momentum,0.1,6,74,17,57,22.972972972972975,0.2982456140350877,-3.2432432432432434
futures,GC,momentum,0.1,9,74,23,51,31.08108108108108,0.45098039215686275,-3.4054054054054053
futures,GC,momentum,0.1,10,74,24,50,32.432432432432435,0.48,-3.5135135135135136
futures,GC,momentum,0.1,18,74,29,45,39.189189189189186,0.6444444444444445,-3.891891891891892
futures,GC,momentum,0.1,20,74,29,45,39.189189189189186,0.6444444444444445,-4.324324324324325
futures,GC,momentum,0.1,28,74,36,38,48.64864864864865,0.9473684210526315,-0.7567567567567568
futures,GC,momentum,0.1,37,74,36,38,48.64864864864865,0.9388335704125178,-1.162162162162162
futures,GC,momentum,0.1,50,74,36,38,48.64864864864865,0.8842105263157894,-2.972972972972973
futures,GC,momentum,0.1,55,74,38,36,51.35135135135135,0.9686868686868673,-0.8378378378378747
futures,GC,momentum,0.1,74,74,37,37,50.0,0.8308984660336016,-6.256756756756738
futures,GC,momentum,0.1,100,74,38,36,51.35135135135135,0.805460750853244,-9.243243243243164
futures,GC,momentum,0.1,200,74,47,27,63.51351351351351,0.9929245283018889,-0.4459459459458169
futures,HG,mean_reversion,0.0005,3,44,8,36,18.181818181818183,0.2222222222222222,-1.9090909090909092
futures,HG,mean_reversion,0.0005,5,44,16,28,36.36363636363637,0.5714285714285714,-1.3636363636363635
futures,HG,mean_reversion,0.0005,9,44,17,27,38.63636363636363,0.6296296296296297,-2.0454545454545454
futures,HG,mean_reversion,0.0005,10,44,19,25,43.18181818181818,0.76,-1.3636363636363635
futures,HG,mean_reversion,0.0005,14,44,22,22,50.0,0.9902597402597436,-0.06818181818179525
futures,HG,mean_reversion,0.0005,19,44,25,19,56.81818181818182,1.282548476454298,2.318181818181854
futures,HG,mean_reversion,0.0005,20,44,25,19,56.81818181818182,1.2789473684210568,2.409090909090945
futures,HG,mean_reversion,0.0005,28,44,29,15,65.9090909090909,1.7644110275689184,6.931818181818142
futures,HG,mean_reversion,0.0005,38,44,28,16,63.63636363636363,1.389948006932406,5.1136363636363225
futures,HG,mean_reversion,0.0005,50,44,31,13,70.45454545454545,1.594728171334428,8.204545454545395
futures,HG,mean_reversion,0.0005,100,44,34,10,77.27272727272727,1.4266813671444307,8.795454545454506
futures,HG,mean_reversion,0.0005,200,44,37,7,84.0909090909091,2.1334289813486285,17.954545454545304
futures,HG,momentum,0.0005,3,84,17,67,20.238095238095237,0.2537313432835821,-1.7857142857142858
futures,HG,momentum,0.0005,5,84,26,58,30.952380952380953,0.4482758620689655,-1.9047619047619047
futures,HG,momentum,0.0005,9,84,33,51,39.285714285714285,0.6470588235294118,-1.9285714285714286
futures,HG,momentum,0.0005,10,84,31,53,36.904761904761905,0.5849056603773585,-2.619047619047619
futures,HG,momentum,0.0005,14,84,35,49,41.66666666666667,0.7142857142857143,-2.3333333333333335
futures,HG,momentum,0.0005,19,84,39,45,46.42857142857143,0.857309941520468,-1.452380952380951
futures,HG,momentum,0.0005,20,84,38,46,45.23809523809524,0.8163043478260871,-2.0119047619047605
futures,HG,momentum,0.0005,28,84,39,45,46.42857142857143,0.8531746031746031,-2.202380952380951
futures,HG,momentum,0.0005,37,84,43,41,51.19047619047619,0.9637442320369161,-0.6547619047618851
futures,HG,momentum,0.0005,50,84,44,40,52.38095238095239,0.8975000000000006,-2.4404761904761743
futures,HG,momentum,0.0005,100,84,53,31,63.095238095238095,0.8708761972330598,-4.333333333333382
futures,HG,momentum,0.0005,200,84,62,22,73.80952380952381,0.9893723015609416,-0.3809523809524368
futures,NG,mean_reversion,0.001,2,39,4,35,10.256410256410255,0.11428571428571428,-1.5897435897435896
futures,NG,mean_reversion,0.001,4,39,8,31,20.51282051282051,0.25806451612903225,-2.358974358974359
futures,NG,mean_reversion,0.001,5,39,10,29,25.64102564102564,0.3448275862068966,-2.4358974358974357
futures,NG,mean_reversion,0.001,7,39,16,23,41.02564102564102,0.6956521739130435,-1.2564102564102564
futures,NG,mean_reversion,0.001,10,39,19,20,48.717948717948715,0.95,-0.2564102564102564
futures,NG,mean_reversion,0.001,11,39,22,17,56.41025641025641,1.2834224598930475,1.3589743589743564
futures,NG,mean_reversion,0.001,15,39,22,17,56.41025641025641,1.2588235294117642,1.69230769230769
futures,NG,mean_reversion,0.001,20,39,24,15,61.53846153846154,1.506666666666665,3.897435897435887
futures,NG,mean_reversion,0.001,22,39,24,15,61.53846153846154,1.4303030303030286,3.641025641025625
futures,NG,mean_reversion,0.001,30,39,24,15,61.53846153846154,1.1888888888888864,2.179487179487151
futures,NG,mean_reversion,0.001,50,39,24,15,61.53846153846154,0.9199999999999989,-1.5384615384615585
futures,NG,mean_reversion,0.001,100,39,24,15,61.53846153846154,0.5096359743040676,-17.615384615384656
futures,NG,mean_reversion,0.001,200,39,30,9,76.92307692307693,0.679802955665024,-11.666666666666687
futures,NG,momentum,0.001,2,55,9,46,16.363636363636363,0.1956521739130435,-1.3454545454545455
futures,NG,momentum,0.001,3,55,11,44,20.0,0.25,-1.8
futures,NG,momentum,0.001,5,55,18,37,32.72727272727273,0.4864864864864865,-1.7272727272727273
futures,NG,momentum,0.001,7,55,19,36,34.54545454545455,0.5277777777777778,-2.1636363636363636
futures,NG,momentum,0.001,10,55,17,38,30.909090909090907,0.4473684210526316,-3.8181818181818183
futures,NG,momentum,0.001,13,55,20,35,36.36363636363637,0.5714285714285714,-3.5454545454545454
futures,NG,momentum,0.001,20,55,25,30,45.45454545454545,0.8333333333333334,-1.8181818181818181
futures,NG,momentum,0.001,26,55,29,26,52.72727272727272,1.0369822485207099,0.45454545454545275
futures,NG,momentum,0.001,50,55,25,30,45.45454545454545,0.6211579699785561,-9.636363636363637
futures,NG,momentum,0.001,100,55,35,20,63.63636363636363,0.8301886792452822,-5.400000000000029
futures,NG,momentum,0.001,200,55,36,19,65.45454545454545,0.5991641337386011,-19.18181818181822
futures,NQ,mean_reversion,0.25,5,29,2,27,6.896551724137931,0.07407407407407407,-4.310344827586207
futures,NQ,mean_reversion,0.25,10,29,4,25,13.793103448275861,0.16,-7.241379310344827
futures,NQ,mean_reversion,0.25,15,29,5,24,17.24137931034483,0.20833333333333334,-9.827586206896552
futures,NQ,mean_reversion,0.25,20,29,6,23,20.689655172413794,0.2608695652173913,-11.724137931034482
futures,NQ,mean_reversion,0.25,25,29,7,22,24.137931034482758,0.3181818181818182,-12.931034482758621
futures,NQ,mean_reversion,0.25,50,29,12,17,41.37931034482759,0.6670588235294118,-9.758620689655173
futures,NQ,mean_reversion,0.25,75,29,14,15,48.275862068965516,0.8817777777777778,-4.586206896551724
futures,NQ,mean_reversion,0.25,100,29,15,14,51.724137931034484,1.0121428571428572,0.5862068965517241
futures,NQ,mean_reversion,0.25,150,29,18,11,62.06896551724138,1.5133333333333334,29.20689655172414
futures,NQ,mean_reversion,0.25,200,29,17,12,58.620689655172406,1.18125,15.0
futures,NQ,momentum,0.25,5,62,2,60,3.225806451612903,0.03333333333333333,-4.67741935483871
futures,NQ,momentum,0.25,10,62,3,59,4.838709677419355,0.05084745762711865,-9.03225806451613
futures,NQ,momentum,0.25,18,62,8,54,12.903225806451612,0.14814814814814814,-13.35483870967742
futures,NQ,momentum,0.25,20,62,11,51,17.741935483870968,0.21568627450980393,-12.903225806451612
futures,NQ,momentum,0.25,30,62,16,46,25.806451612903224,0.34782608695652173,-14.516129032258064
futures,NQ,momentum,0.25,50,62,23,39,37.096774193548384,0.5897435897435898,-12.903225806451612
futures,NQ,momentum,0.25,60,62,25,37,40.32258064516129,0.6756756756756757,-11.612903225806452
futures,NQ,momentum,0.25,90,62,31,31,50.0,1.0,0.0
futures,NQ,momentum,0.25,100,62,32,30,51.61290322580645,1.0666666666666667,3.225806451612903
futures,NQ,momentum,0.25,121,62,32,30,51.61290322580645,1.0666666666666667,3.903225806451613
futures,NQ,momentum,0.25,181,62,32,30,51.61290322580645,1.051012891344383,4.467741935483871
futures,NQ,momentum,0.25,200,62,33,29,53.2258064516129,1.0663793103448276,6.209677419354839
futures,NQ,momentum,0.25,241,62,35,27,56.451612903225815,1.185646227140003,19.483870967741936
futures,RTY,mean_reversion,0.1,5,37,4,33,10.81081081081081,0.12121212121212122,-3.918918918918919
futures,RTY,mean_reversion,0.1,8,37,7,30,18.91891891891892,0.22083333333333333,-5.054054054054054
futures,RTY,mean_reversion,0.1,10,37,10,27,27.027027027027028,0.35185185185185186,-4.72972972972973
futures,RTY,mean_reversion,0.1,16,37,16,21,43.24324324324324,0.7291666666666666,-2.4594594594594597
futures,RTY,mean_reversion,0.1,20,37,16,21,43.24324324324324,0.7261904761904762,-3.108108108108108
futures,RTY,mean_reversion,0.1,25,37,17,20,45.94594594594595,0.81,-2.5675675675675675
futures,RTY,mean_reversion,0.1,33,37,19,18,51.35135135135135,0.9814814814814784,-0.29729729729734644
futures,RTY,mean_reversion,0.1,49,37,18,19,48.64864864864865,0.790547798066596,-5.270270270270245
futures,RTY,mean_reversion,0.1,50,37,18,19,48.64864864864865,0.7884210526315799,-5.432432432432408
futures,RTY,mean_reversion,0.1,66,37,21,16,56.75675675675676,1.0596590909090908,1.7027027027027026
futures,RTY,mean_reversion,0.1,100,37,23,14,62.16216216216216,1.1621428571428574,6.1351351351351475
futures,RTY,mean_reversion,0.1,200,37,29,8,78.37837837837837,1.5031250000000014,21.75675675675682
futures,RTY,momentum,0.1,5,94,23,71,24.46808510638298,0.323943661971831,-2.5531914893617023
futures,RTY,momentum,0.1,8,94,28,66,29.78723404255319,0.42424242424242425,-3.234042553191489
futures,RTY,momentum,0.1,10,94,30,64,31.914893617021278,0.46875,-3.617021276595745
futures,RTY,momentum,0.1,16,94,35,59,37.234042553191486,0.5932203389830508,-4.085106382978723
futures,RTY,momentum,0.1,20,94,35,59,37.234042553191486,0.5932203389830508,-5.1063829787234045
futures,RTY,momentum,0.1,24,94,35,59,37.234042553191486,0.5932203389830508,-6.127659574468085
futures,RTY,momentum,0.1,33,94,38,56,40.42553191489361,0.6785714285714286,-6.319148936170213
futures,RTY,momentum,0.1,49,94,43,51,45.744680851063826,0.8462479608482858,-4.010638297872379
futures,RTY,momentum,0.1,50,94,43,51,45.744680851063826,0.8457234212629883,-4.106382978723443
futures,RTY,momentum,0.1,65,94,41,53,43.61702127659575,0.7610881135422823,-8.595744680851084
futures,RTY,momentum,0.1,100,94,40,54,42.5531914893617,0.6192003017729159,-21.47872340425533
futures,RTY,momentum,0.1,200,94,50,44,53.191489361702125,0.5564731600680114,-38.851063829787215
futures,SI,mean_reversion,0.005,2,41,7,34,17.073170731707318,0.20588235294117646,-1.3170731707317074
futures,SI,mean_reversion,0.005,4,41,16,25,39.02439024390244,0.64,-0.8780487804878049
futures,SI,mean_reversion,0.005,5,41,17,24,41.46341463414634,0.7083333333333334,-0.8536585365853658
futures,SI,mean_reversion,0.005,8,41,17,24,41.46341463414634,0.7173913043478256,-1.2682926829268313
futures,SI,mean_reversion,0.005,10,41,19,22,46.34146341463415,0.8761904761904757,-0.6341463414634168
futures,SI,mean_reversion,0.005,11,41,19,22,46.34146341463415,0.874458874458874,-0.7073170731707338
futures,SI,mean_reversion,0.005,15,41,22,19,53.65853658536586,1.1555555555555566,1.0243902439024466
futures,SI,mean_reversion,0.005,20,41,23,18,56.09756097560976,1.2205882352941189,1.8292682926829373
futures,SI,mean_reversion,0.005,23,41,23,18,56.09756097560976,1.1918158567774955,1.8292682926829442
futures,SI,mean_reversion,0.005,30,41,24,17,58.536585365853654,1.197916666666668,2.3170731707317254
futures,SI,mean_reversion,0.005,50,41,26,15,63.41463414634146,1.1100000000000025,1.8780487804878472
futures,SI,mean_reversion,0.005,100,41,32,9,78.04878048780488,1.7358803986710927,10.804878048780454
futures,SI,mean_reversion,0.005,200,41,34,7,82.92682926829268,1.7766830870279102,11.536585365853616
futures,SI,momentum,0.005,2,82,13,69,15.853658536585366,0.18840579710144928,-1.3658536585365855
futures,SI,momentum,0.005,4,82,26,56,31.70731707317073,0.4642857142857143,-1.4634146341463414
futures,SI,momentum,0.005,5,82,26,56,31.70731707317073,0.4642857142857143,-1.829268292682927
futures,SI,momentum,0.005,8,82,31,51,37.80487804878049,0.6078431372549019,-1.951219512195122
futures,SI,momentum,0.005,10,82,34,48,41.46341463414634,0.7083333333333334,-1.7073170731707317
futures,SI,momentum,0.005,12,82,34,48,41.46341463414634,0.7083333333333334,-2.048780487804878
futures,SI,momentum,0.005,15,82,36,46,43.90243902439025,0.7652173913043488,-1.9756097560975527
futures,SI,momentum,0.005,20,82,37,45,45.1219512195122,0.7855555555555562,-2.3536585365853586
futures,SI,momentum,0.005,23,82,35,47,42.68292682926829,0.7021276595744685,-3.9268292682926775
futures,SI,momentum,0.005,31,82,40,42,48.78048780487805,0.8509984639016889,-2.3658536585365986
futures,SI,momentum,0.005,50,82,41,41,50.0,0.7190243902439029,-7.0243902439024275
futures,SI,momentum,0.005,100,82,53,29,64.63414634146342,0.8125669403784372,-6.402439024390208
futures,SI,momentum,0.005,200,82,62,20,75.60975609756098,0.8657612128869252,-5.182926829268222
futures,YM,mean_reversion,1.0,5,36,5,31,13.88888888888889,0.16129032258064516,-3.611111111111111
futures,YM,mean_reversion,1.0,6,36,7,29,19.444444444444446,0.2413793103448276,-3.6666666666666665
futures,YM,mean_reversion,1.0,10,36,10,26,27.77777777777778,0.38461538461538464,-4.444444444444445
futures,YM,mean_reversion,1.0,20,36,15,21,41.66666666666667,0.7142857142857143,-3.3333333333333335
futures,YM,mean_reversion,1.0,30,36,16,20,44.44444444444444,0.7883333333333333,-3.5277777777777777
futures,YM,mean_reversion,1.0,40,36,16,20,44.44444444444444,0.77875,-4.916666666666667
futures,YM,mean_reversion,1.0,50,36,17,19,47.22222222222222,0.8663157894736843,-3.5277777777777777
futures,YM,mean_reversion,1.0,59,36,18,18,50.0,0.9651600753295668,-1.0277777777777777
futures,YM,mean_reversion,1.0,79,36,23,13,63.888888888888886,1.546251217137293,15.583333333333334
futures,YM,mean_reversion,1.0,100,36,24,12,66.66666666666666,1.5066666666666666,16.88888888888889
futures,YM,mean_reversion,1.0,200,36,25,11,69.44444444444444,1.009090909090909,0.5555555555555556
futures,YM,momentum,1.0,5,63,6,57,9.523809523809524,0.10526315789473684,-4.0476190476190474
futures,YM,momentum,1.0,6,63,9,54,14.285714285714285,0.16666666666666666,-4.285714285714286
futures,YM,momentum,1.0,10,63,16,47,25.396825396825395,0.3404255319148936,-4.920634920634921
futures,YM,momentum,1.0,20,63,23,40,36.507936507936506,0.575,-5.396825396825397
futures,YM,momentum,1.0,30,63,27,36,42.857142857142854,0.75,-4.285714285714286
futures,YM,momentum,1.0,40,63,29,34,46.03174603174603,0.8529411764705882,-3.1746031746031744
futures,YM,momentum,1.0,50,63,28,35,44.44444444444444,0.8,-5.555555555555555
futures,YM,momentum,1.0,59,63,32,31,50.79365079365079,1.032258064516129,0.9365079365079365
futures,YM,momentum,1.0,79,63,27,36,42.857142857142854,0.7415039768618944,-11.34920634920635
futures,YM,momentum,1.0,100,63,31,32,49.2063492063492,0.8851983231215736,-5.650793650793651
futures,YM,momentum,1.0,200,63,40,23,63.49206349206349,1.0660645161290323,4.063492063492063
futures,ZB,mean_reversion,0.03125,1,40,10,30,25.0,0.3333333333333333,-0.5
futures,ZB,mean_reversion,0.03125,2,40,16,24,40.0,0.6956521739130435,-0.35
futures,ZB,mean_reversion,0.03125,3,40,19,21,47.5,0.9333333333333333,-0.1
futures,ZB,mean_reversion,0.03125,5,40,22,18,55.00000000000001,1.1411764705882352,0.3
futures,ZB,mean_reversion,0.03125,6,40,22,18,55.00000000000001,1.1354166666666667,0.325
futures,ZB,mean_reversion,0.03125,10,40,22,18,55.00000000000001,0.94375,-0.225
futures,ZB,mean_reversion,0.03125,20,40,27,13,67.5,1.0,0.0
futures,ZB,mean_reversion,0.03125,50,40,30,10,75.0,1.5057471264367817,2.2
futures,ZB,mean_reversion,0.03125,100,40,30,10,75.0,1.3789473684210527,1.8
futures,ZB,mean_reversion,0.03125,200,40,30,10,75.0,1.3936170212765957,1.85
futures,ZB,momentum,0.03125,1,67,16,51,23.88059701492537,0.3137254901960784,-0.5223880597014925
futures,ZB,momentum,0.03125,2,67,27,40,40.298507462686565,0.675,-0.3880597014925373
futures,ZB,momentum,0.03125,3,67,31,36,46.26865671641791,0.8611111111111112,-0.22388059701492538
futures,ZB,momentum,0.03125,5,67,30,37,44.776119402985074,0.8108108108108109,-0.5223880597014925
futures,ZB,momentum,0.03125,6,67,29,38,43.28358208955223,0.7280701754385965,-0.9253731343283582
futures,ZB,momentum,0.03125,10,67,31,36,46.26865671641791,0.68,-1.671641791044776
futures,ZB,momentum,0.03125,20,67,38,29,56.71641791044776,0.6066176470588235,-3.1940298507462686
futures,ZB,momentum,0.03125,50,67,48,19,71.64179104477611,0.793418647166362,-1.6865671641791045
futures,ZB,momentum,0.03125,100,67,48,19,71.64179104477611,1.172972972972973,0.9552238805970149
futures,ZB,momentum,0.03125,200,67,48,19,71.64179104477611,1.1666666666666667,0.9253731343283582
futures,ZN,mean_reversion,0.015625,1,37,11,26,29.72972972972973,0.4230769230769231,-0.40540540540540543
futures,ZN,mean_reversion,0.015625,2,37,15,22,40.54054054054054,0.6818181818181818,-0.3783783783783784
futures,ZN,mean_reversion,0.015625,3,37,15,22,40.54054054054054,0.6818181818181818,-0.5675675675675675
futures,ZN,mean_reversion,0.015625,5,37,19,18,51.35135135135135,0.9666666666666667,-0.08108108108108109
futures,ZN,mean_reversion,0.015625,7,37,23,14,62.16216216216216,1.3571428571428572,0.9459459459459459
futures,ZN,mean_reversion,0.015625,10,37,26,11,70.27027027027027,1.6181818181818182,1.837837837837838
futures,ZN,mean_reversion,0.015625,20,37,31,6,83.78378378378379,1.95,3.081081081081081
futures,ZN,mean_reversion,0.015625,50,37,35,2,94.5945945945946,31.88888888888889,7.513513513513513
futures,ZN,mean_reversion,0.015625,100,37,35,2,94.5945945945946,31.88888888888889,7.513513513513513
futures,ZN,mean_reversion,0.015625,200,37,35,2,94.5945945945946,31.88888888888889,7.513513513513513
futures,ZN,momentum,0.015625,1,71,9,62,12.676056338028168,0.14516129032258066,-0.7464788732394366
futures,ZN,momentum,0.015625,2,71,23,48,32.3943661971831,0.4791666666666667,-0.704225352112676
futures,ZN,momentum,0.015625,3,71,30,41,42.25352112676056,0.7317073170731707,-0.4647887323943662
futures,ZN,momentum,0.015625,5,71,36,35,50.70422535211267,1.0285714285714285,0.07042253521126761
futures,ZN,momentum,0.015625,7,71,38,33,53.52112676056338,1.0606060606060606,0.19718309859154928
futures,ZN,momentum,0.015625,10,71,42,29,59.154929577464785,1.1896551724137931,0.7746478873239436
futures,ZN,momentum,0.015625,20,71,49,22,69.01408450704226,1.1105882352941177,0.6619718309859155
futures,ZN,momentum,0.015625,50,71,60,11,84.50704225352112,1.7867435158501441,3.8450704225352115
futures,ZN,momentum,0.015625,100,71,60,11,84.50704225352112,2.4701195219123506,5.197183098591549
futures,ZN,momentum,0.015625,200,71,60,11,84.50704225352112,3.1313131313131315,5.943661971830986
gold_spot,XAUUSD,mean_reversion,0.01,5,53,1,52,1.8867924528301887,0.019230769230769232,-4.811320754716981
gold_spot,XAUUSD,mean_reversion,0.01,10,53,2,51,3.7735849056603774,0.0392156862745098,-9.245283018867925
gold_spot,XAUUSD,mean_reversion,0.01,20,53,6,47,11.320754716981133,0.1276595744680851,-15.471698113207546
gold_spot,XAUUSD,mean_reversion,0.01,50,53,14,39,26.41509433962264,0.358974358974359,-23.58490566037736
gold_spot,XAUUSD,mean_reversion,0.01,57,53,15,38,28.30188679245283,0.39473684210526316,-24.735849056603772
gold_spot,XAUUSD,mean_reversion,0.01,94,53,25,28,47.16981132075472,0.8928571428571429,-5.320754716981132
gold_spot,XAUUSD,mean_reversion,0.01,100,53,25,28,47.16981132075472,0.8928571428571429,-5.660377358490566
gold_spot,XAUUSD,mean_reversion,0.01,189,53,29,24,54.71698113207547,1.1979717813051163,16.94339622641523
gold_spot,XAUUSD,mean_reversion,0.01,200,53,30,23,56.60377358490566,1.2917391304347843,25.32075471698127
gold_spot,XAUUSD,mean_reversion,0.01,283,53,31,22,58.490566037735846,1.354159974301316,41.60377358490554
gold_spot,XAUUSD,mean_reversion,0.01,377,53,35,18,66.0377358490566,1.847553787208958,108.51886792452808
gold_spot,XAUUSD,mean_reversion,0.01,566,53,35,18,66.0377358490566,1.7263447192775807,139.62264150943386
gold_spot,XAUUSD,mean_reversion,0.01,755,53,36,17,67.9245283018868,1.8083365796649786,195.75471698113208
gold_spot,XAUUSD,momentum,0.01,5,93,1,92,1.0752688172043012,0.010869565217391304,-4.89247311827957
gold_spot,XAUUSD,momentum,0.01,10,93,4,89,4.301075268817205,0.0449438202247191,-9.13978494623656
gold_spot,XAUUSD,momentum,0.01,20,93,6,87,6.451612903225806,0.06896551724137931,-17.419354838709676
gold_spot,XAUUSD,momentum,0.01,50,93,20,73,21.50537634408602,0.273972602739726,-28.49462365591398
gold_spot,XAUUSD,momentum,0.01,54,93,22,71,23.655913978494624,0.30985915492957744,-28.451612903225808
gold_spot,XAUUSD,momentum,0.01,89,93,28,65,30.107526881720432,0.4307692307692308,-35.40860215053763
gold_spot,XAUUSD,momentum,0.01,100,93,28,65,30.107526881720432,0.4307692307692308,-39.784946236559136
gold_spot,XAUUSD,momentum,0.01,178,93,35,58,37.634408602150536,0.603448275862069,-44.02150537634409
gold_spot,XAUUSD,momentum,0.01,200,93,35,58,37.634408602150536,0.603448275862069,-49.46236559139785
gold_spot,XAUUSD,momentum,0.01,268,93,35,58,37.634408602150536,0.603448275862069,-66.27956989247312
gold_spot,XAUUSD,momentum,0.01,357,93,41,52,44.086021505376344,0.7884615384615384,-42.225806451612904
gold_spot,XAUUSD,momentum,0.01,535,93,40,53,43.01075268817204,0.739904778698643,-79.30107526881697
gold_spot,XAUUSD,momentum,0.01,713,93,46,47,49.46236559139785,0.8862910686043407,-40.97311827956923
