phase,entry_time,exit_time,win,pnl_points,score,selected,threshold,model_name
momentum,2025-01-03 07:30:00+00:00,2025-01-03 15:15:00+00:00,0,-13.25,,True,,no_filter
mean_reversion,2025-01-03 07:30:00+00:00,2025-01-03 20:30:00+00:00,1,16.730000000000018,-1.623064464614417,False,3.0,rf_reg
mean_reversion,2025-01-06 01:30:00+00:00,2025-01-06 07:15:00+00:00,0,-13.25,1.595511346794661,False,3.0,rf_reg
momentum,2025-01-06 01:30:00+00:00,2025-01-06 04:15:00+00:00,1,5.5300000000002,,True,,no_filter
mean_reversion,2025-01-06 09:00:00+00:00,2025-01-06 14:15:00+00:00,0,-13.25,2.4154003946061637,False,3.0,rf_reg
momentum,2025-01-06 09:00:00+00:00,2025-01-06 11:30:00+00:00,0,-13.25,,True,,no_filter
mean_reversion,2025-01-06 15:15:00+00:00,2025-01-07 06:00:00+00:00,1,6.300000000000182,0.9871226028940893,False,3.0,rf_reg
momentum,2025-01-06 15:15:00+00:00,2025-01-07 12:45:00+00:00,0,-13.25,,True,,no_filter
mean_reversion,2025-01-07 07:45:00+00:00,2025-01-07 13:00:00+00:00,0,-13.25,4.45490931844441,True,3.0,rf_reg
momentum,2025-01-07 15:15:00+00:00,2025-01-08 13:45:00+00:00,1,8.864999999999782,,True,,no_filter
mean_reversion,2025-01-07 15:15:00+00:00,2025-01-08 14:30:00+00:00,0,-13.25,-0.6826174821415901,False,3.0,rf_reg
momentum,2025-01-08 17:45:00+00:00,2025-01-09 07:00:00+00:00,1,9.974999999999909,,True,,no_filter
mean_reversion,2025-01-08 17:45:00+00:00,2025-01-09 11:00:00+00:00,0,-13.25,-2.0839698765150683,False,3.0,rf_reg
mean_reversion,2025-01-10 18:30:00+00:00,2025-01-13 13:45:00+00:00,1,18.649999999999636,-0.8032407753681837,False,3.0,rf_reg
momentum,2025-01-10 18:30:00+00:00,2025-01-10 21:15:00+00:00,1,2.730000000000018,,True,,no_filter
momentum,2025-01-13 01:15:00+00:00,2025-01-13 02:30:00+00:00,1,7.960000000000036,,True,,no_filter
momentum,2025-01-13 10:15:00+00:00,2025-01-13 12:30:00+00:00,0,-13.25,,True,,no_filter
mean_reversion,2025-01-14 15:15:00+00:00,2025-01-14 21:00:00+00:00,1,4.920000000000073,0.5791687746564812,False,3.0,rf_reg
momentum,2025-01-14 15:15:00+00:00,2025-01-15 08:00:00+00:00,0,-13.25,,True,,no_filter
mean_reversion,2025-01-15 15:15:00+00:00,2025-01-15 18:15:00+00:00,0,-13.25,-2.4927002992267755,False,3.0,rf_reg
momentum,2025-01-15 15:15:00+00:00,2025-01-15 17:00:00+00:00,1,9.680000000000291,,True,,no_filter
momentum,2025-01-16 06:15:00+00:00,2025-01-16 07:30:00+00:00,1,6.425000000000182,,True,,no_filter
mean_reversion,2025-01-16 06:15:00+00:00,2025-01-16 09:15:00+00:00,0,-13.25,0.3413832867650419,False,3.0,rf_reg
momentum,2025-01-16 12:45:00+00:00,2025-01-16 13:45:00+00:00,1,11.615000000000236,,True,,no_filter
mean_reversion,2025-01-16 12:45:00+00:00,2025-01-16 13:45:00+00:00,0,-13.25,-1.2022271504915139,False,3.0,rf_reg
mean_reversion,2025-01-16 19:00:00+00:00,2025-01-19 23:45:00+00:00,1,18.86999999999989,-0.21744597695119422,False,3.0,rf_reg
momentum,2025-01-16 19:00:00+00:00,2025-01-17 02:45:00+00:00,1,0.5300000000002001,,True,,no_filter
momentum,2025-01-17 10:00:00+00:00,2025-01-17 15:15:00+00:00,1,8.984999999999673,,True,,no_filter
momentum,2025-01-17 19:00:00+00:00,2025-01-19 23:15:00+00:00,0,-13.25,,True,,no_filter
momentum,2025-01-19 23:30:00+00:00,2025-01-20 15:00:00+00:00,1,12.0300000000002,,True,,no_filter
mean_reversion,2025-01-20 02:30:00+00:00,2025-01-20 06:45:00+00:00,1,14.760000000000218,2.6004159102046036,False,3.0,rf_reg
mean_reversion,2025-01-20 08:00:00+00:00,2025-01-21 01:45:00+00:00,0,-13.25,-0.009596632070407741,False,3.0,rf_reg
mean_reversion,2025-01-21 09:00:00+00:00,2025-01-21 14:15:00+00:00,0,-13.25,-2.8604415173465236,False,3.0,rf_reg
momentum,2025-01-21 09:00:00+00:00,2025-01-21 12:30:00+00:00,1,8.204999999999927,,True,,no_filter
mean_reversion,2025-01-22 07:00:00+00:00,2025-01-22 10:30:00+00:00,0,-13.25,-0.9065176359383291,False,3.0,rf_reg
momentum,2025-01-22 07:00:00+00:00,2025-01-22 09:15:00+00:00,1,11.75500000000011,,True,,no_filter
momentum,2025-01-22 12:15:00+00:00,2025-01-23 09:30:00+00:00,0,-13.25,,True,,no_filter
mean_reversion,2025-01-22 12:15:00+00:00,2025-01-24 02:00:00+00:00,0,-13.25,-2.0035626002905214,False,3.0,rf_reg
momentum,2025-01-24 14:30:00+00:00,2025-01-24 15:30:00+00:00,1,3.5799999999999272,,True,,no_filter
mean_reversion,2025-01-24 14:30:00+00:00,2025-01-27 05:30:00+00:00,1,24.6550000000002,0.3807253633804107,False,3.0,rf_reg
momentum,2025-01-27 02:15:00+00:00,2025-01-27 15:00:00+00:00,0,-13.25,,True,,no_filter
mean_reversion,2025-01-27 08:45:00+00:00,2025-01-27 11:30:00+00:00,1,12.690000000000055,1.7938723974968591,False,3.0,rf_reg
mean_reversion,2025-01-27 13:00:00+00:00,2025-01-27 13:30:00+00:00,1,8.805000000000291,0.7173322467955247,False,3.0,rf_reg
mean_reversion,2025-01-28 09:45:00+00:00,2025-01-28 17:00:00+00:00,1,15.235000000000127,5.499155976866322,True,3.0,rf_reg
momentum,2025-01-28 09:45:00+00:00,2025-01-28 15:15:00+00:00,0,-13.25,,True,,no_filter
mean_reversion,2025-01-29 11:00:00+00:00,2025-01-29 17:15:00+00:00,1,6.264999999999873,0.9208301042218968,False,3.0,rf_reg
momentum,2025-01-29 11:00:00+00:00,2025-01-29 19:15:00+00:00,0,-13.25,,True,,no_filter
momentum,2025-01-29 20:30:00+00:00,2025-01-30 07:45:00+00:00,0,-13.25,,True,,no_filter
mean_reversion,2025-01-29 20:30:00+00:00,2025-01-29 23:30:00+00:00,1,4.5,-1.0848334023782666,False,3.0,rf_reg
mean_reversion,2025-01-31 08:45:00+00:00,2025-01-31 12:30:00+00:00,0,-13.25,1.9182544255862468,False,3.0,rf_reg
momentum,2025-01-31 08:45:00+00:00,2025-01-31 12:00:00+00:00,1,8.9050000000002,,True,,no_filter
mean_reversion,2025-01-31 16:30:00+00:00,2025-02-03 02:00:00+00:00,1,30.0,-1.9435162420949688,False,3.0,rf_reg
momentum,2025-01-31 16:30:00+00:00,2025-01-31 17:45:00+00:00,1,1.2400000000002365,,True,,no_filter
momentum,2025-02-02 23:30:00+00:00,2025-02-03 01:45:00+00:00,0,-13.25,,True,,no_filter
mean_reversion,2025-02-03 16:15:00+00:00,2025-02-04 13:15:00+00:00,0,-13.25,-0.5393567686952829,False,3.0,rf_reg
momentum,2025-02-03 16:15:00+00:00,2025-02-04 01:30:00+00:00,1,2.005000000000109,,True,,no_filter
mean_reversion,2025-02-05 13:45:00+00:00,2025-02-05 15:00:00+00:00,0,-13.25,-0.7675673960483363,False,3.0,rf_reg
momentum,2025-02-05 13:45:00+00:00,2025-02-05 15:00:00+00:00,1,12.165000000000418,,True,,no_filter
momentum,2025-02-05 19:15:00+00:00,2025-02-06 08:00:00+00:00,0,-13.25,,True,,no_filter
mean_reversion,2025-02-05 19:15:00+00:00,2025-02-06 15:00:00+00:00,1,30.0,-2.877225678923061,False,3.0,rf_reg
momentum,2025-02-06 13:45:00+00:00,2025-02-06 14:45:00+00:00,0,-13.25,,True,,no_filter
momentum,2025-02-07 16:30:00+00:00,2025-02-10 06:45:00+00:00,1,30.0,,True,,no_filter
mean_reversion,2025-02-07 16:30:00+00:00,2025-02-10 01:00:00+00:00,0,-13.25,0.7285632229032436,False,3.0,rf_reg
momentum,2025-02-10 17:15:00+00:00,2025-02-10 23:45:00+00:00,1,18.554999999999836,,True,,no_filter
mean_reversion,2025-02-10 17:15:00+00:00,2025-02-10 23:15:00+00:00,0,-13.25,0.5618853979933369,False,3.0,rf_reg
momentum,2025-02-11 02:45:00+00:00,2025-02-11 06:15:00+00:00,1,3.2350000000001273,,True,,no_filter
mean_reversion,2025-02-11 02:45:00+00:00,2025-02-11 12:45:00+00:00,1,30.0,1.3170687906341916,False,3.0,rf_reg
momentum,2025-02-11 13:00:00+00:00,2025-02-11 14:15:00+00:00,1,16.240000000000236,,True,,no_filter
mean_reversion,2025-02-11 13:00:00+00:00,2025-02-11 13:45:00+00:00,0,-13.25,-0.8123200707133119,False,3.0,rf_reg
momentum,2025-02-11 20:30:00+00:00,2025-02-12 10:30:00+00:00,0,-13.25,,True,,no_filter
mean_reversion,2025-02-11 20:30:00+00:00,2025-02-12 03:00:00+00:00,1,8.5300000000002,2.6040973856405305,False,3.0,rf_reg
momentum,2025-02-12 14:30:00+00:00,2025-02-12 17:00:00+00:00,0,-13.25,,True,,no_filter
mean_reversion,2025-02-12 14:30:00+00:00,2025-02-12 18:00:00+00:00,1,8.885000000000218,1.1290892317853194,False,3.0,rf_reg
momentum,2025-02-13 06:45:00+00:00,2025-02-13 15:15:00+00:00,1,0.07999999999992724,,True,,no_filter
mean_reversion,2025-02-13 06:45:00+00:00,2025-02-13 21:30:00+00:00,0,-13.25,2.709977115824648,False,3.0,rf_reg
momentum,2025-02-14 13:45:00+00:00,2025-02-14 15:15:00+00:00,0,-13.25,,True,,no_filter
mean_reversion,2025-02-14 13:45:00+00:00,2025-02-14 16:45:00+00:00,1,30.0,-0.815212110453676,False,3.0,rf_reg
mean_reversion,2025-02-17 01:15:00+00:00,2025-02-18 05:00:00+00:00,1,22.789999999999964,3.257586830783755,True,3.0,rf_reg
momentum,2025-02-17 01:15:00+00:00,2025-02-17 03:30:00+00:00,0,-13.25,,True,,no_filter
momentum,2025-02-17 07:45:00+00:00,2025-02-18 12:30:00+00:00,0,-13.25,,True,,no_filter
momentum,2025-02-19 03:00:00+00:00,2025-02-19 06:30:00+00:00,1,3.9149999999999636,,True,,no_filter
mean_reversion,2025-02-19 03:00:00+00:00,2025-02-19 09:15:00+00:00,0,-13.25,-0.7269243663399243,False,3.0,rf_reg
momentum,2025-02-19 12:00:00+00:00,2025-02-19 13:45:00+00:00,1,1.5950000000002547,,True,,no_filter
mean_reversion,2025-02-19 12:00:00+00:00,2025-02-20 06:45:00+00:00,0,-13.25,-3.2508899940468066,False,3.0,rf_reg
momentum,2025-02-19 16:00:00+00:00,2025-02-19 19:30:00+00:00,1,1.8949999999999818,,True,,no_filter
mean_reversion,2025-02-20 12:30:00+00:00,2025-02-21 05:00:00+00:00,1,16.88000000000011,-0.9263988920734358,False,3.0,rf_reg
momentum,2025-02-20 12:30:00+00:00,2025-02-20 14:00:00+00:00,0,-13.25,,True,,no_filter
momentum,2025-02-21 02:00:00+00:00,2025-02-21 05:30:00+00:00,0,-13.25,,True,,no_filter
mean_reversion,2025-02-21 09:45:00+00:00,2025-02-21 18:15:00+00:00,1,10.085000000000036,1.812299450406893,False,3.0,rf_reg
momentum,2025-02-21 09:45:00+00:00,2025-02-21 15:30:00+00:00,1,3.369999999999891,,True,,no_filter
momentum,2025-02-21 16:45:00+00:00,2025-02-24 01:30:00+00:00,1,7.360000000000127,,True,,no_filter
mean_reversion,2025-02-24 01:00:00+00:00,2025-02-24 01:30:00+00:00,0,-5.2849999999998545,-0.18053842257490244,False,3.0,rf_reg
momentum,2025-02-24 02:30:00+00:00,2025-02-24 12:00:00+00:00,0,-13.25,,True,,no_filter
mean_reversion,2025-02-24 02:30:00+00:00,2025-02-24 03:00:00+00:00,1,5.190000000000055,2.252758198197094,False,3.0,rf_reg
mean_reversion,2025-02-24 10:45:00+00:00,2025-02-24 13:30:00+00:00,0,-13.25,2.453210127297799,False,3.0,rf_reg
mean_reversion,2025-02-24 14:30:00+00:00,2025-02-25 07:45:00+00:00,1,11.055000000000291,1.1421159073768727,False,3.0,rf_reg
momentum,2025-02-24 14:30:00+00:00,2025-02-24 17:00:00+00:00,1,1.2599999999997635,,True,,no_filter
momentum,2025-02-25 03:45:00+00:00,2025-02-25 12:30:00+00:00,0,-13.25,,True,,no_filter
mean_reversion,2025-02-25 09:00:00+00:00,2025-02-25 12:30:00+00:00,0,-13.25,1.3868439981758052,False,3.0,rf_reg
momentum,2025-02-25 14:00:00+00:00,2025-02-25 15:15:00+00:00,1,29.605000000000018,,True,,no_filter
mean_reversion,2025-02-25 14:00:00+00:00,2025-02-25 15:15:00+00:00,0,-13.25,0.04830951740894498,False,3.0,rf_reg
momentum,2025-02-25 18:00:00+00:00,2025-02-26 00:00:00+00:00,0,-13.25,,True,,no_filter
mean_reversion,2025-02-25 18:00:00+00:00,2025-02-26 14:00:00+00:00,0,-13.25,-3.3554220197178313,False,3.0,rf_reg
momentum,2025-02-26 00:15:00+00:00,2025-02-26 02:45:00+00:00,1,2.369999999999891,,True,,no_filter
momentum,2025-02-26 15:30:00+00:00,2025-02-27 03:00:00+00:00,1,2.6450000000004366,,True,,no_filter
mean_reversion,2025-02-26 15:30:00+00:00,2025-02-27 04:45:00+00:00,0,-13.25,2.6895543365452625,False,3.0,rf_reg
momentum,2025-02-28 10:00:00+00:00,2025-02-28 14:15:00+00:00,1,15.444999999999709,,True,,no_filter
mean_reversion,2025-02-28 10:00:00+00:00,2025-02-28 13:45:00+00:00,0,-13.25,5.859072856459284,True,3.0,rf_reg
mean_reversion,2025-02-28 16:00:00+00:00,2025-02-28 18:15:00+00:00,0,-13.25,3.190993444488712,True,3.0,rf_reg
momentum,2025-02-28 16:00:00+00:00,2025-02-28 18:30:00+00:00,1,5.694999999999709,,True,,no_filter
momentum,2025-03-02 23:15:00+00:00,2025-03-03 15:15:00+00:00,0,-13.25,,True,,no_filter
mean_reversion,2025-03-02 23:15:00+00:00,2025-03-03 15:00:00+00:00,1,9.329999999999927,2.0216435634546737,False,3.0,rf_reg
mean_reversion,2025-03-04 01:30:00+00:00,2025-03-04 07:15:00+00:00,0,-13.25,1.236333658500605,False,3.0,rf_reg
momentum,2025-03-04 01:30:00+00:00,2025-03-04 07:30:00+00:00,1,11.25,,True,,no_filter
momentum,2025-03-04 14:30:00+00:00,2025-03-04 17:15:00+00:00,1,2.619999999999891,,True,,no_filter
mean_reversion,2025-03-04 14:30:00+00:00,2025-03-05 16:15:00+00:00,0,-13.25,2.0097144715141266,False,3.0,rf_reg
momentum,2025-03-05 13:45:00+00:00,2025-03-05 15:00:00+00:00,1,17.00500000000011,,True,,no_filter
momentum,2025-03-05 17:45:00+00:00,2025-03-06 02:15:00+00:00,1,7.430000000000291,,True,,no_filter
mean_reversion,2025-03-05 17:45:00+00:00,2025-03-06 10:15:00+00:00,1,16.359999999999673,3.215331016008047,True,3.0,rf_reg
momentum,2025-03-06 08:00:00+00:00,2025-03-06 09:45:00+00:00,0,-13.25,,True,,no_filter
momentum,2025-03-06 11:30:00+00:00,2025-03-06 15:00:00+00:00,0,-13.25,,True,,no_filter
mean_reversion,2025-03-06 11:30:00+00:00,2025-03-06 16:15:00+00:00,1,10.599999999999909,0.828917801099177,False,3.0,rf_reg
momentum,2025-03-07 00:15:00+00:00,2025-03-07 08:45:00+00:00,1,20.00500000000011,,True,,no_filter
mean_reversion,2025-03-07 00:15:00+00:00,2025-03-07 00:45:00+00:00,0,-2.305000000000291,0.5064432533619164,False,3.0,rf_reg
mean_reversion,2025-03-07 16:15:00+00:00,2025-03-07 19:30:00+00:00,1,10.139999999999873,0.7164659232830833,False,3.0,rf_reg
momentum,2025-03-07 16:15:00+00:00,2025-03-07 18:15:00+00:00,0,-13.25,,True,,no_filter
momentum,2025-03-10 09:45:00+00:00,2025-03-10 10:45:00+00:00,1,8.16000000000031,,True,,no_filter
mean_reversion,2025-03-10 09:45:00+00:00,2025-03-10 11:15:00+00:00,0,-13.25,0.8686212352847851,False,3.0,rf_reg
mean_reversion,2025-03-10 13:00:00+00:00,2025-03-10 17:00:00+00:00,0,-13.25,0.6719953288043032,False,3.0,rf_reg
momentum,2025-03-10 13:00:00+00:00,2025-03-10 17:00:00+00:00,1,12.49499999999989,,True,,no_filter
mean_reversion,2025-03-11 02:30:00+00:00,2025-03-11 10:15:00+00:00,1,15.224999999999909,2.926706538426209,False,3.0,rf_reg
momentum,2025-03-11 02:30:00+00:00,2025-03-11 09:00:00+00:00,0,-13.25,,True,,no_filter
momentum,2025-03-12 07:30:00+00:00,2025-03-12 08:45:00+00:00,1,9.449999999999818,,True,,no_filter
mean_reversion,2025-03-12 07:30:00+00:00,2025-03-12 15:00:00+00:00,0,-13.25,0.5040996920193241,False,3.0,rf_reg
momentum,2025-03-12 10:15:00+00:00,2025-03-12 14:45:00+00:00,1,8.559999999999945,,True,,no_filter
mean_reversion,2025-03-13 06:15:00+00:00,2025-03-13 13:30:00+00:00,0,-13.25,1.5499235098073503,False,3.0,rf_reg
momentum,2025-03-13 06:15:00+00:00,2025-03-13 08:45:00+00:00,1,3.1900000000000546,,True,,no_filter
momentum,2025-03-14 05:15:00+00:00,2025-03-14 08:30:00+00:00,1,6.934999999999945,,True,,no_filter
mean_reversion,2025-03-14 05:15:00+00:00,2025-03-14 09:30:00+00:00,0,-13.25,2.163671304412637,False,3.0,rf_reg
momentum,2025-03-14 13:45:00+00:00,2025-03-17 06:30:00+00:00,1,4.670000000000073,,True,,no_filter
mean_reversion,2025-03-14 13:45:00+00:00,2025-03-17 10:45:00+00:00,0,-13.25,-0.7105156898273305,False,3.0,rf_reg
momentum,2025-03-17 12:15:00+00:00,2025-03-17 14:30:00+00:00,1,6.809999999999945,,True,,no_filter
mean_reversion,2025-03-17 12:15:00+00:00,2025-03-18 01:45:00+00:00,0,-13.25,1.885569367546547,False,3.0,rf_reg
momentum,2025-03-18 10:00:00+00:00,2025-03-18 12:45:00+00:00,1,9.170000000000073,,True,,no_filter
mean_reversion,2025-03-18 10:00:00+00:00,2025-03-19 03:45:00+00:00,0,-13.25,-1.2876716970144635,False,3.0,rf_reg
momentum,2025-03-18 14:15:00+00:00,2025-03-19 06:00:00+00:00,1,9.515000000000327,,True,,no_filter
momentum,2025-03-19 08:15:00+00:00,2025-03-19 10:30:00+00:00,1,4.119999999999891,,True,,no_filter
mean_reversion,2025-03-19 08:15:00+00:00,2025-03-19 18:30:00+00:00,0,-13.25,-1.86821382790268,False,3.0,rf_reg
momentum,2025-03-19 13:45:00+00:00,2025-03-19 16:15:00+00:00,1,3.0599999999999454,,True,,no_filter
momentum,2025-03-20 03:00:00+00:00,2025-03-20 04:45:00+00:00,1,3.805000000000291,,True,,no_filter
mean_reversion,2025-03-20 03:00:00+00:00,2025-03-21 05:00:00+00:00,1,21.08999999999969,1.5476175853155356,False,3.0,rf_reg
momentum,2025-03-20 06:00:00+00:00,2025-03-20 10:00:00+00:00,0,-13.25,,True,,no_filter
momentum,2025-03-20 14:00:00+00:00,2025-03-20 14:45:00+00:00,1,4.924999999999727,,True,,no_filter
momentum,2025-03-21 02:00:00+00:00,2025-03-21 05:30:00+00:00,0,-13.25,,True,,no_filter
momentum,2025-03-21 15:30:00+00:00,2025-03-24 01:00:00+00:00,0,-9.88000000000011,,True,,no_filter
mean_reversion,2025-03-21 15:30:00+00:00,2025-03-25 13:30:00+00:00,1,14.485000000000127,-2.5281836927368566,False,3.0,rf_reg
momentum,2025-03-24 07:30:00+00:00,2025-03-24 11:45:00+00:00,0,-2.0450000000000728,,True,,no_filter
momentum,2025-03-24 20:45:00+00:00,2025-03-25 11:15:00+00:00,0,-13.25,,True,,no_filter
mean_reversion,2025-03-25 15:30:00+00:00,2025-03-26 00:45:00+00:00,1,5.179999999999836,0.40759588738214414,False,3.0,rf_reg
momentum,2025-03-25 15:30:00+00:00,2025-03-26 02:00:00+00:00,1,1.900000000000091,,True,,no_filter
momentum,2025-03-26 03:30:00+00:00,2025-03-26 06:45:00+00:00,1,7.529999999999745,,True,,no_filter
mean_reversion,2025-03-26 03:30:00+00:00,2025-03-26 04:15:00+00:00,1,3.0799999999999272,0.50170556703606,False,3.0,rf_reg
mean_reversion,2025-03-26 06:00:00+00:00,2025-03-26 06:45:00+00:00,1,1.5149999999998727,0.6947971514158767,False,3.0,rf_reg
momentum,2025-03-26 09:15:00+00:00,2025-03-26 11:15:00+00:00,1,8.565000000000055,,True,,no_filter
mean_reversion,2025-03-26 09:15:00+00:00,2025-03-26 15:45:00+00:00,1,3.9200000000000728,-1.1320411189951998,False,3.0,rf_reg
momentum,2025-03-26 14:00:00+00:00,2025-03-27 03:00:00+00:00,1,13.360000000000127,,True,,no_filter
momentum,2025-03-27 06:30:00+00:00,2025-03-27 08:00:00+00:00,1,9.66000000000031,,True,,no_filter
mean_reversion,2025-03-27 06:30:00+00:00,2025-03-27 09:45:00+00:00,0,-13.25,2.11446049114793,False,3.0,rf_reg
momentum,2025-03-27 13:15:00+00:00,2025-03-27 14:45:00+00:00,1,15.234999999999673,,True,,no_filter
mean_reversion,2025-03-27 13:15:00+00:00,2025-03-27 14:30:00+00:00,0,-13.25,-1.5223286110400887,False,3.0,rf_reg
momentum,2025-03-27 17:00:00+00:00,2025-03-27 18:45:00+00:00,1,4.795000000000073,,True,,no_filter
mean_reversion,2025-03-27 17:00:00+00:00,2025-03-28 01:00:00+00:00,0,-13.25,0.7266700352705477,False,3.0,rf_reg
momentum,2025-03-28 08:15:00+00:00,2025-03-28 09:45:00+00:00,1,6.625,,True,,no_filter
mean_reversion,2025-03-28 08:15:00+00:00,2025-03-28 11:30:00+00:00,0,-13.25,0.6746660100831117,False,3.0,rf_reg
momentum,2025-03-28 15:15:00+00:00,2025-03-28 16:00:00+00:00,1,3.8850000000002183,,True,,no_filter
mean_reversion,2025-03-28 15:15:00+00:00,2025-03-30 22:00:00+00:00,0,-13.25,-0.32133477245845554,False,3.0,rf_reg
mean_reversion,2025-03-31 01:00:00+00:00,2025-03-31 01:30:00+00:00,0,-13.25,-0.3737835369331448,False,3.0,rf_reg
momentum,2025-03-31 01:00:00+00:00,2025-03-31 02:00:00+00:00,1,17.639999999999873,,True,,no_filter
mean_reversion,2025-03-31 13:45:00+00:00,2025-03-31 15:00:00+00:00,0,-13.25,3.6391630063914264,True,3.0,rf_reg
momentum,2025-03-31 13:45:00+00:00,2025-03-31 15:00:00+00:00,1,11.545000000000073,,True,,no_filter
mean_reversion,2025-04-01 06:00:00+00:00,2025-04-02 20:15:00+00:00,0,-13.25,-3.6578250364195295,False,3.0,rf_reg
momentum,2025-04-01 06:00:00+00:00,2025-04-01 15:45:00+00:00,0,-13.25,,True,,no_filter
momentum,2025-04-01 16:00:00+00:00,2025-04-01 18:15:00+00:00,1,9.340000000000146,,True,,no_filter
momentum,2025-04-02 04:45:00+00:00,2025-04-02 08:15:00+00:00,1,12.534999999999854,,True,,no_filter
momentum,2025-04-02 10:45:00+00:00,2025-04-02 20:15:00+00:00,1,30.0,,True,,no_filter
momentum,2025-04-03 00:45:00+00:00,2025-04-03 05:00:00+00:00,0,-13.25,,True,,no_filter
mean_reversion,2025-04-03 00:45:00+00:00,2025-04-03 06:30:00+00:00,1,30.0,0.8447237388182203,False,3.0,rf_reg
mean_reversion,2025-04-03 10:30:00+00:00,2025-04-03 10:45:00+00:00,1,11.779999999999745,3.3767013405033555,True,3.0,rf_reg
momentum,2025-04-03 10:30:00+00:00,2025-04-03 10:45:00+00:00,0,-13.25,,True,,no_filter
mean_reversion,2025-04-03 14:00:00+00:00,2025-04-03 17:15:00+00:00,0,-13.25,0.7571219227382998,False,3.0,rf_reg
momentum,2025-04-03 14:00:00+00:00,2025-04-03 14:30:00+00:00,0,-13.25,,True,,no_filter
momentum,2025-04-04 10:30:00+00:00,2025-04-04 11:00:00+00:00,0,-13.25,,True,,no_filter
mean_reversion,2025-04-04 10:30:00+00:00,2025-04-04 11:45:00+00:00,0,-13.25,2.680396160731441,False,3.0,rf_reg
momentum,2025-04-07 01:30:00+00:00,2025-04-07 03:00:00+00:00,1,30.0,,True,,no_filter
mean_reversion,2025-04-07 01:30:00+00:00,2025-04-07 01:45:00+00:00,0,-13.25,4.765030173600273,True,3.0,rf_reg
momentum,2025-04-09 02:00:00+00:00,2025-04-09 05:15:00+00:00,0,-13.25,,True,,no_filter
mean_reversion,2025-04-09 02:00:00+00:00,2025-04-09 06:45:00+00:00,1,30.0,3.0506417589552206,True,3.0,rf_reg
momentum,2025-04-09 17:30:00+00:00,2025-04-09 18:15:00+00:00,0,-13.25,,True,,no_filter
mean_reversion,2025-04-09 17:30:00+00:00,2025-04-09 19:00:00+00:00,0,-13.25,1.0647738103734097,False,3.0,rf_reg
momentum,2025-04-11 05:45:00+00:00,2025-04-11 08:15:00+00:00,1,30.0,,True,,no_filter
mean_reversion,2025-04-11 05:45:00+00:00,2025-04-11 06:30:00+00:00,0,-13.25,4.582381155182933,True,3.0,rf_reg
mean_reversion,2025-04-13 23:15:00+00:00,2025-04-14 01:15:00+00:00,0,-13.25,3.904882439104375,True,3.0,rf_reg
momentum,2025-04-13 23:15:00+00:00,2025-04-14 01:45:00+00:00,1,21.085000000000036,,True,,no_filter
momentum,2025-04-14 10:30:00+00:00,2025-04-14 11:45:00+00:00,1,15.25500000000011,,True,,no_filter
mean_reversion,2025-04-14 10:30:00+00:00,2025-04-14 11:00:00+00:00,0,-13.25,2.3103607786959475,False,3.0,rf_reg
momentum,2025-04-17 02:00:00+00:00,2025-04-17 03:15:00+00:00,1,7.585000000000036,,True,,no_filter
mean_reversion,2025-04-17 02:00:00+00:00,2025-04-17 14:00:00+00:00,1,30.0,3.6815665469744405,True,3.0,rf_reg
momentum,2025-04-17 07:30:00+00:00,2025-04-17 14:00:00+00:00,0,-13.25,,True,,no_filter
mean_reversion,2025-04-21 17:15:00+00:00,2025-04-21 19:00:00+00:00,0,-13.25,3.4026400259619827,True,3.0,rf_reg
momentum,2025-04-21 17:15:00+00:00,2025-04-21 18:30:00+00:00,1,11.605000000000018,,True,,no_filter
momentum,2025-04-22 00:15:00+00:00,2025-04-22 01:30:00+00:00,1,22.825000000000273,,True,,no_filter
mean_reversion,2025-04-22 00:15:00+00:00,2025-04-22 01:15:00+00:00,0,-13.25,4.125645054618717,True,3.0,rf_reg
momentum,2025-04-22 07:15:00+00:00,2025-04-22 08:30:00+00:00,0,-13.25,,True,,no_filter
mean_reversion,2025-04-22 07:15:00+00:00,2025-04-22 07:30:00+00:00,0,-13.25,0.12173936945588286,False,3.0,rf_reg
momentum,2025-04-22 13:00:00+00:00,2025-04-22 13:30:00+00:00,0,-13.25,,True,,no_filter
mean_reversion,2025-04-22 13:00:00+00:00,2025-04-22 13:30:00+00:00,1,30.0,1.486537018061854,False,3.0,rf_reg
mean_reversion,2025-04-23 01:00:00+00:00,2025-04-23 02:30:00+00:00,0,-13.25,0.8374736674339897,False,3.0,rf_reg
momentum,2025-04-23 01:00:00+00:00,2025-04-23 01:30:00+00:00,0,-13.25,,True,,no_filter
mean_reversion,2025-04-23 09:30:00+00:00,2025-04-23 09:45:00+00:00,0,-13.25,4.433958163060636,True,3.0,rf_reg
momentum,2025-04-23 09:30:00+00:00,2025-04-23 13:00:00+00:00,1,25.86999999999989,,True,,no_filter
mean_reversion,2025-04-23 22:45:00+00:00,2025-04-24 00:30:00+00:00,1,30.0,3.891602566843841,True,3.0,rf_reg
momentum,2025-04-23 22:45:00+00:00,2025-04-24 00:15:00+00:00,0,-13.25,,True,,no_filter
mean_reversion,2025-04-25 04:00:00+00:00,2025-04-25 05:00:00+00:00,1,0.5850000000000364,3.0962305387593823,True,3.0,rf_reg
momentum,2025-04-25 04:00:00+00:00,2025-04-25 05:30:00+00:00,0,-13.25,,True,,no_filter
mean_reversion,2025-04-25 07:30:00+00:00,2025-04-25 11:30:00+00:00,0,-13.25,1.6462812693319748,False,3.0,rf_reg
momentum,2025-04-25 07:30:00+00:00,2025-04-25 13:15:00+00:00,1,30.0,,True,,no_filter
mean_reversion,2025-04-25 20:15:00+00:00,2025-04-28 01:15:00+00:00,0,-13.25,3.9411404557293097,True,3.0,rf_reg
momentum,2025-04-25 20:15:00+00:00,2025-04-27 22:00:00+00:00,0,-13.25,,True,,no_filter
momentum,2025-04-28 03:30:00+00:00,2025-04-28 14:15:00+00:00,0,-13.25,,True,,no_filter
mean_reversion,2025-04-28 03:30:00+00:00,2025-04-28 07:00:00+00:00,0,-13.25,5.193340156308091,True,3.0,rf_reg
mean_reversion,2025-04-28 14:30:00+00:00,2025-04-28 16:15:00+00:00,1,4.375,2.882088496760978,False,3.0,rf_reg
momentum,2025-04-28 14:30:00+00:00,2025-04-28 18:15:00+00:00,0,-13.25,,True,,no_filter
momentum,2025-04-28 22:30:00+00:00,2025-04-29 01:45:00+00:00,0,-13.25,,True,,no_filter
mean_reversion,2025-04-28 22:30:00+00:00,2025-04-29 04:45:00+00:00,1,30.0,4.134742668878001,True,3.0,rf_reg
momentum,2025-04-29 03:30:00+00:00,2025-04-29 12:15:00+00:00,0,-13.25,,True,,no_filter
mean_reversion,2025-04-29 17:00:00+00:00,2025-04-29 17:15:00+00:00,0,-2.125,3.523682357920881,True,3.0,rf_reg
momentum,2025-04-29 17:00:00+00:00,2025-04-30 08:00:00+00:00,1,30.0,,True,,no_filter
mean_reversion,2025-04-30 12:30:00+00:00,2025-04-30 22:00:00+00:00,0,-13.25,2.689721865390751,False,3.0,rf_reg
momentum,2025-04-30 12:30:00+00:00,2025-04-30 13:15:00+00:00,0,-13.25,,True,,no_filter
momentum,2025-05-01 13:15:00+00:00,2025-05-01 15:45:00+00:00,1,10.760000000000218,,True,,no_filter
mean_reversion,2025-05-01 13:15:00+00:00,2025-05-01 15:15:00+00:00,0,-13.25,6.488515014777756,True,3.0,rf_reg
momentum,2025-05-02 03:00:00+00:00,2025-05-02 09:30:00+00:00,0,-13.25,,True,,no_filter
mean_reversion,2025-05-02 03:00:00+00:00,2025-05-02 11:30:00+00:00,1,14.914999999999964,5.148534934689888,True,3.0,rf_reg
momentum,2025-05-05 01:30:00+00:00,2025-05-05 08:30:00+00:00,0,-13.25,,True,,no_filter
mean_reversion,2025-05-05 01:30:00+00:00,2025-05-05 03:15:00+00:00,0,-4.304999999999836,2.2685975548135433,False,3.0,rf_reg
mean_reversion,2025-05-05 04:00:00+00:00,2025-05-05 08:15:00+00:00,0,-13.25,3.9654799841205812,True,3.0,rf_reg
momentum,2025-05-06 03:00:00+00:00,2025-05-06 12:30:00+00:00,1,30.0,,True,,no_filter
mean_reversion,2025-05-06 03:00:00+00:00,2025-05-06 03:15:00+00:00,0,-13.25,4.49012433926565,True,3.0,rf_reg
momentum,2025-05-06 14:45:00+00:00,2025-05-06 16:00:00+00:00,1,10.509999999999764,,True,,no_filter
mean_reversion,2025-05-06 14:45:00+00:00,2025-05-06 15:30:00+00:00,0,-13.25,4.053706036304025,True,3.0,rf_reg
momentum,2025-05-06 22:30:00+00:00,2025-05-06 23:00:00+00:00,0,-13.25,,True,,no_filter
mean_reversion,2025-05-06 22:30:00+00:00,2025-05-07 00:45:00+00:00,1,30.0,1.8879174513176324,False,3.0,rf_reg
momentum,2025-05-07 19:30:00+00:00,2025-05-08 01:15:00+00:00,1,15.914999999999964,,True,,no_filter
mean_reversion,2025-05-07 19:30:00+00:00,2025-05-08 00:15:00+00:00,0,-13.25,1.1158983004337997,False,3.0,rf_reg
mean_reversion,2025-05-08 05:15:00+00:00,2025-05-08 06:00:00+00:00,1,30.0,2.793528772553826,False,3.0,rf_reg
momentum,2025-05-08 05:15:00+00:00,2025-05-08 05:45:00+00:00,0,-13.25,,True,,no_filter
mean_reversion,2025-05-08 13:15:00+00:00,2025-05-08 15:15:00+00:00,0,-13.25,1.7202709210300127,False,3.0,rf_reg
momentum,2025-05-08 13:15:00+00:00,2025-05-08 15:45:00+00:00,1,30.0,,True,,no_filter
mean_reversion,2025-05-08 23:00:00+00:00,2025-05-09 01:15:00+00:00,0,-13.25,4.259615341652033,True,3.0,rf_reg
momentum,2025-05-08 23:00:00+00:00,2025-05-09 01:30:00+00:00,1,30.0,,True,,no_filter
momentum,2025-05-09 03:30:00+00:00,2025-05-09 04:45:00+00:00,0,-13.25,,True,,no_filter
mean_reversion,2025-05-09 03:30:00+00:00,2025-05-09 13:15:00+00:00,1,30.0,1.350803032429413,False,3.0,rf_reg
mean_reversion,2025-05-09 15:30:00+00:00,2025-05-09 19:15:00+00:00,0,-13.25,1.6228631880656923,False,3.0,rf_reg
momentum,2025-05-09 15:30:00+00:00,2025-05-11 22:00:00+00:00,1,30.0,,True,,no_filter
momentum,2025-05-12 00:00:00+00:00,2025-05-12 01:15:00+00:00,1,22.7199999999998,,True,,no_filter
mean_reversion,2025-05-12 00:00:00+00:00,2025-05-12 00:30:00+00:00,0,-13.25,0.90542186290157,False,3.0,rf_reg
mean_reversion,2025-05-12 13:15:00+00:00,2025-05-12 16:45:00+00:00,0,-13.25,2.001260480761873,False,3.0,rf_reg
momentum,2025-05-12 13:15:00+00:00,2025-05-12 17:15:00+00:00,1,14.11999999999989,,True,,no_filter
mean_reversion,2025-05-13 05:00:00+00:00,2025-05-13 12:00:00+00:00,0,-13.25,2.8174438252123397,False,3.0,rf_reg
momentum,2025-05-13 05:00:00+00:00,2025-05-13 13:45:00+00:00,1,30.0,,True,,no_filter
mean_reversion,2025-05-13 15:15:00+00:00,2025-05-14 02:15:00+00:00,0,-13.25,0.9663914226044977,False,3.0,rf_reg
momentum,2025-05-13 15:15:00+00:00,2025-05-14 02:45:00+00:00,1,15.099999999999909,,True,,no_filter
mean_reversion,2025-05-15 07:00:00+00:00,2025-05-15 07:30:00+00:00,0,-13.25,3.6621254482403804,True,3.0,rf_reg
momentum,2025-05-15 07:00:00+00:00,2025-05-15 08:45:00+00:00,0,-13.25,,True,,no_filter
momentum,2025-05-15 13:15:00+00:00,2025-05-15 14:00:00+00:00,0,-13.25,,True,,no_filter
mean_reversion,2025-05-15 13:15:00+00:00,2025-05-15 16:30:00+00:00,1,30.0,-0.8155079989106778,False,3.0,rf_reg
mean_reversion,2025-05-16 00:30:00+00:00,2025-05-16 07:15:00+00:00,1,30.0,3.0728275705315835,True,3.0,rf_reg
momentum,2025-05-16 00:30:00+00:00,2025-05-16 01:15:00+00:00,0,-13.25,,True,,no_filter
momentum,2025-05-16 07:30:00+00:00,2025-05-16 08:00:00+00:00,0,-13.25,,True,,no_filter
mean_reversion,2025-05-16 07:30:00+00:00,2025-05-16 10:45:00+00:00,1,30.0,1.1439087040658837,False,3.0,rf_reg
momentum,2025-05-18 22:15:00+00:00,2025-05-19 00:15:00+00:00,0,-13.25,,True,,no_filter
mean_reversion,2025-05-18 22:15:00+00:00,2025-05-18 23:15:00+00:00,1,7.599999999999909,1.3027548746156639,False,3.0,rf_reg
mean_reversion,2025-05-19 01:30:00+00:00,2025-05-19 08:15:00+00:00,0,-13.25,1.844987748543947,False,3.0,rf_reg
momentum,2025-05-19 01:30:00+00:00,2025-05-19 03:45:00+00:00,0,-13.25,,True,,no_filter
momentum,2025-05-19 13:00:00+00:00,2025-05-19 13:30:00+00:00,0,-13.25,,True,,no_filter
mean_reversion,2025-05-19 13:00:00+00:00,2025-05-20 02:30:00+00:00,1,30.0,3.1276980420293077,True,3.0,rf_reg
momentum,2025-05-20 02:30:00+00:00,2025-05-20 09:00:00+00:00,1,23.039999999999964,,True,,no_filter
mean_reversion,2025-05-20 08:00:00+00:00,2025-05-20 09:00:00+00:00,1,13.039999999999964,3.0150838346954987,True,3.0,rf_reg
momentum,2025-05-21 08:15:00+00:00,2025-05-21 12:15:00+00:00,0,-13.25,,True,,no_filter
mean_reversion,2025-05-21 08:15:00+00:00,2025-05-21 19:00:00+00:00,0,-13.25,0.3099497421887447,False,3.0,rf_reg
momentum,2025-05-21 12:30:00+00:00,2025-05-21 15:30:00+00:00,1,13.224999999999909,,True,,no_filter
mean_reversion,2025-05-22 08:45:00+00:00,2025-05-22 14:00:00+00:00,1,30.0,-0.673238405860683,False,3.0,rf_reg
momentum,2025-05-22 08:45:00+00:00,2025-05-22 10:30:00+00:00,0,-13.25,,True,,no_filter
momentum,2025-05-22 14:00:00+00:00,2025-05-23 04:30:00+00:00,1,23.6550000000002,,True,,no_filter
mean_reversion,2025-05-23 14:00:00+00:00,2025-05-23 14:45:00+00:00,0,-13.25,0.1977263617395846,False,3.0,rf_reg
momentum,2025-05-23 14:00:00+00:00,2025-05-23 15:00:00+00:00,1,13.034999999999854,,True,,no_filter
mean_reversion,2025-05-25 22:30:00+00:00,2025-05-27 05:45:00+00:00,1,30.0,-0.2490089328106253,False,3.0,rf_reg
momentum,2025-05-25 22:30:00+00:00,2025-05-26 00:00:00+00:00,0,-13.25,,True,,no_filter
momentum,2025-05-26 07:15:00+00:00,2025-05-27 03:00:00+00:00,1,9.585000000000036,,True,,no_filter
momentum,2025-05-27 04:45:00+00:00,2025-05-27 05:45:00+00:00,0,-13.25,,True,,no_filter
mean_reversion,2025-05-28 05:30:00+00:00,2025-05-28 15:00:00+00:00,0,-13.25,2.85299771968688,False,3.0,rf_reg
momentum,2025-05-28 05:30:00+00:00,2025-05-28 08:00:00+00:00,0,-13.25,,True,,no_filter
mean_reversion,2025-05-29 01:00:00+00:00,2025-05-29 07:15:00+00:00,1,30.0,0.6976503884924447,False,3.0,rf_reg
momentum,2025-05-29 01:00:00+00:00,2025-05-29 02:00:00+00:00,0,-13.25,,True,,no_filter
momentum,2025-05-29 07:30:00+00:00,2025-05-29 10:15:00+00:00,0,-13.25,,True,,no_filter
mean_reversion,2025-05-29 07:30:00+00:00,2025-05-29 12:15:00+00:00,1,30.0,2.9293339720203466,False,3.0,rf_reg
mean_reversion,2025-05-30 02:30:00+00:00,2025-05-30 05:30:00+00:00,1,0.8550000000000182,1.5564799183195996,False,3.0,rf_reg
momentum,2025-05-30 02:30:00+00:00,2025-05-30 12:00:00+00:00,0,-13.25,,True,,no_filter
mean_reversion,2025-05-30 06:00:00+00:00,2025-05-30 13:45:00+00:00,0,-13.25,0.8172081349240129,False,3.0,rf_reg
momentum,2025-05-30 13:00:00+00:00,2025-05-30 13:45:00+00:00,1,26.074999999999818,,True,,no_filter
momentum,2025-06-01 22:15:00+00:00,2025-06-02 04:45:00+00:00,0,-13.25,,True,,no_filter
mean_reversion,2025-06-01 22:15:00+00:00,2025-06-01 23:45:00+00:00,1,6.169999999999618,1.088390144217359,False,3.0,rf_reg
mean_reversion,2025-06-03 01:00:00+00:00,2025-06-03 14:00:00+00:00,1,30.0,-3.762390104848352,False,3.0,rf_reg
momentum,2025-06-03 01:00:00+00:00,2025-06-03 06:30:00+00:00,0,-13.25,,True,,no_filter
momentum,2025-06-03 14:00:00+00:00,2025-06-03 15:30:00+00:00,1,11.559999999999945,,True,,no_filter
momentum,2025-06-04 04:45:00+00:00,2025-06-04 13:15:00+00:00,1,3.269999999999982,,True,,no_filter
mean_reversion,2025-06-04 04:45:00+00:00,2025-06-04 14:15:00+00:00,0,-13.25,0.547318680981103,False,3.0,rf_reg
mean_reversion,2025-06-04 16:00:00+00:00,2025-06-05 01:00:00+00:00,0,-13.25,1.4470071888256815,False,3.0,rf_reg
momentum,2025-06-04 16:00:00+00:00,2025-06-05 09:30:00+00:00,1,14.300000000000182,,True,,no_filter
mean_reversion,2025-06-05 02:15:00+00:00,2025-06-05 09:15:00+00:00,0,-13.25,3.919058766876994,True,3.0,rf_reg
mean_reversion,2025-06-05 13:00:00+00:00,2025-06-05 15:30:00+00:00,1,30.0,1.0515320588737895,False,3.0,rf_reg
momentum,2025-06-05 13:00:00+00:00,2025-06-05 14:00:00+00:00,0,-13.25,,True,,no_filter
mean_reversion,2025-06-06 04:30:00+00:00,2025-06-06 04:45:00+00:00,1,1.6599999999998545,5.217299401820015,True,3.0,rf_reg
momentum,2025-06-06 04:30:00+00:00,2025-06-06 10:00:00+00:00,1,14.125,,True,,no_filter
mean_reversion,2025-06-06 06:15:00+00:00,2025-06-06 07:00:00+00:00,1,3.3899999999998727,1.3208466033554944,False,3.0,rf_reg
momentum,2025-06-09 03:15:00+00:00,2025-06-09 06:15:00+00:00,0,-13.25,,True,,no_filter
mean_reversion,2025-06-09 03:15:00+00:00,2025-06-09 16:15:00+00:00,1,30.0,1.2126263438438627,False,3.0,rf_reg
mean_reversion,2025-06-10 05:45:00+00:00,2025-06-10 12:15:00+00:00,1,19.434999999999945,0.9183886863020951,False,3.0,rf_reg
momentum,2025-06-10 05:45:00+00:00,2025-06-10 06:30:00+00:00,0,-13.25,,True,,no_filter
momentum,2025-06-10 11:15:00+00:00,2025-06-10 22:00:00+00:00,1,18.595000000000255,,True,,no_filter
mean_reversion,2025-06-10 14:45:00+00:00,2025-06-10 17:00:00+00:00,1,5.985000000000127,-1.9550754815822946,False,3.0,rf_reg
mean_reversion,2025-06-10 19:45:00+00:00,2025-06-11 02:00:00+00:00,1,3.7849999999998545,-0.0732887621277159,False,3.0,rf_reg
momentum,2025-06-11 00:45:00+00:00,2025-06-11 07:45:00+00:00,0,-13.25,,True,,no_filter
momentum,2025-06-11 10:00:00+00:00,2025-06-11 12:30:00+00:00,1,20.029999999999745,,True,,no_filter
mean_reversion,2025-06-11 10:00:00+00:00,2025-06-11 12:30:00+00:00,0,-13.25,-1.1109814250865566,False,3.0,rf_reg
momentum,2025-06-11 14:00:00+00:00,2025-06-11 15:15:00+00:00,1,8.414999999999964,,True,,no_filter
mean_reversion,2025-06-11 14:00:00+00:00,2025-06-11 18:15:00+00:00,0,-13.25,0.397926441194874,False,3.0,rf_reg
momentum,2025-06-11 16:45:00+00:00,2025-06-11 18:15:00+00:00,1,15.38000000000011,,True,,no_filter
mean_reversion,2025-06-12 07:45:00+00:00,2025-06-12 08:15:00+00:00,0,-13.25,2.9147497256585213,False,3.0,rf_reg
momentum,2025-06-12 07:45:00+00:00,2025-06-12 09:00:00+00:00,1,15.565000000000055,,True,,no_filter
momentum,2025-06-12 15:00:00+00:00,2025-06-13 00:00:00+00:00,1,30.0,,True,,no_filter
mean_reversion,2025-06-12 15:00:00+00:00,2025-06-12 23:45:00+00:00,0,-13.25,-2.0671254335616487,False,3.0,rf_reg
mean_reversion,2025-06-13 04:00:00+00:00,2025-06-13 13:00:00+00:00,0,-13.25,0.08332730925561248,False,3.0,rf_reg
momentum,2025-06-13 04:00:00+00:00,2025-06-13 06:45:00+00:00,0,-13.25,,True,,no_filter
momentum,2025-06-13 07:15:00+00:00,2025-06-13 13:00:00+00:00,1,24.539999999999964,,True,,no_filter
momentum,2025-06-13 15:00:00+00:00,2025-06-15 22:15:00+00:00,1,22.654999999999745,,True,,no_filter
mean_reversion,2025-06-13 15:00:00+00:00,2025-06-13 18:45:00+00:00,0,-13.25,-0.6287978845565847,False,3.0,rf_reg
momentum,2025-06-16 04:00:00+00:00,2025-06-16 06:00:00+00:00,0,-13.25,,True,,no_filter
mean_reversion,2025-06-16 04:00:00+00:00,2025-06-16 13:45:00+00:00,1,30.0,0.7651429458456288,False,3.0,rf_reg
momentum,2025-06-16 14:00:00+00:00,2025-06-16 19:00:00+00:00,0,-13.25,,True,,no_filter
mean_reversion,2025-06-16 14:00:00+00:00,2025-06-16 15:00:00+00:00,0,-4.4099999999998545,1.133703859666282,False,3.0,rf_reg
mean_reversion,2025-06-16 15:15:00+00:00,2025-06-16 17:30:00+00:00,0,-13.25,1.352533712339553,False,3.0,rf_reg
mean_reversion,2025-06-16 23:00:00+00:00,2025-06-17 03:00:00+00:00,0,-13.25,4.514582408083719,True,3.0,rf_reg
momentum,2025-06-16 23:00:00+00:00,2025-06-17 04:00:00+00:00,1,5.449999999999818,,True,,no_filter
mean_reversion,2025-06-17 10:15:00+00:00,2025-06-17 14:15:00+00:00,0,-13.25,0.49677078120419754,False,3.0,rf_reg
momentum,2025-06-17 10:15:00+00:00,2025-06-17 12:15:00+00:00,1,5.699999999999818,,True,,no_filter
momentum,2025-06-18 03:45:00+00:00,2025-06-18 06:00:00+00:00,1,6.754999999999654,,True,,no_filter
mean_reversion,2025-06-18 03:45:00+00:00,2025-06-18 07:15:00+00:00,0,-13.25,3.4527458762375116,True,3.0,rf_reg
momentum,2025-06-18 13:30:00+00:00,2025-06-18 19:15:00+00:00,1,27.429999999999836,,True,,no_filter
mean_reversion,2025-06-18 13:30:00+00:00,2025-06-18 14:15:00+00:00,0,-13.25,1.4044364296545493,False,3.0,rf_reg
mean_reversion,2025-06-18 22:30:00+00:00,2025-06-19 05:45:00+00:00,0,-13.25,0.6905905622022495,False,3.0,rf_reg
momentum,2025-06-18 22:30:00+00:00,2025-06-19 06:15:00+00:00,1,25.98999999999978,,True,,no_filter
momentum,2025-06-19 07:45:00+00:00,2025-06-20 02:15:00+00:00,1,8.680000000000291,,True,,no_filter
mean_reversion,2025-06-19 07:45:00+00:00,2025-06-20 02:45:00+00:00,0,-13.25,-0.6684125449774436,False,3.0,rf_reg
mean_reversion,2025-06-20 04:30:00+00:00,2025-06-20 05:45:00+00:00,0,-13.25,2.490342538364109,False,3.0,rf_reg
momentum,2025-06-20 04:30:00+00:00,2025-06-20 06:00:00+00:00,1,9.120000000000346,,True,,no_filter
mean_reversion,2025-06-20 13:45:00+00:00,2025-06-22 22:30:00+00:00,1,9.420000000000073,0.9904170363821644,False,3.0,rf_reg
momentum,2025-06-20 13:45:00+00:00,2025-06-22 22:00:00+00:00,0,-13.25,,True,,no_filter
momentum,2025-06-22 22:15:00+00:00,2025-06-23 01:30:00+00:00,1,17.695000000000164,,True,,no_filter
mean_reversion,2025-06-23 00:15:00+00:00,2025-06-23 01:30:00+00:00,1,4.650000000000091,-1.633501141769428,False,3.0,rf_reg
mean_reversion,2025-06-23 09:15:00+00:00,2025-06-23 11:45:00+00:00,1,15.710000000000036,0.15845284029760107,False,3.0,rf_reg
momentum,2025-06-23 09:15:00+00:00,2025-06-23 11:15:00+00:00,0,-13.25,,True,,no_filter
mean_reversion,2025-06-23 22:15:00+00:00,2025-06-23 23:45:00+00:00,1,12.150000000000091,2.1802188296760368,False,3.0,rf_reg
momentum,2025-06-23 22:15:00+00:00,2025-06-23 23:30:00+00:00,0,-13.25,,True,,no_filter
mean_reversion,2025-06-24 08:00:00+00:00,2025-06-24 12:00:00+00:00,0,-13.25,1.0686740373248909,False,3.0,rf_reg
momentum,2025-06-24 08:00:00+00:00,2025-06-24 12:15:00+00:00,1,17.36499999999978,,True,,no_filter
momentum,2025-06-25 15:15:00+00:00,2025-06-25 19:30:00+00:00,0,-13.25,,True,,no_filter
mean_reversion,2025-06-25 15:15:00+00:00,2025-06-26 03:15:00+00:00,1,16.24499999999989,-0.1992345230407362,False,3.0,rf_reg
momentum,2025-06-26 10:15:00+00:00,2025-06-26 12:45:00+00:00,0,-13.25,,True,,no_filter
mean_reversion,2025-06-26 10:15:00+00:00,2025-06-26 13:30:00+00:00,1,30.0,1.1114645855873493,False,3.0,rf_reg
momentum,2025-06-26 15:45:00+00:00,2025-06-26 22:30:00+00:00,1,5.050000000000182,,True,,no_filter
mean_reversion,2025-06-26 15:45:00+00:00,2025-06-27 02:30:00+00:00,0,-13.25,1.5959544852549779,False,3.0,rf_reg
momentum,2025-06-27 14:30:00+00:00,2025-06-27 17:45:00+00:00,0,-13.25,,True,,no_filter
mean_reversion,2025-06-27 14:30:00+00:00,2025-06-29 22:15:00+00:00,0,-13.25,-1.365153441131688,False,3.0,rf_reg
momentum,2025-06-29 23:45:00+00:00,2025-06-30 02:00:00+00:00,0,-13.25,,True,,no_filter
mean_reversion,2025-06-29 23:45:00+00:00,2025-06-30 06:30:00+00:00,1,30.0,-0.9294407276847357,False,3.0,rf_reg
momentum,2025-06-30 12:45:00+00:00,2025-06-30 16:30:00+00:00,0,-13.25,,True,,no_filter
mean_reversion,2025-06-30 12:45:00+00:00,2025-06-30 19:45:00+00:00,1,26.579999999999927,2.3715406770650107,False,3.0,rf_reg
momentum,2025-07-01 15:15:00+00:00,2025-07-02 03:30:00+00:00,0,-0.7400000000002365,,True,,no_filter
mean_reversion,2025-07-01 15:15:00+00:00,2025-07-02 18:45:00+00:00,0,-13.25,-4.4905293947559635,False,3.0,rf_reg
momentum,2025-07-02 06:45:00+00:00,2025-07-02 10:15:00+00:00,1,9.764999999999873,,True,,no_filter
momentum,2025-07-02 14:00:00+00:00,2025-07-02 22:15:00+00:00,1,30.0,,True,,no_filter
mean_reversion,2025-07-02 23:30:00+00:00,2025-07-03 12:30:00+00:00,1,30.0,-2.0643041364316344,False,3.0,rf_reg
momentum,2025-07-02 23:30:00+00:00,2025-07-03 06:00:00+00:00,1,7.920000000000073,,True,,no_filter
momentum,2025-07-03 08:15:00+00:00,2025-07-03 11:00:00+00:00,0,-7.085000000000036,,True,,no_filter
mean_reversion,2025-07-04 04:00:00+00:00,2025-07-04 07:00:00+00:00,0,-1.2199999999998,2.0492773535199196,False,3.0,rf_reg
momentum,2025-07-04 04:00:00+00:00,2025-07-06 23:30:00+00:00,1,12.349999999999909,,True,,no_filter
mean_reversion,2025-07-04 09:45:00+00:00,2025-07-04 12:30:00+00:00,1,1.5199999999999818,1.3735262771639365,False,3.0,rf_reg
mean_reversion,2025-07-07 06:00:00+00:00,2025-07-07 07:45:00+00:00,0,-13.25,3.378071221119476,True,3.0,rf_reg
momentum,2025-07-07 06:00:00+00:00,2025-07-07 08:00:00+00:00,1,7.400000000000091,,True,,no_filter
mean_reversion,2025-07-07 09:15:00+00:00,2025-07-07 19:00:00+00:00,1,30.0,3.9806305239785784,True,3.0,rf_reg
momentum,2025-07-07 09:15:00+00:00,2025-07-07 10:45:00+00:00,1,5.529999999999745,,True,,no_filter
momentum,2025-07-07 13:00:00+00:00,2025-07-07 14:45:00+00:00,0,-13.25,,True,,no_filter
momentum,2025-07-07 17:15:00+00:00,2025-07-07 22:15:00+00:00,0,-13.25,,True,,no_filter
mean_reversion,2025-07-07 23:30:00+00:00,2025-07-08 11:15:00+00:00,1,11.840000000000146,4.67511232945203,True,3.0,rf_reg
momentum,2025-07-07 23:30:00+00:00,2025-07-08 08:45:00+00:00,0,-13.25,,True,,no_filter
momentum,2025-07-08 17:30:00+00:00,2025-07-09 02:45:00+00:00,1,17.679999999999836,,True,,no_filter
mean_reversion,2025-07-08 17:30:00+00:00,2025-07-09 02:45:00+00:00,0,-13.25,-0.526093580278956,False,3.0,rf_reg
momentum,2025-07-09 13:00:00+00:00,2025-07-09 14:30:00+00:00,0,-13.25,,True,,no_filter
mean_reversion,2025-07-09 13:00:00+00:00,2025-07-09 20:45:00+00:00,1,15.559999999999945,1.4660651028690628,False,3.0,rf_reg
mean_reversion,2025-07-10 12:30:00+00:00,2025-07-11 00:45:00+00:00,0,-13.25,1.059395563929993,False,3.0,rf_reg
momentum,2025-07-10 12:30:00+00:00,2025-07-11 00:45:00+00:00,1,7.670000000000073,,True,,no_filter
mean_reversion,2025-07-11 09:30:00+00:00,2025-07-11 11:30:00+00:00,0,-13.25,-0.14218690698064165,False,3.0,rf_reg
momentum,2025-07-11 09:30:00+00:00,2025-07-11 10:15:00+00:00,1,10.0,,True,,no_filter
mean_reversion,2025-07-11 16:30:00+00:00,2025-07-13 22:00:00+00:00,0,-13.25,-1.9473898724626388,False,3.0,rf_reg
momentum,2025-07-11 16:30:00+00:00,2025-07-11 18:45:00+00:00,1,2.3799999999996544,,True,,no_filter
mean_reversion,2025-07-14 01:45:00+00:00,2025-07-14 07:00:00+00:00,0,-13.25,-0.9301113049619656,False,3.0,rf_reg
momentum,2025-07-14 01:45:00+00:00,2025-07-14 07:00:00+00:00,1,9.254999999999654,,True,,no_filter
mean_reversion,2025-07-14 12:15:00+00:00,2025-07-14 23:30:00+00:00,1,12.144999999999982,-2.0948103595746543,False,3.0,rf_reg
momentum,2025-07-14 12:15:00+00:00,2025-07-14 14:30:00+00:00,0,-13.25,,True,,no_filter
momentum,2025-07-15 12:00:00+00:00,2025-07-15 13:15:00+00:00,0,-13.25,,True,,no_filter
mean_reversion,2025-07-15 12:00:00+00:00,2025-07-15 15:30:00+00:00,1,21.2199999999998,-1.5201350397618587,False,3.0,rf_reg
mean_reversion,2025-07-16 04:15:00+00:00,2025-07-16 14:15:00+00:00,0,-13.25,4.3123643732226355,True,3.0,rf_reg
momentum,2025-07-16 04:15:00+00:00,2025-07-16 13:45:00+00:00,1,8.260000000000218,,True,,no_filter
mean_reversion,2025-07-16 15:00:00+00:00,2025-07-16 16:45:00+00:00,1,0.5,0.8399830469288936,False,3.0,rf_reg
momentum,2025-07-16 15:00:00+00:00,2025-07-16 15:15:00+00:00,0,-13.25,,True,,no_filter
momentum,2025-07-17 14:15:00+00:00,2025-07-17 22:45:00+00:00,0,-13.25,,True,,no_filter
mean_reversion,2025-07-17 14:15:00+00:00,2025-07-17 23:30:00+00:00,1,10.894999999999982,-0.14923050985062047,False,3.0,rf_reg
momentum,2025-07-18 03:30:00+00:00,2025-07-18 07:15:00+00:00,1,9.320000000000164,,True,,no_filter
mean_reversion,2025-07-18 03:30:00+00:00,2025-07-18 03:45:00+00:00,1,1.4200000000000728,2.7151889086335554,False,3.0,rf_reg
mean_reversion,2025-07-18 07:00:00+00:00,2025-07-18 07:15:00+00:00,1,1.430000000000291,2.537806289599112,False,3.0,rf_reg
momentum,2025-07-22 00:15:00+00:00,2025-07-22 12:15:00+00:00,1,5.295000000000073,,True,,no_filter
mean_reversion,2025-07-22 00:15:00+00:00,2025-07-22 13:00:00+00:00,0,-13.25,-0.05945172480959777,False,3.0,rf_reg
mean_reversion,2025-07-23 01:30:00+00:00,2025-07-23 16:00:00+00:00,1,30.0,-3.5451249929285638,False,3.0,rf_reg
momentum,2025-07-23 01:30:00+00:00,2025-07-23 07:00:00+00:00,1,4.264999999999873,,True,,no_filter
momentum,2025-07-23 10:45:00+00:00,2025-07-23 13:15:00+00:00,0,-13.25,,True,,no_filter
momentum,2025-07-24 14:15:00+00:00,2025-07-25 03:15:00+00:00,1,11.940000000000055,,True,,no_filter
mean_reversion,2025-07-24 14:15:00+00:00,2025-07-25 03:45:00+00:00,0,-13.25,1.8690086433522288,False,3.0,rf_reg
mean_reversion,2025-07-25 18:15:00+00:00,2025-07-27 22:45:00+00:00,0,-13.25,3.790357138071705,True,3.0,rf_reg
momentum,2025-07-25 18:15:00+00:00,2025-07-27 22:45:00+00:00,1,8.8449999999998,,True,,no_filter
momentum,2025-07-28 04:00:00+00:00,2025-07-28 12:45:00+00:00,1,13.779999999999745,,True,,no_filter
mean_reversion,2025-07-28 04:00:00+00:00,2025-07-28 12:15:00+00:00,0,-13.25,3.096636800002215,True,3.0,rf_reg
momentum,2025-07-29 01:45:00+00:00,2025-07-29 11:45:00+00:00,1,3.625,,True,,no_filter
mean_reversion,2025-07-29 01:45:00+00:00,2025-07-30 09:45:00+00:00,1,12.375,2.2305815734807397,False,3.0,rf_reg
momentum,2025-07-29 15:00:00+00:00,2025-07-30 13:00:00+00:00,1,20.59999999999991,,True,,no_filter
momentum,2025-07-30 17:15:00+00:00,2025-07-30 18:45:00+00:00,1,18.675000000000182,,True,,no_filter
mean_reversion,2025-07-30 17:15:00+00:00,2025-07-30 18:45:00+00:00,0,-13.25,-1.1958153867480343,False,3.0,rf_reg
momentum,2025-07-30 22:45:00+00:00,2025-07-31 01:45:00+00:00,0,-13.25,,True,,no_filter
mean_reversion,2025-07-30 22:45:00+00:00,2025-07-31 07:45:00+00:00,1,30.0,0.4782507164865404,False,3.0,rf_reg
momentum,2025-07-31 02:15:00+00:00,2025-07-31 07:45:00+00:00,0,-13.25,,True,,no_filter
momentum,2025-07-31 08:15:00+00:00,2025-07-31 11:00:00+00:00,1,9.4050000000002,,True,,no_filter
mean_reversion,2025-07-31 08:15:00+00:00,2025-07-31 10:45:00+00:00,0,-13.25,0.7616661691580152,False,3.0,rf_reg
momentum,2025-07-31 12:15:00+00:00,2025-07-31 14:30:00+00:00,1,9.24499999999989,,True,,no_filter
mean_reversion,2025-07-31 12:15:00+00:00,2025-07-31 14:30:00+00:00,0,-13.25,0.3057071335692114,False,3.0,rf_reg
mean_reversion,2025-08-01 03:15:00+00:00,2025-08-01 12:30:00+00:00,1,30.0,1.0373106319204792,False,3.0,rf_reg
momentum,2025-08-01 03:15:00+00:00,2025-08-01 12:30:00+00:00,0,-13.25,,True,,no_filter
momentum,2025-08-04 01:15:00+00:00,2025-08-04 11:30:00+00:00,1,20.705000000000382,,True,,no_filter
mean_reversion,2025-08-04 01:15:00+00:00,2025-08-04 03:45:00+00:00,0,-13.25,0.9384408843361638,False,3.0,rf_reg
momentum,2025-08-04 15:15:00+00:00,2025-08-05 08:00:00+00:00,0,-0.3550000000000182,,True,,no_filter
mean_reversion,2025-08-04 15:15:00+00:00,2025-08-05 14:45:00+00:00,0,-13.25,-1.649751535672613,False,3.0,rf_reg
momentum,2025-08-05 09:00:00+00:00,2025-08-05 11:00:00+00:00,0,-13.25,,True,,no_filter
momentum,2025-08-05 17:15:00+00:00,2025-08-06 08:15:00+00:00,0,-13.25,,True,,no_filter
mean_reversion,2025-08-05 17:15:00+00:00,2025-08-07 07:15:00+00:00,0,-13.25,-1.236322233946463,False,3.0,rf_reg
momentum,2025-08-06 09:00:00+00:00,2025-08-06 13:30:00+00:00,1,0.17000000000007276,,True,,no_filter
momentum,2025-08-07 08:30:00+00:00,2025-08-07 13:30:00+00:00,1,11.9699999999998,,True,,no_filter
mean_reversion,2025-08-07 08:30:00+00:00,2025-08-07 13:45:00+00:00,0,-13.25,-0.9670102387447242,False,3.0,rf_reg
momentum,2025-08-08 01:00:00+00:00,2025-08-08 04:30:00+00:00,1,13.384999999999764,,True,,no_filter
mean_reversion,2025-08-08 01:00:00+00:00,2025-08-08 03:30:00+00:00,0,-13.25,-1.177255975648869,False,3.0,rf_reg
momentum,2025-08-08 10:45:00+00:00,2025-08-08 12:45:00+00:00,1,6.459999999999582,,True,,no_filter
mean_reversion,2025-08-08 10:45:00+00:00,2025-08-08 12:30:00+00:00,0,-13.25,-0.30618772962492524,False,3.0,rf_reg
mean_reversion,2025-08-08 14:30:00+00:00,2025-08-08 16:30:00+00:00,0,-13.25,-0.5751277680913384,False,3.0,rf_reg
momentum,2025-08-08 14:30:00+00:00,2025-08-08 19:15:00+00:00,1,7.525000000000091,,True,,no_filter
mean_reversion,2025-08-08 18:00:00+00:00,2025-08-11 02:15:00+00:00,1,19.875,1.9514901807718805,False,3.0,rf_reg
momentum,2025-08-11 01:00:00+00:00,2025-08-11 07:00:00+00:00,0,-13.25,,True,,no_filter
mean_reversion,2025-08-11 17:45:00+00:00,2025-08-11 20:45:00+00:00,0,-13.25,5.493566101287877,True,3.0,rf_reg
momentum,2025-08-11 17:45:00+00:00,2025-08-11 22:00:00+00:00,1,11.345000000000255,,True,,no_filter
momentum,2025-08-12 07:45:00+00:00,2025-08-12 14:15:00+00:00,1,20.359999999999673,,True,,no_filter
mean_reversion,2025-08-12 07:45:00+00:00,2025-08-12 11:00:00+00:00,0,-13.25,1.0185862567949457,False,3.0,rf_reg
mean_reversion,2025-08-12 13:45:00+00:00,2025-08-12 14:15:00+00:00,0,-13.25,0.08004142058507417,False,3.0,rf_reg
momentum,2025-08-13 07:00:00+00:00,2025-08-14 00:15:00+00:00,0,-13.25,,True,,no_filter
mean_reversion,2025-08-13 07:00:00+00:00,2025-08-13 10:00:00+00:00,1,5.7599999999997635,2.400360364254685,False,3.0,rf_reg
mean_reversion,2025-08-13 12:15:00+00:00,2025-08-14 00:15:00+00:00,0,-13.25,0.22624643828052185,False,3.0,rf_reg
momentum,2025-08-14 03:30:00+00:00,2025-08-14 07:45:00+00:00,0,-13.25,,True,,no_filter
mean_reversion,2025-08-14 03:30:00+00:00,2025-08-14 08:30:00+00:00,1,10.9699999999998,0.7005790263816885,False,3.0,rf_reg
momentum,2025-08-14 08:00:00+00:00,2025-08-14 16:15:00+00:00,0,-13.25,,True,,no_filter
mean_reversion,2025-08-14 09:15:00+00:00,2025-08-14 12:30:00+00:00,0,-13.25,-1.318610831017827,False,3.0,rf_reg
mean_reversion,2025-08-18 00:30:00+00:00,2025-08-18 04:45:00+00:00,1,16.765000000000327,0.3680957168431475,False,3.0,rf_reg
momentum,2025-08-18 00:30:00+00:00,2025-08-18 04:30:00+00:00,0,-13.25,,True,,no_filter
mean_reversion,2025-08-18 06:15:00+00:00,2025-08-18 14:15:00+00:00,1,13.759999999999764,0.5768391023161479,False,3.0,rf_reg
momentum,2025-08-18 06:15:00+00:00,2025-08-18 13:45:00+00:00,0,-13.25,,True,,no_filter
momentum,2025-08-18 14:00:00+00:00,2025-08-19 14:45:00+00:00,0,-13.25,,True,,no_filter
mean_reversion,2025-08-19 03:15:00+00:00,2025-08-19 13:00:00+00:00,0,-13.25,1.178974341936688,False,3.0,rf_reg
momentum,2025-08-20 06:15:00+00:00,2025-08-20 12:15:00+00:00,0,-13.25,,True,,no_filter
mean_reversion,2025-08-20 06:15:00+00:00,2025-08-20 13:15:00+00:00,1,17.315000000000055,3.405339390402118,True,3.0,rf_reg
momentum,2025-08-21 10:45:00+00:00,2025-08-21 12:15:00+00:00,1,9.260000000000218,,True,,no_filter
mean_reversion,2025-08-21 10:45:00+00:00,2025-08-21 12:00:00+00:00,0,-13.25,1.4143759652579604,False,3.0,rf_reg
momentum,2025-08-22 13:45:00+00:00,2025-08-22 14:00:00+00:00,0,-13.25,,True,,no_filter
mean_reversion,2025-08-22 13:45:00+00:00,2025-08-22 14:15:00+00:00,1,30.0,-0.39785824584990676,False,3.0,rf_reg
momentum,2025-08-22 16:30:00+00:00,2025-08-25 14:15:00+00:00,1,0.1449999999999818,,True,,no_filter
mean_reversion,2025-08-22 16:30:00+00:00,2025-08-26 00:45:00+00:00,0,-13.25,-4.59499912067042,False,3.0,rf_reg
momentum,2025-08-25 20:00:00+00:00,2025-08-25 23:45:00+00:00,0,-13.25,,True,,no_filter
momentum,2025-08-26 09:45:00+00:00,2025-08-26 11:30:00+00:00,1,6.894999999999982,,True,,no_filter
mean_reversion,2025-08-26 09:45:00+00:00,2025-08-26 15:45:00+00:00,0,-13.25,-2.092974667984878,False,3.0,rf_reg
momentum,2025-08-26 13:00:00+00:00,2025-08-26 15:30:00+00:00,1,12.36999999999989,,True,,no_filter
mean_reversion,2025-08-27 01:30:00+00:00,2025-08-28 08:30:00+00:00,0,-13.25,2.1279265877328504,False,3.0,rf_reg
momentum,2025-08-27 01:30:00+00:00,2025-08-27 06:30:00+00:00,0,-6.324999999999818,,True,,no_filter
momentum,2025-08-27 10:15:00+00:00,2025-08-27 12:45:00+00:00,1,4.635000000000218,,True,,no_filter
momentum,2025-08-28 01:00:00+00:00,2025-08-28 03:15:00+00:00,1,0.13000000000010914,,True,,no_filter
momentum,2025-08-28 13:00:00+00:00,2025-08-28 14:15:00+00:00,1,12.625,,True,,no_filter
mean_reversion,2025-08-28 13:00:00+00:00,2025-08-28 14:00:00+00:00,0,-13.25,-1.42171885268572,False,3.0,rf_reg
mean_reversion,2025-08-29 01:30:00+00:00,2025-08-29 13:30:00+00:00,0,-13.25,1.1695218127170635,False,3.0,rf_reg
momentum,2025-08-29 01:30:00+00:00,2025-08-29 08:45:00+00:00,0,-0.03000000000020009,,True,,no_filter
mean_reversion,2025-08-29 18:15:00+00:00,2025-09-01 01:45:00+00:00,0,-13.25,-2.0584417788860834,False,3.0,rf_reg
momentum,2025-08-29 18:15:00+00:00,2025-08-29 20:00:00+00:00,1,2.230000000000018,,True,,no_filter
momentum,2025-09-01 00:15:00+00:00,2025-09-01 02:00:00+00:00,1,13.325000000000273,,True,,no_filter
mean_reversion,2025-09-01 04:15:00+00:00,2025-09-01 06:30:00+00:00,0,-13.25,-2.6577500873614692,False,3.0,rf_reg
momentum,2025-09-01 04:15:00+00:00,2025-09-01 06:30:00+00:00,1,14.0300000000002,,True,,no_filter
momentum,2025-09-01 07:30:00+00:00,2025-09-01 14:15:00+00:00,1,6.394999999999982,,True,,no_filter
mean_reversion,2025-09-01 07:30:00+00:00,2025-09-02 00:30:00+00:00,0,-13.25,-1.6761374682306873,False,3.0,rf_reg
mean_reversion,2025-09-02 06:30:00+00:00,2025-09-02 14:00:00+00:00,0,-13.25,-3.6964391492986306,False,3.0,rf_reg
momentum,2025-09-02 06:30:00+00:00,2025-09-02 07:45:00+00:00,0,-13.25,,True,,no_filter
momentum,2025-09-03 03:45:00+00:00,2025-09-03 11:15:00+00:00,1,14.980000000000018,,True,,no_filter
mean_reversion,2025-09-03 03:45:00+00:00,2025-09-03 11:00:00+00:00,0,-13.25,-0.7385378229876289,False,3.0,rf_reg
momentum,2025-09-03 19:30:00+00:00,2025-09-04 01:30:00+00:00,0,-13.25,,True,,no_filter
mean_reversion,2025-09-03 19:30:00+00:00,2025-09-04 02:45:00+00:00,1,30.0,-0.7822380461667001,False,3.0,rf_reg
momentum,2025-09-04 01:45:00+00:00,2025-09-04 02:45:00+00:00,0,-13.25,,True,,no_filter
momentum,2025-09-09 06:15:00+00:00,2025-09-09 09:15:00+00:00,1,15.010000000000218,,True,,no_filter
mean_reversion,2025-09-09 06:15:00+00:00,2025-09-09 09:00:00+00:00,0,-13.25,-4.425853329180413,False,3.0,rf_reg
momentum,2025-09-09 14:45:00+00:00,2025-09-09 15:15:00+00:00,0,-13.25,,True,,no_filter
mean_reversion,2025-09-09 14:45:00+00:00,2025-09-11 05:45:00+00:00,1,19.984999999999673,-4.77396335130769,False,3.0,rf_reg
momentum,2025-09-09 19:45:00+00:00,2025-09-09 23:15:00+00:00,1,8.590000000000146,,True,,no_filter
momentum,2025-09-10 00:30:00+00:00,2025-09-10 02:45:00+00:00,1,9.980000000000018,,True,,no_filter
momentum,2025-09-10 19:45:00+00:00,2025-09-11 05:30:00+00:00,0,-13.25,,True,,no_filter
momentum,2025-09-11 12:45:00+00:00,2025-09-11 16:00:00+00:00,0,-13.25,,True,,no_filter
mean_reversion,2025-09-11 12:45:00+00:00,2025-09-11 22:15:00+00:00,1,8.445000000000164,-0.07047638434918095,False,3.0,rf_reg
momentum,2025-09-11 16:15:00+00:00,2025-09-12 02:30:00+00:00,0,-13.25,,True,,no_filter
mean_reversion,2025-09-12 09:15:00+00:00,2025-09-15 01:15:00+00:00,1,14.58999999999969,1.679024215152397,False,3.0,rf_reg
momentum,2025-09-12 09:15:00+00:00,2025-09-12 10:30:00+00:00,1,3.5350000000003092,,True,,no_filter
momentum,2025-09-12 12:45:00+00:00,2025-09-12 14:00:00+00:00,1,6.654999999999745,,True,,no_filter
momentum,2025-09-15 02:30:00+00:00,2025-09-15 13:30:00+00:00,0,-13.25,,True,,no_filter
mean_reversion,2025-09-15 02:30:00+00:00,2025-09-15 03:45:00+00:00,1,1.2849999999998545,1.4491340255810643,False,3.0,rf_reg
mean_reversion,2025-09-16 13:15:00+00:00,2025-09-17 08:00:00+00:00,1,30.0,0.13961504510854245,False,3.0,rf_reg
momentum,2025-09-16 13:15:00+00:00,2025-09-16 14:15:00+00:00,0,-1.5750000000002728,,True,,no_filter
momentum,2025-09-17 01:30:00+00:00,2025-09-17 08:15:00+00:00,0,-13.25,,True,,no_filter
momentum,2025-09-17 12:15:00+00:00,2025-09-17 14:00:00+00:00,0,-13.25,,True,,no_filter
mean_reversion,2025-09-17 12:15:00+00:00,2025-09-17 14:45:00+00:00,1,13.860000000000127,-0.45271126006399526,False,3.0,rf_reg
mean_reversion,2025-09-17 18:45:00+00:00,2025-09-17 19:00:00+00:00,0,-13.25,1.6628050858348904,False,3.0,rf_reg
momentum,2025-09-17 18:45:00+00:00,2025-09-18 06:00:00+00:00,0,-13.25,,True,,no_filter
momentum,2025-09-18 07:30:00+00:00,2025-09-18 09:15:00+00:00,0,-13.25,,True,,no_filter
mean_reversion,2025-09-18 07:30:00+00:00,2025-09-18 13:30:00+00:00,0,-13.25,-0.24273437501136325,False,3.0,rf_reg
momentum,2025-09-19 03:45:00+00:00,2025-09-19 06:45:00+00:00,1,6.795000000000073,,True,,no_filter
mean_reversion,2025-09-19 03:45:00+00:00,2025-09-19 15:15:00+00:00,1,17.625,1.2232985865903847,False,3.0,rf_reg
momentum,2025-09-19 13:45:00+00:00,2025-09-19 17:45:00+00:00,0,-13.25,,True,,no_filter
momentum,2025-09-22 12:30:00+00:00,2025-09-22 15:30:00+00:00,1,18.1550000000002,,True,,no_filter
mean_reversion,2025-09-22 12:30:00+00:00,2025-09-22 15:15:00+00:00,0,-13.25,-0.49258448946726713,False,3.0,rf_reg
momentum,2025-09-23 02:30:00+00:00,2025-09-23 05:45:00+00:00,1,10.715000000000146,,True,,no_filter
mean_reversion,2025-09-23 02:30:00+00:00,2025-09-23 05:30:00+00:00,0,-13.25,-1.7888877576670543,False,3.0,rf_reg
momentum,2025-09-23 14:30:00+00:00,2025-09-23 18:45:00+00:00,0,-13.25,,True,,no_filter
mean_reversion,2025-09-23 14:30:00+00:00,2025-09-24 15:30:00+00:00,1,30.0,-3.8727654927531767,False,3.0,rf_reg
momentum,2025-09-23 19:00:00+00:00,2025-09-24 03:45:00+00:00,1,8.199999999999818,,True,,no_filter
momentum,2025-09-24 14:30:00+00:00,2025-09-24 15:45:00+00:00,0,-13.25,,True,,no_filter
momentum,2025-09-24 20:30:00+00:00,2025-09-25 00:00:00+00:00,0,-13.25,,True,,no_filter
mean_reversion,2025-09-24 20:30:00+00:00,2025-09-25 09:30:00+00:00,1,19.710000000000036,0.6680829344137716,False,3.0,rf_reg
momentum,2025-09-25 08:00:00+00:00,2025-09-25 13:30:00+00:00,1,30.0,,True,,no_filter
mean_reversion,2025-09-25 11:15:00+00:00,2025-09-25 13:30:00+00:00,1,23.48999999999978,1.322482510713073,False,3.0,rf_reg
mean_reversion,2025-09-25 18:45:00+00:00,2025-09-25 22:15:00+00:00,0,-5.619999999999891,0.8026867175698345,False,3.0,rf_reg
momentum,2025-09-25 18:45:00+00:00,2025-09-26 14:00:00+00:00,0,-13.25,,True,,no_filter
mean_reversion,2025-09-26 20:00:00+00:00,2025-09-29 00:30:00+00:00,0,-13.25,-0.38704292811161856,False,3.0,rf_reg
momentum,2025-09-26 20:00:00+00:00,2025-09-29 00:45:00+00:00,1,22.085000000000036,,True,,no_filter
mean_reversion,2025-09-29 08:00:00+00:00,2025-09-29 11:30:00+00:00,0,-13.25,-0.4354661965559114,False,3.0,rf_reg
momentum,2025-09-29 08:00:00+00:00,2025-09-29 11:30:00+00:00,1,11.329999999999927,,True,,no_filter
momentum,2025-09-29 13:00:00+00:00,2025-09-29 14:15:00+00:00,1,9.795000000000073,,True,,no_filter
mean_reversion,2025-09-29 13:00:00+00:00,2025-09-29 14:00:00+00:00,0,-13.25,-0.5262284643052589,False,3.0,rf_reg
mean_reversion,2025-09-30 07:00:00+00:00,2025-09-30 08:15:00+00:00,1,30.0,-3.19484469517941,False,3.0,rf_reg
momentum,2025-09-30 07:00:00+00:00,2025-09-30 07:45:00+00:00,0,-13.25,,True,,no_filter
mean_reversion,2025-10-01 13:15:00+00:00,2025-10-02 10:15:00+00:00,0,-13.25,0.24149481254887672,False,3.0,rf_reg
momentum,2025-10-01 13:15:00+00:00,2025-10-01 14:45:00+00:00,0,-13.25,,True,,no_filter
momentum,2025-10-02 14:15:00+00:00,2025-10-02 14:30:00+00:00,0,-13.25,,True,,no_filter
mean_reversion,2025-10-02 14:15:00+00:00,2025-10-02 14:45:00+00:00,1,30.0,0.14840074514968046,False,3.0,rf_reg
mean_reversion,2025-10-02 17:15:00+00:00,2025-10-03 08:30:00+00:00,1,18.63500000000022,-1.7281068971310156,False,3.0,rf_reg
momentum,2025-10-02 17:15:00+00:00,2025-10-02 19:00:00+00:00,0,-13.25,,True,,no_filter
momentum,2025-10-03 06:15:00+00:00,2025-10-03 12:45:00+00:00,0,-13.25,,True,,no_filter
mean_reversion,2025-10-06 06:15:00+00:00,2025-10-06 07:45:00+00:00,0,-13.25,-2.0438337201895354,False,3.0,rf_reg
momentum,2025-10-06 06:15:00+00:00,2025-10-06 08:00:00+00:00,1,18.7800000000002,,True,,no_filter
momentum,2025-10-07 01:45:00+00:00,2025-10-07 07:15:00+00:00,0,-13.25,,True,,no_filter
mean_reversion,2025-10-07 01:45:00+00:00,2025-10-07 03:30:00+00:00,0,-13.25,3.289649045688022,True,3.0,rf_reg
mean_reversion,2025-10-07 07:15:00+00:00,2025-10-07 11:30:00+00:00,0,-13.25,0.3460812811131814,False,3.0,rf_reg
mean_reversion,2025-10-07 16:15:00+00:00,2025-10-07 17:00:00+00:00,0,-13.25,-3.8733271777399705,False,3.0,rf_reg
momentum,2025-10-07 16:15:00+00:00,2025-10-07 17:15:00+00:00,1,11.235000000000127,,True,,no_filter
momentum,2025-10-08 11:15:00+00:00,2025-10-08 15:00:00+00:00,1,4.559999999999945,,True,,no_filter
mean_reversion,2025-10-08 11:15:00+00:00,2025-10-08 13:00:00+00:00,0,-13.25,0.6796674557098643,False,3.0,rf_reg
momentum,2025-10-08 18:15:00+00:00,2025-10-08 19:00:00+00:00,0,-13.25,,True,,no_filter
mean_reversion,2025-10-08 18:15:00+00:00,2025-10-08 22:00:00+00:00,1,30.0,0.8335173329297836,False,3.0,rf_reg
momentum,2025-10-08 22:15:00+00:00,2025-10-08 23:00:00+00:00,0,-13.25,,True,,no_filter
mean_reversion,2025-10-08 22:15:00+00:00,2025-10-09 04:30:00+00:00,0,-13.25,0.3191435728100016,False,3.0,rf_reg
momentum,2025-10-09 14:00:00+00:00,2025-10-09 14:15:00+00:00,0,-13.25,,True,,no_filter
mean_reversion,2025-10-09 14:00:00+00:00,2025-10-09 16:30:00+00:00,1,30.0,-0.6219628585914048,False,3.0,rf_reg
momentum,2025-10-09 19:15:00+00:00,2025-10-10 00:00:00+00:00,0,-13.25,,True,,no_filter
mean_reversion,2025-10-09 19:15:00+00:00,2025-10-09 22:00:00+00:00,0,-13.25,-0.9905692454579126,False,3.0,rf_reg
momentum,2025-10-10 05:30:00+00:00,2025-10-10 08:00:00+00:00,0,-13.25,,True,,no_filter
mean_reversion,2025-10-10 05:30:00+00:00,2025-10-10 07:00:00+00:00,0,-13.25,2.16261141869104,False,3.0,rf_reg
momentum,2025-10-10 08:15:00+00:00,2025-10-10 09:00:00+00:00,0,-13.25,,True,,no_filter
mean_reversion,2025-10-10 08:15:00+00:00,2025-10-10 14:00:00+00:00,0,-13.25,0.25308192478211133,False,3.0,rf_reg
momentum,2025-10-10 15:15:00+00:00,2025-10-10 16:00:00+00:00,1,30.0,,True,,no_filter
mean_reversion,2025-10-10 15:15:00+00:00,2025-10-10 15:45:00+00:00,0,-13.25,0.09154111363258234,False,3.0,rf_reg
momentum,2025-10-10 18:30:00+00:00,2025-10-10 19:30:00+00:00,0,-13.25,,True,,no_filter
mean_reversion,2025-10-10 18:30:00+00:00,2025-10-10 19:45:00+00:00,1,16.049999999999727,1.8188237354728753,False,3.0,rf_reg
momentum,2025-10-14 05:45:00+00:00,2025-10-14 06:00:00+00:00,0,-13.25,,True,,no_filter
mean_reversion,2025-10-14 05:45:00+00:00,2025-10-14 06:15:00+00:00,1,30.0,2.490048986920165,False,3.0,rf_reg
mean_reversion,2025-10-14 12:45:00+00:00,2025-10-14 13:15:00+00:00,0,-13.25,-2.7015455280717253,False,3.0,rf_reg
momentum,2025-10-14 12:45:00+00:00,2025-10-14 14:00:00+00:00,1,30.0,,True,,no_filter
mean_reversion,2025-10-15 09:30:00+00:00,2025-10-15 14:00:00+00:00,0,-13.25,-2.8300698162919744,False,3.0,rf_reg
momentum,2025-10-15 09:30:00+00:00,2025-10-15 12:30:00+00:00,0,-13.25,,True,,no_filter
momentum,2025-10-16 05:45:00+00:00,2025-10-16 07:15:00+00:00,1,28.839999999999236,,True,,no_filter
mean_reversion,2025-10-16 05:45:00+00:00,2025-10-16 06:00:00+00:00,0,-13.25,3.2184099132622266,True,3.0,rf_reg
momentum,2025-10-17 01:30:00+00:00,2025-10-17 02:00:00+00:00,1,30.0,,True,,no_filter
mean_reversion,2025-10-17 01:30:00+00:00,2025-10-17 01:45:00+00:00,0,-13.25,2.162891419521594,False,3.0,rf_reg
momentum,2025-10-17 08:15:00+00:00,2025-10-17 10:30:00+00:00,0,-13.25,,True,,no_filter
mean_reversion,2025-10-17 08:15:00+00:00,2025-10-17 11:30:00+00:00,1,30.0,-3.339154096825082,False,3.0,rf_reg
momentum,2025-10-17 11:45:00+00:00,2025-10-17 12:45:00+00:00,1,30.0,,True,,no_filter
mean_reversion,2025-10-17 11:45:00+00:00,2025-10-17 12:00:00+00:00,0,-13.25,-0.6495743188899618,False,3.0,rf_reg
mean_reversion,2025-10-17 18:30:00+00:00,2025-10-17 19:15:00+00:00,0,-13.25,0.710495535753144,False,3.0,rf_reg
momentum,2025-10-17 18:30:00+00:00,2025-10-17 20:30:00+00:00,0,-13.25,,True,,no_filter
mean_reversion,2025-10-20 01:30:00+00:00,2025-10-20 03:00:00+00:00,0,-13.25,1.8817474196684902,False,3.0,rf_reg
momentum,2025-10-20 01:30:00+00:00,2025-10-20 06:00:00+00:00,1,30.0,,True,,no_filter
mean_reversion,2025-10-20 07:45:00+00:00,2025-10-20 12:15:00+00:00,1,30.0,3.0307400898763053,True,3.0,rf_reg
momentum,2025-10-20 07:45:00+00:00,2025-10-20 11:45:00+00:00,0,-13.25,,True,,no_filter
mean_reversion,2025-10-21 08:00:00+00:00,2025-10-21 08:15:00+00:00,0,-13.25,2.2428794803425456,False,3.0,rf_reg
momentum,2025-10-21 08:00:00+00:00,2025-10-21 09:00:00+00:00,1,30.0,,True,,no_filter
momentum,2025-10-21 16:00:00+00:00,2025-10-21 16:30:00+00:00,1,30.0,,True,,no_filter
mean_reversion,2025-10-21 16:00:00+00:00,2025-10-21 16:15:00+00:00,0,-13.25,-2.8404045353931773,False,3.0,rf_reg
momentum,2025-10-22 01:30:00+00:00,2025-10-22 02:00:00+00:00,0,-13.25,,True,,no_filter
mean_reversion,2025-10-22 01:30:00+00:00,2025-10-22 01:45:00+00:00,0,-13.25,-0.019978472078980736,False,3.0,rf_reg
mean_reversion,2025-10-22 13:15:00+00:00,2025-10-22 13:30:00+00:00,1,30.0,0.29563345419920045,False,3.0,rf_reg
momentum,2025-10-22 13:15:00+00:00,2025-10-22 13:30:00+00:00,0,-13.25,,True,,no_filter
momentum,2025-10-23 06:15:00+00:00,2025-10-23 07:30:00+00:00,1,30.0,,True,,no_filter
mean_reversion,2025-10-23 06:15:00+00:00,2025-10-23 06:45:00+00:00,0,-13.25,1.9662473955102613,False,3.0,rf_reg
mean_reversion,2025-10-23 13:30:00+00:00,2025-10-23 14:15:00+00:00,0,-13.25,2.866177586847907,False,3.0,rf_reg
momentum,2025-10-23 13:30:00+00:00,2025-10-23 19:30:00+00:00,1,30.0,,True,,no_filter
mean_reversion,2025-10-24 12:45:00+00:00,2025-10-24 13:00:00+00:00,1,29.999999999999545,1.3709931726701503,False,3.0,rf_reg
momentum,2025-10-24 12:45:00+00:00,2025-10-24 13:00:00+00:00,0,-13.25,,True,,no_filter
mean_reversion,2025-10-27 01:15:00+00:00,2025-10-27 02:00:00+00:00,0,-13.25,-0.26168333610548616,False,3.0,rf_reg
momentum,2025-10-27 01:15:00+00:00,2025-10-27 04:00:00+00:00,1,30.0,,True,,no_filter
mean_reversion,2025-10-27 05:30:00+00:00,2025-10-27 07:15:00+00:00,0,-13.25,2.038581988514692,False,3.0,rf_reg
momentum,2025-10-27 05:30:00+00:00,2025-10-27 08:45:00+00:00,1,30.0,,True,,no_filter
momentum,2025-10-27 13:00:00+00:00,2025-10-27 14:00:00+00:00,1,30.0,,True,,no_filter
mean_reversion,2025-10-27 13:00:00+00:00,2025-10-27 13:30:00+00:00,0,-13.25,-0.07802356701091967,False,3.0,rf_reg
momentum,2025-10-28 01:30:00+00:00,2025-10-28 02:45:00+00:00,1,30.0,,True,,no_filter
mean_reversion,2025-10-28 01:30:00+00:00,2025-10-28 02:15:00+00:00,0,-13.25,3.040539764094948,True,3.0,rf_reg
momentum,2025-10-28 14:15:00+00:00,2025-10-28 15:30:00+00:00,0,-13.25,,True,,no_filter
mean_reversion,2025-10-28 14:15:00+00:00,2025-10-28 22:00:00+00:00,0,-13.25,0.7452295878994651,False,3.0,rf_reg
momentum,2025-10-29 00:15:00+00:00,2025-10-29 06:45:00+00:00,0,-13.25,,True,,no_filter
mean_reversion,2025-10-29 00:15:00+00:00,2025-10-29 02:30:00+00:00,0,-13.25,0.36252404017248385,False,3.0,rf_reg
mean_reversion,2025-10-29 06:45:00+00:00,2025-10-29 08:00:00+00:00,1,30.0,0.651866469377356,False,3.0,rf_reg
momentum,2025-10-29 18:45:00+00:00,2025-10-29 19:00:00+00:00,0,-13.25,,True,,no_filter
mean_reversion,2025-10-29 18:45:00+00:00,2025-10-29 19:00:00+00:00,0,-1.2199999999998,0.35579636571400897,False,3.0,rf_reg
mean_reversion,2025-10-30 04:30:00+00:00,2025-10-30 05:00:00+00:00,0,-13.25,-1.8425318793691678,False,3.0,rf_reg
momentum,2025-10-30 04:30:00+00:00,2025-10-30 05:15:00+00:00,1,30.0,,True,,no_filter
momentum,2025-10-30 09:15:00+00:00,2025-10-30 10:30:00+00:00,1,30.0,,True,,no_filter
mean_reversion,2025-10-30 09:15:00+00:00,2025-10-30 10:15:00+00:00,0,-13.25,-0.4494191824187211,False,3.0,rf_reg
mean_reversion,2025-10-30 14:15:00+00:00,2025-10-30 14:30:00+00:00,0,-5.1550000000002,0.19518057243834688,False,3.0,rf_reg
momentum,2025-10-30 14:15:00+00:00,2025-10-30 17:45:00+00:00,0,-13.25,,True,,no_filter
mean_reversion,2025-10-31 02:45:00+00:00,2025-10-31 07:30:00+00:00,0,-13.25,-1.0798441507939431,False,3.0,rf_reg
momentum,2025-10-31 02:45:00+00:00,2025-10-31 03:00:00+00:00,0,-13.25,,True,,no_filter
momentum,2025-10-31 16:15:00+00:00,2025-10-31 18:15:00+00:00,1,22.40000000000009,,True,,no_filter
mean_reversion,2025-10-31 16:15:00+00:00,2025-10-31 17:30:00+00:00,0,-13.25,0.5182101365477465,False,3.0,rf_reg
mean_reversion,2025-11-03 01:30:00+00:00,2025-11-03 04:15:00+00:00,1,13.480000000000018,0.09159181340100277,False,3.0,rf_reg
momentum,2025-11-03 01:30:00+00:00,2025-11-03 02:15:00+00:00,0,-13.25,,True,,no_filter
momentum,2025-11-03 10:15:00+00:00,2025-11-03 15:00:00+00:00,1,30.0,,True,,no_filter
mean_reversion,2025-11-03 10:15:00+00:00,2025-11-03 12:45:00+00:00,0,-13.25,0.47696416816781256,False,3.0,rf_reg
momentum,2025-11-03 16:30:00+00:00,2025-11-03 23:00:00+00:00,0,-13.25,,True,,no_filter
mean_reversion,2025-11-03 16:30:00+00:00,2025-11-04 00:00:00+00:00,1,8.965000000000146,0.8223278956366463,False,3.0,rf_reg
momentum,2025-11-03 23:15:00+00:00,2025-11-04 00:30:00+00:00,0,-13.25,,True,,no_filter
mean_reversion,2025-11-04 07:30:00+00:00,2025-11-04 13:30:00+00:00,0,-13.25,1.9113571305780703,False,3.0,rf_reg
momentum,2025-11-04 07:30:00+00:00,2025-11-04 14:15:00+00:00,1,30.0,,True,,no_filter
momentum,2025-11-04 16:00:00+00:00,2025-11-04 18:15:00+00:00,1,12.989999999999782,,True,,no_filter
mean_reversion,2025-11-04 16:00:00+00:00,2025-11-04 18:00:00+00:00,0,-13.25,-1.8886138376039474,False,3.0,rf_reg
momentum,2025-11-05 03:45:00+00:00,2025-11-05 05:15:00+00:00,0,-13.25,,True,,no_filter
mean_reversion,2025-11-05 03:45:00+00:00,2025-11-05 17:00:00+00:00,1,23.320000000000164,1.9334702969333368,False,3.0,rf_reg
momentum,2025-11-06 14:30:00+00:00,2025-11-06 15:00:00+00:00,0,-13.25,,True,,no_filter
mean_reversion,2025-11-06 14:30:00+00:00,2025-11-06 17:15:00+00:00,1,30.0,-1.9411770835307478,False,3.0,rf_reg
momentum,2025-11-07 15:45:00+00:00,2025-11-07 16:30:00+00:00,1,30.0,,True,,no_filter
mean_reversion,2025-11-07 15:45:00+00:00,2025-11-07 16:15:00+00:00,0,-13.25,2.6992636523221636,False,3.0,rf_reg
momentum,2025-11-10 14:30:00+00:00,2025-11-10 18:15:00+00:00,1,30.0,,True,,no_filter
mean_reversion,2025-11-10 14:30:00+00:00,2025-11-10 16:30:00+00:00,0,-13.25,-0.7270028125713854,False,3.0,rf_reg
mean_reversion,2025-11-11 05:45:00+00:00,2025-11-11 09:00:00+00:00,0,-13.25,0.04441473921503533,False,3.0,rf_reg
momentum,2025-11-11 05:45:00+00:00,2025-11-11 09:15:00+00:00,1,12.859999999999673,,True,,no_filter
mean_reversion,2025-11-11 15:00:00+00:00,2025-11-11 23:15:00+00:00,0,-13.25,-2.4650988993538414,False,3.0,rf_reg
momentum,2025-11-11 15:00:00+00:00,2025-11-11 15:15:00+00:00,0,-13.25,,True,,no_filter
momentum,2025-11-12 01:30:00+00:00,2025-11-12 02:45:00+00:00,0,-13.25,,True,,no_filter
mean_reversion,2025-11-12 01:30:00+00:00,2025-11-12 04:00:00+00:00,1,30.0,1.164549727790585,False,3.0,rf_reg
mean_reversion,2025-11-13 14:15:00+00:00,2025-11-13 18:30:00+00:00,1,30.0,-3.701425711645244,False,3.0,rf_reg
momentum,2025-11-13 14:15:00+00:00,2025-11-13 14:30:00+00:00,0,-13.25,,True,,no_filter
momentum,2025-11-13 18:45:00+00:00,2025-11-14 00:15:00+00:00,1,30.0,,True,,no_filter
mean_reversion,2025-11-13 18:45:00+00:00,2025-11-13 21:00:00+00:00,0,-13.25,0.6100227712250224,False,3.0,rf_reg
mean_reversion,2025-11-14 07:00:00+00:00,2025-11-14 08:30:00+00:00,0,-13.25,-0.6266154130095939,False,3.0,rf_reg
momentum,2025-11-14 07:00:00+00:00,2025-11-14 08:45:00+00:00,1,4.635000000000218,,True,,no_filter
mean_reversion,2025-11-14 15:00:00+00:00,2025-11-14 16:30:00+00:00,1,30.000000000000455,-3.176421078394061,False,3.0,rf_reg
momentum,2025-11-14 15:00:00+00:00,2025-11-14 15:45:00+00:00,0,-13.25,,True,,no_filter
mean_reversion,2025-11-16 23:30:00+00:00,2025-11-17 00:00:00+00:00,0,-13.25,1.8568215928152692,False,3.0,rf_reg
momentum,2025-11-16 23:30:00+00:00,2025-11-17 03:00:00+00:00,1,30.0,,True,,no_filter
mean_reversion,2025-11-17 08:00:00+00:00,2025-11-17 08:30:00+00:00,0,-13.25,1.7918074727575717,False,3.0,rf_reg
momentum,2025-11-17 08:00:00+00:00,2025-11-17 11:30:00+00:00,1,9.784999999999854,,True,,no_filter
mean_reversion,2025-11-17 21:00:00+00:00,2025-11-17 23:45:00+00:00,0,-13.25,1.8217679343078979,False,3.0,rf_reg
momentum,2025-11-17 21:00:00+00:00,2025-11-18 03:00:00+00:00,1,30.0,,True,,no_filter
mean_reversion,2025-11-18 08:45:00+00:00,2025-11-18 13:30:00+00:00,1,30.0,-0.4810535558251521,False,3.0,rf_reg
momentum,2025-11-18 08:45:00+00:00,2025-11-18 10:45:00+00:00,0,-13.25,,True,,no_filter
mean_reversion,2025-11-18 13:45:00+00:00,2025-11-18 15:45:00+00:00,0,-13.25,-1.4560463124499141,False,3.0,rf_reg
momentum,2025-11-18 13:45:00+00:00,2025-11-18 14:15:00+00:00,0,-13.25,,True,,no_filter
mean_reversion,2025-11-19 16:15:00+00:00,2025-11-19 18:45:00+00:00,0,-13.25,0.8357255776144458,False,3.0,rf_reg
momentum,2025-11-19 16:15:00+00:00,2025-11-19 17:00:00+00:00,0,-13.25,,True,,no_filter
mean_reversion,2025-11-20 02:00:00+00:00,2025-11-20 03:00:00+00:00,0,-13.25,0.3626995791537871,False,3.0,rf_reg
momentum,2025-11-20 02:00:00+00:00,2025-11-20 02:15:00+00:00,0,-13.25,,True,,no_filter
momentum,2025-11-20 12:45:00+00:00,2025-11-20 13:30:00+00:00,0,-13.25,,True,,no_filter
mean_reversion,2025-11-20 12:45:00+00:00,2025-11-20 13:30:00+00:00,0,-13.25,-0.39804204114282427,False,3.0,rf_reg
mean_reversion,2025-11-20 19:45:00+00:00,2025-11-21 00:45:00+00:00,0,-13.25,-0.5667935458969193,False,3.0,rf_reg
momentum,2025-11-20 19:45:00+00:00,2025-11-21 03:00:00+00:00,1,30.0,,True,,no_filter
momentum,2025-11-21 09:15:00+00:00,2025-11-21 10:30:00+00:00,1,22.75,,True,,no_filter
mean_reversion,2025-11-21 09:15:00+00:00,2025-11-21 10:00:00+00:00,0,-13.25,-2.3195141714622443,False,3.0,rf_reg
mean_reversion,2025-11-21 12:45:00+00:00,2025-11-21 16:45:00+00:00,1,29.999999999999545,-2.8132273711446945,False,3.0,rf_reg
momentum,2025-11-21 12:45:00+00:00,2025-11-21 13:45:00+00:00,0,-13.25,,True,,no_filter
mean_reversion,2025-11-21 17:00:00+00:00,2025-11-21 17:30:00+00:00,0,-1.175000000000182,1.1887026145191273,False,3.0,rf_reg
momentum,2025-11-21 17:00:00+00:00,2025-11-24 01:00:00+00:00,1,30.0,,True,,no_filter
mean_reversion,2025-11-21 20:45:00+00:00,2025-11-24 01:15:00+00:00,1,11.829999999999927,1.0432355891853446,False,3.0,rf_reg
mean_reversion,2025-11-25 09:00:00+00:00,2025-11-25 13:15:00+00:00,0,-13.25,2.93087511306951,False,3.0,rf_reg
momentum,2025-11-25 09:00:00+00:00,2025-11-25 10:15:00+00:00,1,3.9099999999998545,,True,,no_filter
momentum,2025-11-25 14:45:00+00:00,2025-11-25 17:15:00+00:00,1,24.539999999999964,,True,,no_filter
mean_reversion,2025-11-25 14:45:00+00:00,2025-11-25 16:15:00+00:00,0,-13.25,0.21556037661629004,False,3.0,rf_reg
momentum,2025-11-25 19:00:00+00:00,2025-11-26 02:30:00+00:00,1,23.31500000000051,,True,,no_filter
mean_reversion,2025-11-25 19:00:00+00:00,2025-11-26 01:30:00+00:00,0,-13.25,0.36590442927750544,False,3.0,rf_reg
mean_reversion,2025-11-26 06:45:00+00:00,2025-11-26 08:00:00+00:00,0,-13.25,1.4154615828954236,False,3.0,rf_reg
momentum,2025-11-26 06:45:00+00:00,2025-11-26 08:15:00+00:00,1,16.574999999999818,,True,,no_filter
mean_reversion,2025-11-26 13:00:00+00:00,2025-11-28 00:30:00+00:00,0,-13.25,0.46161234461716505,False,3.0,rf_reg
momentum,2025-11-26 13:00:00+00:00,2025-11-26 14:00:00+00:00,0,-13.25,,True,,no_filter
mean_reversion,2025-11-28 08:00:00+00:00,2025-11-28 11:15:00+00:00,0,-13.25,2.3304471491622634,False,3.0,rf_reg
momentum,2025-11-28 08:00:00+00:00,2025-11-28 10:00:00+00:00,1,7.149999999999636,,True,,no_filter
momentum,2025-12-01 03:15:00+00:00,2025-12-01 05:15:00+00:00,0,-13.25,,True,,no_filter
mean_reversion,2025-12-01 03:15:00+00:00,2025-12-01 08:00:00+00:00,0,-13.25,-2.9346348580062913,False,3.0,rf_reg
momentum,2025-12-01 14:45:00+00:00,2025-12-01 15:15:00+00:00,0,-13.25,,True,,no_filter
mean_reversion,2025-12-01 14:45:00+00:00,2025-12-02 01:00:00+00:00,1,30.0,2.582658887183457,False,3.0,rf_reg
momentum,2025-12-02 01:15:00+00:00,2025-12-02 09:15:00+00:00,0,-13.25,,True,,no_filter
mean_reversion,2025-12-02 01:15:00+00:00,2025-12-02 09:30:00+00:00,1,30.0,0.29451703931590406,False,3.0,rf_reg
momentum,2025-12-02 12:00:00+00:00,2025-12-02 14:00:00+00:00,0,-13.25,,True,,no_filter
mean_reversion,2025-12-02 12:00:00+00:00,2025-12-02 15:15:00+00:00,0,-13.25,-0.7397499847528666,False,3.0,rf_reg
momentum,2025-12-02 17:15:00+00:00,2025-12-02 20:30:00+00:00,0,-13.25,,True,,no_filter
mean_reversion,2025-12-02 17:15:00+00:00,2025-12-03 02:00:00+00:00,1,30.0,0.36074512542993287,False,3.0,rf_reg
mean_reversion,2025-12-03 05:45:00+00:00,2025-12-03 09:15:00+00:00,1,7.684999999999491,1.3571060234233012,False,3.0,rf_reg
momentum,2025-12-03 05:45:00+00:00,2025-12-03 13:45:00+00:00,1,30.0,,True,,no_filter
mean_reversion,2025-12-03 15:15:00+00:00,2025-12-03 19:30:00+00:00,1,12.979999999999563,-1.3255328258406283,False,3.0,rf_reg
momentum,2025-12-03 15:15:00+00:00,2025-12-03 16:45:00+00:00,0,-13.25,,True,,no_filter
momentum,2025-12-04 10:15:00+00:00,2025-12-04 14:30:00+00:00,0,-13.25,,True,,no_filter
mean_reversion,2025-12-04 10:15:00+00:00,2025-12-04 13:00:00+00:00,0,-13.25,2.26117067398643,False,3.0,rf_reg
mean_reversion,2025-12-04 14:15:00+00:00,2025-12-04 14:30:00+00:00,0,-13.25,0.39616227873062587,False,3.0,rf_reg
mean_reversion,2025-12-05 16:15:00+00:00,2025-12-05 21:30:00+00:00,1,22.234999999999673,3.455973614207174,True,3.0,rf_reg
momentum,2025-12-05 16:15:00+00:00,2025-12-05 19:45:00+00:00,0,-13.25,,True,,no_filter
mean_reversion,2025-12-08 16:30:00+00:00,2025-12-09 05:30:00+00:00,0,-13.25,-2.1763043477935575,False,3.0,rf_reg
momentum,2025-12-08 16:30:00+00:00,2025-12-09 05:45:00+00:00,1,14.149999999999636,,True,,no_filter
momentum,2025-12-09 08:45:00+00:00,2025-12-09 09:00:00+00:00,0,-13.25,,True,,no_filter
mean_reversion,2025-12-09 08:45:00+00:00,2025-12-09 16:00:00+00:00,1,26.850000000000364,1.0985921431943637,False,3.0,rf_reg
momentum,2025-12-09 15:30:00+00:00,2025-12-09 16:00:00+00:00,0,-13.25,,True,,no_filter
mean_reversion,2025-12-09 18:00:00+00:00,2025-12-10 09:45:00+00:00,1,11.889999999999418,1.0041535654987785,False,3.0,rf_reg
momentum,2025-12-09 18:00:00+00:00,2025-12-10 09:45:00+00:00,0,-13.25,,True,,no_filter
momentum,2025-12-10 17:00:00+00:00,2025-12-10 19:00:00+00:00,0,-13.25,,True,,no_filter
mean_reversion,2025-12-10 17:00:00+00:00,2025-12-10 19:30:00+00:00,0,-13.25,3.735337190415192,True,3.0,rf_reg
momentum,2025-12-11 03:00:00+00:00,2025-12-11 14:30:00+00:00,1,30.0,,True,,no_filter
mean_reversion,2025-12-11 03:00:00+00:00,2025-12-11 10:00:00+00:00,0,-13.25,-1.015370013429385,False,3.0,rf_reg
momentum,2025-12-12 15:30:00+00:00,2025-12-12 15:45:00+00:00,0,-13.25,,True,,no_filter
mean_reversion,2025-12-12 15:30:00+00:00,2025-12-12 15:45:00+00:00,1,30.0,6.000000068072449,True,3.0,rf_reg
