phase,trades,wins,losses,win_rate_pct,profit_factor_pips,avg_pnl_pips,gross_profit_pips,gross_loss_pips,trades_per_day,trades_per_week,active_days,trades_per_active_day,active_weeks,trades_per_active_week,market,symbol,pip_size,exclude,reason
mean_reversion,55,43,12,78.18181818181819,1.4320916905443755,2.803509090908799,511.04549999997806,356.85249999999394,0.07722007722007722,0.5405405405405406,50,1.1,39,1.4102564102564104,forex,AUDUSD,0.0001,False,
mean_reversion,55,45,10,81.81818181818183,1.647295313382182,5.210727272726585,729.339999999964,442.75000000000176,0.0763149146515964,0.5342044025611749,49,1.1224489795918366,43,1.2790697674418605,forex,EURUSD,0.0001,False,
mean_reversion,55,44,11,80.0,1.0820227437696304,1.232727272726835,894.3999999999687,826.5999999999929,0.07626971745536489,0.5338880221875542,50,1.1,43,1.2790697674418605,forex,GBPUSD,0.0001,False,
mean_reversion,69,55,14,79.71014492753623,0.6620758691950462,-4.023995652174195,543.9952999999755,821.6509999999948,0.0984293504911066,0.6890054534377462,61,1.1311475409836065,47,1.4680851063829787,forex,NZDUSD,0.0001,True,PF<1 avg<=0 
mean_reversion,44,26,18,59.09090909090909,0.48749374687342345,-9.313636363636569,389.79999999998773,799.5999999999966,0.06827990883080355,0.4779593618156249,40,1.1,34,1.2941176470588236,forex,USDCAD,0.0001,True,PF<1 avg<=0 
mean_reversion,53,44,9,83.01886792452831,1.319605325306595,2.7679075471695467,605.699899999982,459.000799999996,0.07636658361600576,0.5345660853120403,51,1.0392156862745099,40,1.325,forex,USDCHF,0.0001,False,
mean_reversion,49,40,9,81.63265306122449,1.1281005030034146,2.3231734693879655,1002.4776000000088,888.6420999999984,0.06928345238971942,0.48498416672803596,44,1.1136363636363635,34,1.4411764705882353,forex,USDJPY,0.01,False,
mean_reversion,59,46,13,77.96610169491525,1.1422637590861626,2.3220338983046283,1099.999999999961,962.999999999988,0.08283608283608283,0.5798525798525799,56,1.0535714285714286,47,1.2553191489361701,futures,6A,5e-05,False,
mean_reversion,54,47,7,87.03703703703704,1.764900662251632,8.555555555555243,1065.99999999998,603.9999999999968,0.0748829953198128,0.5241809672386896,49,1.1020408163265305,41,1.3170731707317074,futures,6B,0.0001,False,
mean_reversion,50,35,15,70.0,0.8065902578796262,-2.7000000000003954,562.999999999974,697.9999999999936,0.07386092603136012,0.5170264822195209,47,1.0638297872340425,41,1.2195121951219512,futures,6C,5e-05,True,PF<1 avg<=0 
mean_reversion,53,43,10,81.13207547169812,1.2127838519764194,4.773584905659652,1441.9999999999575,1188.9999999999957,0.07681623286430339,0.5377136300501238,49,1.0816326530612246,43,1.2325581395348837,futures,6E,5e-05,False,
mean_reversion,57,46,11,80.7017543859649,1.3680412371136874,6.263157894740416,1327.0000000000052,969.9999999998015,0.08059503645334708,0.5641652551734295,50,1.14,37,1.5405405405405406,futures,6J,5e-07,False,
mean_reversion,45,34,11,75.55555555555556,0.7290589451913142,-11.644444444444405,1410.0000000000007,1933.9999999999986,0.06445644713676106,0.4511951299573274,41,1.0975609756097562,35,1.2857142857142858,futures,CL,0.01,True,PF<1 avg<=0 
mean_reversion,35,27,8,77.14285714285715,1.542353610005685,27.257142857142856,2713.0,1759.0,0.058602947588732884,0.41022063312113016,35,1.0,30,1.1666666666666667,futures,ES,0.25,False,
mean_reversion,46,36,10,78.26086956521739,0.6287644787644767,-41.804347826087096,3256.99999999998,5179.999999999985,0.06579947253140227,0.46059630771981586,41,1.1219512195121952,32,1.4375,futures,GC,0.1,True,PF<1 avg<=0 
mean_reversion,44,37,7,84.0909090909091,0.47859671709043744,-36.818181818182076,1486.9999999999893,3107.0000000000005,0.06172099887487763,0.4320469921241434,37,1.1891891891891893,31,1.4193548387096775,futures,HG,0.0005,True,PF<1 avg<=0 
mean_reversion,39,32,7,82.05128205128204,0.7861328124999992,-11.230769230769269,1609.9999999999989,2048.0000000000005,0.056857355464775466,0.39800148825342824,34,1.1470588235294117,31,1.2580645161290323,futures,NG,0.001,True,PF<1 avg<=0 
mean_reversion,29,25,4,86.20689655172413,1.1827891364052487,41.310344827586206,7752.0,6554.0,0.04171849010234817,0.29202943071643717,28,1.0357142857142858,22,1.3181818181818181,futures,NQ,0.25,False,
mean_reversion,37,33,4,89.1891891891892,0.874023437500002,-10.459459459459287,2685.0000000000045,3071.999999999998,0.05139781212015975,0.35978468484111825,35,1.0571428571428572,32,1.15625,futures,RTY,0.1,True,PF<1 avg<=0 
mean_reversion,41,35,6,85.36585365853658,1.8547579298831307,12.487804878048701,1110.9999999999982,599.0000000000016,0.05849308961212662,0.4094516272848863,41,1.0,36,1.1388888888888888,futures,SI,0.005,False,
mean_reversion,37,32,5,86.48648648648648,1.497175141242938,38.054054054054056,4240.0,2832.0,0.05435514476342045,0.38048601334394316,32,1.15625,24,1.5416666666666667,futures,YM,1.0,False,
mean_reversion,39,29,10,74.35897435897436,1.3404255319148937,1.641025641025641,252.0,188.0,0.056183316076171615,0.3932832125332013,36,1.0833333333333333,30,1.3,futures,ZB,0.03125,False,
mean_reversion,37,35,2,94.5945945945946,31.88888888888889,7.513513513513513,287.0,9.0,0.05639527499047377,0.3947669249333164,35,1.0571428571428572,27,1.3703703703703705,futures,ZN,0.015625,False,
mean_reversion,53,48,5,90.56603773584906,1.416996546786824,233.53773584905466,42059.999999999876,29682.49999999998,0.0757864632983794,0.5305052430886559,51,1.0392156862745099,40,1.325,gold_spot,XAUUSD,0.01,False,
momentum,109,92,17,84.40366972477065,1.2943007214156674,2.4857559633023896,1191.5954999999492,920.648099999989,0.15732499398604763,1.1012749579023333,100,1.09,67,1.626865671641791,forex,AUDUSD,0.0001,False,
momentum,71,53,18,74.64788732394366,1.0403130137983925,0.5456338028166057,999.7199999999729,960.9799999999939,0.10090303478904515,0.706321243523316,65,1.0923076923076922,51,1.392156862745098,forex,EURUSD,0.0001,False,
momentum,92,71,21,77.17391304347827,0.839755154639149,-2.703260869565653,1303.2999999999556,1551.9999999999957,0.12796105533098623,0.8957273873169035,84,1.0952380952380953,62,1.4838709677419355,forex,GBPUSD,0.0001,True,PF<1 avg<=0 
momentum,96,76,20,79.16666666666666,0.9742093026527785,-0.2329291666670025,844.6645999999589,867.0257999999912,0.13577500478807253,0.9504250335165078,87,1.103448275862069,61,1.5737704918032787,forex,NZDUSD,0.0001,True,PF<1 avg<=0 
momentum,68,56,12,82.35294117647058,1.9918953766807483,7.919117647058397,1081.399999999964,542.8999999999928,0.1007422954057933,0.705196067840553,63,1.0793650793650793,46,1.4782608695652173,forex,USDCAD,0.0001,False,
momentum,83,68,15,81.92771084337349,2.4150571134903878,10.536167469879228,1492.4994999999676,617.9975999999918,0.11597409213303253,0.8118186449312277,74,1.1216216216216217,58,1.4310344827586208,forex,USDCHF,0.0001,False,
momentum,70,54,16,77.14285714285715,0.8687432674542233,-3.817880142857299,1768.8466899999921,2036.0983000000033,0.09811794594752442,0.6868256216326709,64,1.09375,51,1.3725490196078431,forex,USDJPY,0.01,True,PF<1 avg<=0 
momentum,91,69,22,75.82417582417582,1.1049608355091105,2.2087912087905974,2115.9999999999263,1914.9999999999816,0.1295738716423666,0.9070171014965663,86,1.058139534883721,62,1.467741935483871,futures,6A,5e-05,False,
momentum,98,80,18,81.63265306122449,0.7339825730394486,-5.295918367347285,1431.999999999959,1950.999999999993,0.13568317517090195,0.9497822261963137,86,1.1395348837209303,56,1.75,futures,6B,0.0001,True,PF<1 avg<=0 
momentum,74,62,12,83.78378378378379,2.63733333333325,8.297297297296646,988.9999999999413,374.99999999998965,0.10555250137438153,0.7388675096206707,68,1.088235294117647,49,1.510204081632653,futures,6C,5e-05,False,
momentum,79,63,16,79.74683544303798,0.8582507539853348,-4.164556962025773,1991.9999999999516,2320.9999999999877,0.11241551049448595,0.7869085734614016,72,1.0972222222222223,52,1.5192307692307692,futures,6E,5e-05,True,PF<1 avg<=0 
momentum,64,52,12,81.25,1.5466794995190676,8.875000000003158,1607.0000000000025,1038.9999999998004,0.09049267250902128,0.633448707563149,58,1.103448275862069,43,1.4883720930232558,futures,6J,5e-07,False,
momentum,74,60,14,81.08108108108108,1.8184855233853097,19.864864864865027,3266.0000000000064,1795.9999999999945,0.10390066254223158,0.7273046377956212,66,1.121212121212121,51,1.4509803921568627,futures,CL,0.01,False,
momentum,81,67,14,82.71604938271605,1.437088903034161,25.432098765432098,6773.0,4713.0,0.111520644800436,0.780644513603052,76,1.0657894736842106,58,1.396551724137931,futures,ES,0.25,False,
momentum,74,54,20,72.97297297297297,0.45333617868829146,-103.85135135135133,6373.0,14057.999999999996,0.10334744468205823,0.7234321127744076,70,1.0571428571428572,56,1.3214285714285714,futures,GC,0.1,True,PF<1 avg<=0 
momentum,84,62,22,73.80952380952381,0.7943999999999972,-9.178571428571548,2978.9999999999905,3750.0000000000014,0.11654189669624533,0.8157932768737173,72,1.1666666666666667,57,1.4736842105263157,futures,HG,0.0005,True,PF<1 avg<=0 
momentum,55,37,18,67.27272727272727,0.6632620491541643,-19.181818181818233,2077.9999999999964,3132.999999999999,0.07714335807375372,0.540003506516276,53,1.0377358490566038,43,1.2790697674418605,futures,NG,0.001,True,PF<1 avg<=0 
momentum,62,52,10,83.87096774193549,3.321802784555763,260.9032258064516,23143.0,6967.0,0.08906313127534454,0.6234419189274119,59,1.0508474576271187,45,1.3777777777777778,futures,NQ,0.25,False,
momentum,94,69,25,73.40425531914893,1.2346993081426272,14.07446808510633,6960.000000000018,5637.000000000024,0.13147236224831726,0.9203065357382209,87,1.0804597701149425,65,1.4461538461538461,futures,RTY,0.1,False,
momentum,82,65,17,79.26829268292683,1.4061196105702423,10.682926829268414,3033.0000000000055,2156.999999999995,0.11951537971032096,0.8366076579722467,78,1.0512820512820513,56,1.4642857142857142,futures,SI,0.005,False,
momentum,63,47,16,74.60317460317461,1.4528516246307657,31.634920634920636,6394.0,4401.0,0.0892088028792259,0.6244616201545813,59,1.0677966101694916,45,1.4,futures,YM,1.0,False,
momentum,67,48,19,71.64179104477611,1.1666666666666667,0.9253731343283582,434.0,372.0,0.09585550140832476,0.6709885098582734,61,1.098360655737705,45,1.488888888888889,futures,ZB,0.03125,False,
momentum,71,60,11,84.50704225352112,3.1313131313131315,5.943661971830986,620.0,198.0,0.1001734222979924,0.7012139560859469,69,1.0289855072463767,54,1.3148148148148149,futures,ZN,0.015625,False,
momentum,93,78,15,83.87096774193549,0.8471212242759979,-174.17741935484122,89757.9999999998,105956.50000000003,0.12890185094279694,0.9023129565995784,84,1.1071428571428572,60,1.55,gold_spot,XAUUSD,0.01,True,PF<1 avg<=0 
