key,market,symbol,phase,strategy,variant_id,source,size_multiplier,pip_or_tick_size,tp_units,sl_units,cost_units,trades,wins,losses,win_rate_pct,profit_factor_r,total_r,avg_r,max_drawdown_r,trades_per_day,trades_per_week,profit_factor_dollars,total_pnl,avg_pnl
HG:reddit_capitulation_reversion,futures,HG,reddit_capitulation_reversion,reddit_capitulation_reversion,reddit_capitulation_reversion|ny|range=15|entry=150|rr=2.5|sl_atr=1|tp_atr=1.5|threshold=1.75|adx_max=none|adx_min=none|rsi2=10.0|trend=both|max_bars=24,reddit_research,35,,59.76220588235299,23.904882352941332,3.0,17,11,6,64.70588235294117,3.7203131246380066,12.422126574563325,0.7307133279154897,0,0.02023809523809524,0.14166666666666666,3.7203131246380066,14587.62812500011,858.09577205883
GC:ict_sweep_fvg,futures,GC,ict_sweep_fvg,ict_sweep_fvg,precision_sprint,precision_sprint,15,,32.89473684210493,32.89473684210506,3.0,133,92,41,69.17293233082707,2.6600173460537246,34.30285320189714,0.2579161894879484,0,0.15833333333333333,1.1083333333333334,2.6600173460537246,28709.99999999934,215.8646616541304
SI:reddit_capitulation_reversion,futures,SI,reddit_capitulation_reversion,reddit_capitulation_reversion,reddit_capitulation_reversion|ny|range=15|entry=150|rr=2.5|sl_atr=1|tp_atr=1.5|threshold=1.75|adx_max=none|adx_min=none|rsi2=10.0|trend=both|max_bars=24,reddit_research,12,,39.21857142857148,15.687428571428644,3.0,14,8,6,57.14285714285714,2.609199960883605,8.048228428586636,0.5748734591847597,0,0.016666666666666666,0.11666666666666667,2.609199960883605,8885.970000000052,634.7121428571465
RTY:reddit_orb_retest,futures,RTY,reddit_orb_retest,reddit_orb_retest,reddit_orb_retest|ny|range=15|entry=150|rr=2|sl_atr=1|tp_atr=1.5|threshold=2|adx_max=none|adx_min=none|rsi2=none|trend=all|max_bars=24,reddit_research,25,,148.1333333333332,74.0666666666666,3.0,30,19,11,63.33333333333333,2.3825396825396834,9.935065818792383,0.33116886062641276,0,0.03571428571428571,0.25,2.3825396825396834,10887.500000000016,362.9166666666672
YM:reddit_capitulation_reversion,futures,YM,reddit_capitulation_reversion,reddit_capitulation_reversion,reddit_capitulation_reversion|ny|range=15|entry=150|rr=2.5|sl_atr=1|tp_atr=1.5|threshold=1.75|adx_max=none|adx_min=none|rsi2=10.0|trend=long_only|max_bars=24,reddit_research,20,,292.1665000000003,116.86659999999925,3.0,15,8,7,53.333333333333336,2.3157983588416626,6.334120543390505,0.4222747028927003,0,0.017857142857142856,0.125,2.3157983588416626,7443.445000000065,496.229666666671
RTY:ict_sweep_fvg,futures,RTY,ict_sweep_fvg,ict_sweep_fvg,precision_sprint,precision_sprint,40,,28.344594594594668,28.344594594594472,3.0,148,106,42,71.62162162162163,2.2677551020408258,40.46409240703332,0.27340602977725215,0,0.1761904761904762,1.2333333333333334,2.2677551020408258,31060.00000000019,209.86486486486615
YM:reddit_ema_pullback,futures,YM,reddit_ema_pullback,reddit_ema_pullback,reddit_ema_pullback|ny|range=15|entry=150|rr=1.5|sl_atr=1|tp_atr=1.5|threshold=2|adx_max=none|adx_min=none|rsi2=none|trend=both|max_bars=24,reddit_research,75,,35.956101326119615,23.97073421741256,3.0,14,9,5,64.28571428571429,2.1507423376130044,4.708684652982441,0.3363346180701744,0,0.016666666666666666,0.11666666666666667,2.1507423376130044,5578.764290820891,398.48316363006364
GC:reddit_ema_pullback,futures,GC,reddit_ema_pullback,reddit_ema_pullback,reddit_ema_pullback|ny|range=15|entry=150|rr=1.5|sl_atr=1|tp_atr=1.5|threshold=2|adx_max=none|adx_min=none|rsi2=none|trend=both|max_bars=24,reddit_research,35,,40.67822680825221,27.118817872168012,3.0,12,7,5,58.333333333333336,1.8902248741192769,3.1496727667611584,0.26247273056342985,0,0.014285714285714285,0.1,1.8902248741192769,3657.795745145884,304.81631209549033
CL:ict_sweep_fvg,futures,CL,ict_sweep_fvg,ict_sweep_fvg,precision_sprint,precision_sprint,35,,15.591954022988524,15.591954022988501,3.0,174,127,47,72.98850574712644,1.8556581986143221,34.11675169366882,0.1960732855957978,0,0.20714285714285716,1.45,1.8556581986143221,25935.000000000087,149.05172413793153
NQ:ict_sweep_fvg,futures,NQ,ict_sweep_fvg,ict_sweep_fvg,precision_sprint,precision_sprint,15,,83.36601307189542,83.36601307189542,3.0,153,99,54,64.70588235294117,1.8468305887660725,36.132044207378144,0.23615715168221008,0,0.18214285714285713,1.275,1.8468305887660725,28155.0,184.01960784313727
NQ:momentum,futures,NQ,momentum,momentum,precision_sprint,precision_sprint,4,,150.0,500.0,3.0,94,81,13,86.17021276595744,1.8172503440893102,10.624254473161036,0.1130239837570323,0,0.11190476190476191,0.7833333333333333,1.8172503440893102,10688.0,113.70212765957447
GC:reddit_orb_breakout,futures,GC,reddit_orb_breakout,reddit_orb_breakout,reddit_orb_breakout|ny|range=15|entry=150|rr=1.5|sl_atr=1|tp_atr=1.5|threshold=2|adx_max=none|adx_min=none|rsi2=none|trend=all|max_bars=24,reddit_research,25,,51.500000000000064,34.333333333333016,3.0,27,14,13,51.85185185185185,1.7588383838383734,5.6549219619083635,0.2094415541447542,0,0.03214285714285714,0.225,1.7588383838383734,7512.499999999909,278.24074074073735
HG:reddit_orb_breakout,futures,HG,reddit_orb_breakout,reddit_orb_breakout,reddit_orb_breakout|london|range=15|entry=150|rr=1.5|sl_atr=1|tp_atr=1.5|threshold=2|adx_max=none|adx_min=none|rsi2=none|trend=all|max_bars=24,reddit_research,50,,22.04999999999955,14.699999999999756,3.0,20,12,8,60.0,1.6276595744680575,4.824722652218616,0.24123613261093083,0,0.023809523809523808,0.16666666666666666,1.6276595744680575,5531.249999999687,276.56249999998437
YM:ict_sweep_fvg,futures,YM,ict_sweep_fvg,ict_sweep_fvg,precision_sprint,precision_sprint,35,,33.89473684210526,33.89473684210526,3.0,152,98,54,64.47368421052632,1.5353535353535352,24.22240628463861,0.15935793608314874,0,0.18095238095238095,1.2666666666666666,1.5353535353535352,18550.0,122.03947368421052
CL:momentum,futures,CL,momentum,momentum,precision_sprint,precision_sprint,2,,500.0,500.0,3.0,132,108,24,81.81818181818183,1.4677799607072688,4.733598409542739,0.03586059401168742,0,0.15714285714285714,1.1,1.4677799607072688,4761.999999999995,36.07575757575754
