step,added,score,selected,challenge_7d_starts,challenge_7d_pass_rate_pct,challenge_7d_fail_rate_pct,challenge_7d_incomplete_rate_pct,challenge_7d_median_pass_days,challenge_7d_avg_pass_win_rate_pct,challenge_7d_p50_final_pnl,challenge_14d_starts,challenge_14d_pass_rate_pct,challenge_14d_fail_rate_pct,challenge_14d_incomplete_rate_pct,challenge_14d_median_pass_days,challenge_14d_avg_pass_win_rate_pct,challenge_14d_p50_final_pnl,challenge_30d_starts,challenge_30d_pass_rate_pct,challenge_30d_fail_rate_pct,challenge_30d_incomplete_rate_pct,challenge_30d_median_pass_days,challenge_30d_avg_pass_win_rate_pct,challenge_30d_p50_final_pnl,basket_trades,basket_wins,basket_losses,basket_win_rate_pct,basket_profit_factor,basket_total,basket_avg
1,NQ / reddit_orb_retest / reddit_orb_retest|ny|range=15|entry=150|rr=2|sl_atr=1|tp_atr=1.5|threshold=2|adx_max=none|adx_min=none|rsi2=none|trend=all|max_bars=24,67.86318484600594,1,86,0.0,0.0,100.0,0.0,0.0,390.0,86,3.488372093023256,0.0,96.51162790697676,11.0,100.0,654.0,86,6.976744186046512,3.488372093023256,89.53488372093024,18.427083333333332,91.66666666666667,1336.0,86,43,43,50.0,1.624257651895843,21864.0,254.2325581395349
2,HG / reddit_capitulation_reversion / reddit_capitulation_reversion|ny|range=15|entry=150|rr=2.5|sl_atr=1|tp_atr=1.5|threshold=1.75|adx_max=none|adx_min=none|rsi2=10.0|trend=both|max_bars=24,117.31627741115571,2,100,0.0,0.0,100.0,0.0,0.0,688.0,100,6.0,0.0,94.0,11.494791666666668,93.05555555555556,1137.8312499999884,100,24.0,4.0,72.0,22.010416666666664,83.33091676841677,1981.207812499997,103,54,49,52.42718446601942,1.9025700431626522,36451.628125000105,353.89930218446705
3,GC / reddit_orb_breakout / reddit_orb_breakout|ny|range=15|entry=150|rr=1.5|sl_atr=1|tp_atr=1.5|threshold=2|adx_max=none|adx_min=none|rsi2=none|trend=all|max_bars=24,178.33096937386756,3,119,0.8403361344537815,0.0,99.15966386554622,5.083333333333333,80.0,740.0,119,11.76470588235294,0.0,88.23529411764706,10.052083333333334,82.24489795918369,1175.6624999999767,119,31.932773109243694,5.88235294117647,62.18487394957983,15.53125,73.68154871444345,2035.9999999999272,130,68,62,52.307692307692314,1.8742733043187436,43964.12812500002,338.18560096153857
4,HG / reddit_orb_breakout / reddit_orb_breakout|london|range=15|entry=150|rr=1.5|sl_atr=1|tp_atr=1.5|threshold=2|adx_max=none|adx_min=none|rsi2=none|trend=all|max_bars=24,213.73856068557657,4,137,0.7299270072992701,0.0,99.27007299270073,5.375,83.33333333333334,908.9999999999563,137,16.78832116788321,0.7299270072992701,82.48175182481752,10.114583333333334,78.47904510947988,1449.999999999971,137,32.11678832116788,5.109489051094891,62.77372262773723,13.78125,76.03747893520621,2035.9999999999272,150,80,70,53.333333333333336,1.8374996840575797,49495.37812499971,329.9691874999981
5,RTY / reddit_orb_retest / reddit_orb_retest|ny|range=15|entry=150|rr=2|sl_atr=1|tp_atr=1.5|threshold=2|adx_max=none|adx_min=none|rsi2=none|trend=all|max_bars=24,239.3746008620491,5,153,3.9215686274509802,0.0,96.07843137254902,5.880208333333334,89.12698412698414,1031.2500000000146,153,18.954248366013072,1.3071895424836601,79.73856209150327,9.989583333333334,81.44461859979101,1729.4999999999854,153,30.718954248366014,9.15032679738562,60.130718954248366,11.6875,78.49818621095217,2081.4999999999854,180,99,81,55.00000000000001,1.9015871088744607,60382.87812499972,335.4604340277762
6,YM / reddit_ema_pullback / reddit_ema_pullback|ny|range=15|entry=150|rr=1.5|sl_atr=1|tp_atr=1.5|threshold=2|adx_max=none|adx_min=none|rsi2=none|trend=both|max_bars=24,263.5097198812207,6,155,5.161290322580645,0.0,94.83870967741936,5.723958333333334,89.76190476190476,1388.999999999971,155,20.64516129032258,0.6451612903225806,78.70967741935485,8.494791666666668,81.34864267676768,1805.0,155,31.61290322580645,7.096774193548387,61.29032258064516,11.0,77.68379862767618,2336.0,194,108,86,55.670103092783506,1.9184050460822137,65961.64241582062,340.008466060931
7,SI / reddit_capitulation_reversion / reddit_capitulation_reversion|ny|range=15|entry=150|rr=2.5|sl_atr=1|tp_atr=1.5|threshold=1.75|adx_max=none|adx_min=none|rsi2=10.0|trend=both|max_bars=24,283.8290394172241,7,160,6.25,0.625,93.125,5.703125,91.1547619047619,1423.2499999999927,160,22.5,1.875,75.625,8.557291666666668,81.35060926727593,2040.249999999971,160,36.875,7.5,55.625,11.083333333333334,75.7700999288736,2740.499999999942,208,116,92,55.769230769230774,1.9677244386148325,74847.61241582065,359.84429046067623
8,GC / reddit_ema_pullback / reddit_ema_pullback|ny|range=15|entry=150|rr=1.5|sl_atr=1|tp_atr=1.5|threshold=2|adx_max=none|adx_min=none|rsi2=none|trend=both|max_bars=24,303.0705796887523,8,161,7.453416149068323,0.6211180124223602,91.92546583850931,5.505208333333334,88.31349206349205,1515.8759135849104,161,24.22360248447205,1.8633540372670807,73.91304347826086,7.96875,78.74754163215701,2168.2265094446193,161,37.267080745341616,7.453416149068323,55.27950310559007,10.994791666666668,74.55975193107545,2968.726509444561,220,123,97,55.90909090909091,1.9638150117062076,78505.40816096654,356.84276436802975
9,YM / reddit_capitulation_reversion / reddit_capitulation_reversion|ny|range=15|entry=150|rr=2.5|sl_atr=1|tp_atr=1.5|threshold=1.75|adx_max=none|adx_min=none|rsi2=10.0|trend=long_only|max_bars=24,313.34267194308126,9,164,9.75609756097561,1.2195121951219512,89.02439024390245,4.84375,88.07539682539684,1545.2715911032356,164,25.0,3.048780487804878,71.95121951219512,7.71875,79.5027736491151,2118.3700000000244,164,38.41463414634146,8.536585365853659,53.04878048780488,10.71875,74.08173603551755,3313.5390625000655,235,131,104,55.74468085106383,1.9866731030235958,85948.85316096661,365.7398006849643
10,ES / reddit_orb_retest / reddit_orb_retest|ny|range=15|entry=150|rr=2|sl_atr=1|tp_atr=1.5|threshold=2|adx_max=none|adx_min=none|rsi2=none|trend=all|max_bars=24,335.88892978989526,10,166,11.44578313253012,1.2048192771084338,87.34939759036145,4.708333333333333,87.4436090225564,1558.5431822065075,166,27.10843373493976,3.0120481927710845,69.87951807228916,7.041666666666667,79.15668282334948,2046.249999999971,166,37.95180722891566,7.83132530120482,54.21686746987952,9.989583333333334,75.22789872229649,3757.8699999999735,246,135,111,54.87804878048781,1.95060799478434,87298.85316096661,354.8733868331976
