market,symbol,strategy,variant_id,lookback,threshold,adx_min,adx_max,session,tp_atr,sl_atr,max_bars,pip_or_tick_size,cost_units,train_trades,train_wins,train_losses,train_win_rate_pct,train_profit_factor_r,train_total_r,train_avg_r,train_max_drawdown_r,test_trades,test_wins,test_losses,test_win_rate_pct,test_profit_factor_r,test_total_r,test_avg_r,test_max_drawdown_r
futures,6J,donchian_breakout,strategy=donchian_breakout|lookback=20|threshold=0.0|adx_min=20.0|adx_max=None|session=all|tp_atr=3.0|sl_atr=1.5|max_bars=96,20,0.0,20.0,,all,3.0,1.5,96,5e-07,3.0,1252,399,853,31.869009584664536,0.7365007462586242,-219.62110932196944,-0.1754162215031705,220.999959379462,416,151,265,36.29807692307692,0.8577504014790219,-37.180946877602935,-0.08937727614808398,57.436224251867735
futures,6J,donchian_breakout,strategy=donchian_breakout|lookback=55|threshold=0.0|adx_min=20.0|adx_max=None|session=all|tp_atr=3.0|sl_atr=1.5|max_bars=96,55,0.0,20.0,,all,3.0,1.5,96,5e-07,3.0,873,283,590,32.416953035509735,0.7433321397652664,-151.35224010398028,-0.17337026357844249,151.54307175991008,303,108,195,35.64356435643564,0.8261328301319274,-33.90409812427419,-0.11189471328143298,51.5745391684726
futures,6J,bb_reversion,strategy=bb_reversion|lookback=20|threshold=2.0|adx_min=None|adx_max=25.0|session=all|tp_atr=3.0|sl_atr=1.5|max_bars=96,20,2.0,,25.0,all,3.0,1.5,96,5e-07,3.0,1218,411,807,33.743842364532014,0.6821526144134958,-253.72852598140852,-0.2083157027761975,256.94477916220643,429,147,282,34.26573426573427,0.6679971526796483,-92.96079724969849,-0.21669183508088224,96.72161111193205
futures,6J,bb_continuation,strategy=bb_continuation|lookback=20|threshold=2.0|adx_min=20.0|adx_max=None|session=all|tp_atr=3.0|sl_atr=1.5|max_bars=96,20,2.0,20.0,,all,3.0,1.5,96,5e-07,3.0,710,240,470,33.80281690140845,0.7899576148613895,-98.71992101514692,-0.1390421422748548,107.57839468622012,245,94,151,38.36734693877551,0.9241338417993691,-11.45578988829537,-0.046758326074674984,24.587033813634733
futures,6J,bb_reversion,strategy=bb_reversion|lookback=20|threshold=2.5|adx_min=None|adx_max=25.0|session=all|tp_atr=3.0|sl_atr=1.5|max_bars=96,20,2.5,,25.0,all,3.0,1.5,96,5e-07,3.0,638,214,424,33.5423197492163,0.7362226384416687,-111.4096557656275,-0.17462328489910267,116.71823115849362,235,74,161,31.48936170212766,0.6542017521941054,-55.67351789674904,-0.23690858679467677,62.5063485688887
futures,6J,bb_continuation,strategy=bb_continuation|lookback=20|threshold=2.5|adx_min=20.0|adx_max=None|session=all|tp_atr=3.0|sl_atr=1.5|max_bars=96,20,2.5,20.0,,all,3.0,1.5,96,5e-07,3.0,351,122,229,34.75783475783476,0.8311172414240111,-38.67415171390149,-0.11018276841567376,66.7232929018133,111,39,72,35.13513513513514,0.800113856049479,-14.391802364437497,-0.12965587715709456,15.970634333203868
futures,6J,ema_cross,strategy=ema_cross|lookback=20|threshold=0.0|adx_min=15.0|adx_max=None|session=all|tp_atr=2.0|sl_atr=1.0|max_bars=64,20,0.0,15.0,,all,2.0,1.0,64,5e-07,3.0,198,64,134,32.323232323232325,0.6594577806449899,-45.63265739357135,-0.23046796663419875,47.2790534196529,58,21,37,36.206896551724135,0.7256254942709319,-10.151856711975519,-0.17503201227544,20.352308289829146
futures,6J,squeeze_breakout,strategy=squeeze_breakout|lookback=20|threshold=0.25|adx_min=None|adx_max=None|session=all|tp_atr=3.0|sl_atr=1.5|max_bars=96,20,0.25,,,all,3.0,1.5,96,5e-07,3.0,408,153,255,37.5,0.9599154718447619,-9.902334420580182,-0.024270427501422016,33.34655701567905,153,54,99,35.294117647058826,0.8371726915181127,-15.673002496049536,-0.10243792481078128,17.8978859966737
futures,6J,squeeze_breakout,strategy=squeeze_breakout|lookback=55|threshold=0.25|adx_min=None|adx_max=None|session=all|tp_atr=2.0|sl_atr=1.5|max_bars=64,55,0.25,,,all,2.0,1.5,64,5e-07,3.0,154,66,88,42.857142857142854,0.7238780039227495,-24.298735654798044,-0.15778399775842886,30.5126177114558,61,28,33,45.90163934426229,0.7915476096575067,-6.878928881302286,-0.1127693259229883,7.788019790393195
futures,CL,donchian_breakout,strategy=donchian_breakout|lookback=20|threshold=0.0|adx_min=20.0|adx_max=None|session=all|tp_atr=3.0|sl_atr=1.5|max_bars=96,20,0.0,20.0,,all,3.0,1.5,96,0.01,3.0,1426,438,988,30.715287517531557,0.7487613630644422,-242.36762518128575,-0.16996327151562815,253.12250635130192,451,148,303,32.8159645232816,0.7999072500332867,-59.631904859111046,-0.13222151853461428,73.2523189935696
futures,CL,donchian_breakout,strategy=donchian_breakout|lookback=55|threshold=0.0|adx_min=20.0|adx_max=None|session=all|tp_atr=2.0|sl_atr=1.5|max_bars=64,55,0.0,20.0,,all,2.0,1.5,64,0.01,3.0,1264,517,747,40.901898734177216,0.7543103634153664,-183.38546121191996,-0.14508343450310124,195.0327108387146,364,145,219,39.83516483516483,0.6969650994446986,-66.364643221611,-0.18232044841101924,66.97936151894532
futures,CL,bb_reversion,strategy=bb_reversion|lookback=20|threshold=2.0|adx_min=None|adx_max=25.0|session=all|tp_atr=3.0|sl_atr=1.5|max_bars=96,20,2.0,,25.0,all,3.0,1.5,96,0.01,3.0,1302,472,830,36.25192012288787,0.8156207858307943,-152.39576742441378,-0.11704744041813654,175.7418364487012,441,177,264,40.136054421768705,0.9610105568921431,-10.29321298047422,-0.023340619003342902,23.264024612783544
futures,CL,bb_continuation,strategy=bb_continuation|lookback=20|threshold=2.0|adx_min=20.0|adx_max=None|session=all|tp_atr=3.0|sl_atr=1.5|max_bars=96,20,2.0,20.0,,all,3.0,1.5,96,0.01,3.0,747,229,518,30.655957161981256,0.7466994481618542,-131.2096858521595,-0.17564884317558166,142.15796119918917,237,65,172,27.42616033755274,0.6206826336767185,-65.24258700760443,-0.2752851772472761,65.99721431235108
futures,CL,bb_reversion,strategy=bb_reversion|lookback=20|threshold=2.5|adx_min=None|adx_max=25.0|session=all|tp_atr=3.0|sl_atr=1.5|max_bars=96,20,2.5,,25.0,all,3.0,1.5,96,0.01,3.0,699,250,449,35.7653791130186,0.8795687489867927,-54.07363170493008,-0.07735855751778266,75.45585522440597,241,100,141,41.49377593360996,1.1090028444828912,15.369401072087644,0.06377344843189894,15.333944933731479
futures,CL,bb_continuation,strategy=bb_continuation|lookback=20|threshold=2.5|adx_min=20.0|adx_max=None|session=all|tp_atr=3.0|sl_atr=1.5|max_bars=96,20,2.5,20.0,,all,3.0,1.5,96,0.01,3.0,375,116,259,30.933333333333334,0.7563644188766908,-63.10161551093709,-0.16827097469583224,72.45314063581466,117,33,84,28.205128205128204,0.648899233447683,-29.492464390394627,-0.2520723452170481,32.94676700176364
futures,CL,ema_cross,strategy=ema_cross|lookback=20|threshold=0.0|adx_min=15.0|adx_max=None|session=all|tp_atr=3.0|sl_atr=1.5|max_bars=96,20,0.0,15.0,,all,3.0,1.5,96,0.01,3.0,197,53,144,26.903553299492383,0.6173333094889478,-55.10400343359153,-0.27971575347000777,59.082402832908144,74,23,51,31.08108108108108,0.7343355399144514,-13.548887464362977,-0.18309307384274293,23.140157781351583
futures,CL,squeeze_breakout,strategy=squeeze_breakout|lookback=20|threshold=0.25|adx_min=None|adx_max=None|session=all|tp_atr=3.0|sl_atr=1.5|max_bars=96,20,0.25,,,all,3.0,1.5,96,0.01,3.0,398,130,268,32.663316582914575,0.8434427900209993,-40.17862946766957,-0.10095133032077783,52.22991528947779,128,39,89,30.46875,0.7135391029850628,-25.037694089418537,-0.19560698507358232,31.97925229758597
futures,CL,squeeze_breakout,strategy=squeeze_breakout|lookback=55|threshold=0.25|adx_min=None|adx_max=None|session=all|tp_atr=3.0|sl_atr=1.5|max_bars=96,55,0.25,,,all,3.0,1.5,96,0.01,3.0,115,41,74,35.65217391304348,0.9317024889720406,-5.054015816069002,-0.043947963617991324,21.803597506483232,28,9,19,32.142857142857146,0.7935469613911644,-3.9226077335678755,-0.14009313334170984,8.338727728396547
futures,ES,donchian_breakout,strategy=donchian_breakout|lookback=20|threshold=0.0|adx_min=20.0|adx_max=None|session=all|tp_atr=3.0|sl_atr=1.5|max_bars=96,20,0.0,20.0,,all,3.0,1.5,96,0.25,3.0,1420,455,965,32.04225352112676,0.8244873352830985,-164.1608061416839,-0.1156062015082281,170.8673095450134,448,153,295,34.151785714285715,0.9235361606803492,-21.75556759130928,-0.04856153480202964,31.114402305518464
futures,ES,donchian_breakout,strategy=donchian_breakout|lookback=55|threshold=0.0|adx_min=20.0|adx_max=None|session=all|tp_atr=3.0|sl_atr=1.5|max_bars=96,55,0.0,20.0,,all,3.0,1.5,96,0.25,3.0,1052,355,697,33.745247148288975,0.8822859638176075,-81.90702726657855,-0.07785839093781231,87.81368568027348,316,101,215,31.962025316455694,0.822681682193903,-38.12343832831084,-0.12064379217819886,40.943699477656644
futures,ES,bb_reversion,strategy=bb_reversion|lookback=20|threshold=2.0|adx_min=None|adx_max=25.0|session=all|tp_atr=3.0|sl_atr=1.5|max_bars=96,20,2.0,,25.0,all,3.0,1.5,96,0.25,3.0,1148,439,709,38.2404181184669,0.8949641323110186,-73.87591846335468,-0.06435184535135426,86.58544915899101,378,139,239,36.77248677248677,0.854747834547911,-34.715267543049286,-0.09183933212446901,43.46400695125841
futures,ES,bb_continuation,strategy=bb_continuation|lookback=20|threshold=2.0|adx_min=20.0|adx_max=None|session=all|tp_atr=2.0|sl_atr=1.5|max_bars=64,20,2.0,20.0,,all,2.0,1.5,64,0.25,3.0,909,378,531,41.584158415841586,0.8054231003263477,-102.95175229860986,-0.11325825335380622,112.05349362287535,294,132,162,44.89795918367347,0.9471854866618689,-8.430297926149244,-0.02867448274200423,26.13304353813841
futures,ES,bb_reversion,strategy=bb_reversion|lookback=20|threshold=2.5|adx_min=None|adx_max=25.0|session=all|tp_atr=3.0|sl_atr=1.5|max_bars=96,20,2.5,,25.0,all,3.0,1.5,96,0.25,3.0,648,237,411,36.574074074074076,0.9321495326278194,-27.763802547785403,-0.042845374302137966,64.67846462092774,202,72,130,35.64356435643564,0.9109130970151738,-11.581297388027405,-0.05733315538627428,23.300807922590494
futures,ES,bb_continuation,strategy=bb_continuation|lookback=20|threshold=2.5|adx_min=20.0|adx_max=None|session=all|tp_atr=2.0|sl_atr=1.5|max_bars=64,20,2.5,20.0,,all,2.0,1.5,64,0.25,3.0,466,198,268,42.48927038626609,0.8373292270805803,-43.33027404920098,-0.09298342070643988,62.01188198721475,137,59,78,43.06569343065693,0.8798942114141589,-9.261920394237576,-0.06760525835209909,17.925892657743436
futures,ES,ema_cross,strategy=ema_cross|lookback=20|threshold=0.0|adx_min=15.0|adx_max=None|session=all|tp_atr=2.0|sl_atr=1.5|max_bars=64,20,0.0,15.0,,all,2.0,1.5,64,0.25,3.0,196,78,118,39.795918367346935,0.7488057358894327,-29.64092316504695,-0.1512291998216681,35.66718940034782,75,33,42,44.0,0.8740215610902479,-5.291094434209587,-0.07054792578946116,12.442049476722849
futures,ES,squeeze_breakout,strategy=squeeze_breakout|lookback=20|threshold=0.25|adx_min=None|adx_max=None|session=all|tp_atr=3.0|sl_atr=1.5|max_bars=96,20,0.25,,,all,3.0,1.5,96,0.25,3.0,379,119,260,31.398416886543533,0.8293936029747879,-42.45860665690725,-0.11202798590212995,48.9974517989517,122,43,79,35.24590163934426,0.9664591602961067,-2.536399011590481,-0.020790155832708858,17.344263462342525
futures,ES,squeeze_breakout,strategy=squeeze_breakout|lookback=55|threshold=0.25|adx_min=None|adx_max=None|session=all|tp_atr=2.0|sl_atr=1.5|max_bars=64,55,0.25,,,all,2.0,1.5,64,0.25,3.0,109,45,64,41.284403669724774,0.7958666875554036,-13.064531996454162,-0.11985809171058864,15.447903159098342,49,18,31,36.734693877551024,0.6778296231904706,-9.98728168109541,-0.20382207512439612,12.73588443649697
futures,GC,donchian_breakout,strategy=donchian_breakout|lookback=20|threshold=0.0|adx_min=20.0|adx_max=None|session=all|tp_atr=3.0|sl_atr=1.5|max_bars=96,20,0.0,20.0,,all,3.0,1.5,96,0.1,3.0,1339,444,895,33.159073935772966,0.9094615601313534,-79.95958861365457,-0.0597158988899586,98.08231119875673,429,146,283,34.032634032634036,0.9701343652069333,-8.309830535565954,-0.019370234348638587,42.25718204463874
futures,GC,donchian_breakout,strategy=donchian_breakout|lookback=55|threshold=0.0|adx_min=20.0|adx_max=None|session=all|tp_atr=3.0|sl_atr=1.5|max_bars=96,55,0.0,20.0,,all,3.0,1.5,96,0.1,3.0,946,329,617,34.77801268498943,0.9726626941175599,-16.85616896425558,-0.01781836042733148,40.59383749076344,284,95,189,33.45070422535211,0.9471736858135694,-9.969968699550744,-0.03510552358996741,32.106681348235064
futures,GC,bb_reversion,strategy=bb_reversion|lookback=20|threshold=2.0|adx_min=None|adx_max=25.0|session=all|tp_atr=3.0|sl_atr=1.5|max_bars=96,20,2.0,,25.0,all,3.0,1.5,96,0.1,3.0,1272,464,808,36.477987421383645,0.8842628707204542,-93.51560045787303,-0.07351855381908258,115.09659914924055,428,140,288,32.71028037383177,0.8187649256561165,-52.195701411038456,-0.12195257339027676,69.59895379491037
futures,GC,bb_continuation,strategy=bb_continuation|lookback=20|threshold=2.0|adx_min=20.0|adx_max=None|session=all|tp_atr=3.0|sl_atr=1.5|max_bars=96,20,2.0,20.0,,all,3.0,1.5,96,0.1,3.0,802,292,510,36.408977556109726,1.0435782884331308,22.22492710089677,0.027711879178175525,31.888950724494883,251,91,160,36.254980079681275,1.0756914758082332,12.110636129317328,0.04824954633194155,15.960376807822456
futures,GC,bb_reversion,strategy=bb_reversion|lookback=20|threshold=2.5|adx_min=None|adx_max=25.0|session=all|tp_atr=3.0|sl_atr=1.5|max_bars=96,20,2.5,,25.0,all,3.0,1.5,96,0.1,3.0,706,239,467,33.85269121813031,0.8808265158311556,-55.654017106850326,-0.07883005255927808,85.51603122952432,227,68,159,29.955947136563875,0.7994738079020824,-31.883664543568905,-0.1404566719981009,55.58331298795982
futures,GC,bb_continuation,strategy=bb_continuation|lookback=20|threshold=2.5|adx_min=20.0|adx_max=None|session=all|tp_atr=3.0|sl_atr=1.5|max_bars=96,20,2.5,20.0,,all,3.0,1.5,96,0.1,3.0,399,152,247,38.095238095238095,1.1218018173164663,30.08504887716716,0.07540112500543147,16.268439355469678,133,46,87,34.58646616541353,0.995488870117423,-0.39246829978421616,-0.0029508894720617755,13.424171710814335
futures,GC,ema_cross,strategy=ema_cross|lookback=20|threshold=0.0|adx_min=15.0|adx_max=None|session=all|tp_atr=1.5|sl_atr=1.0|max_bars=48,20,0.0,15.0,,all,1.5,1.0,48,0.1,3.0,189,83,106,43.91534391534391,1.0004605421259474,0.0488174653504263,0.00025829346746257303,20.082216802251722,59,23,36,38.983050847457626,0.8689282197556346,-4.7185840887971535,-0.0799760015050365,17.31583170172681
futures,GC,squeeze_breakout,strategy=squeeze_breakout|lookback=20|threshold=0.25|adx_min=None|adx_max=None|session=all|tp_atr=3.0|sl_atr=1.5|max_bars=96,20,0.25,,,all,3.0,1.5,96,0.1,3.0,423,151,272,35.69739952718676,1.038011150377376,10.04575456397177,0.023748828756434442,23.997553035936747,145,58,87,40.0,1.2692069748581432,22.98260838887427,0.1585007475094777,12.63592523480789
futures,GC,squeeze_breakout,strategy=squeeze_breakout|lookback=55|threshold=0.25|adx_min=None|adx_max=None|session=all|tp_atr=3.0|sl_atr=1.5|max_bars=96,55,0.25,,,all,3.0,1.5,96,0.1,3.0,97,50,47,51.546391752577314,1.9339875109584632,43.89741301504779,0.4525506496396679,5.0,53,23,30,43.39622641509434,1.4608816092476653,13.826448277429956,0.26087638259301804,11.0
futures,NQ,donchian_breakout,strategy=donchian_breakout|lookback=20|threshold=0.0|adx_min=20.0|adx_max=None|session=all|tp_atr=3.0|sl_atr=1.5|max_bars=96,20,0.0,20.0,,all,3.0,1.5,96,0.25,3.0,1465,520,945,35.49488054607509,1.0814058457763824,74.63359805272046,0.05094443553086721,20.03174566630105,472,174,298,36.86440677966102,1.1387013163787492,40.46293020310242,0.08572654704047122,22.61285689552315
futures,NQ,donchian_breakout,strategy=donchian_breakout|lookback=55|threshold=0.0|adx_min=20.0|adx_max=None|session=all|tp_atr=3.0|sl_atr=1.5|max_bars=96,55,0.0,20.0,,all,3.0,1.5,96,0.25,3.0,1077,378,699,35.097493036211695,1.0540985122399782,37.67936312551751,0.03498548108218896,30.994548949045445,335,127,208,37.91044776119403,1.1944529419633776,40.26013953995225,0.12017952101478284,19.181306136545516
futures,NQ,bb_reversion,strategy=bb_reversion|lookback=20|threshold=2.0|adx_min=None|adx_max=25.0|session=all|tp_atr=3.0|sl_atr=1.5|max_bars=96,20,2.0,,25.0,all,3.0,1.5,96,0.25,3.0,1174,451,723,38.41567291311755,1.0180618894597984,13.02818052085055,0.011097257683859071,34.05438022388719,397,143,254,36.02015113350126,0.8828770497598688,-29.749229360993315,-0.07493508655162044,44.553023162305884
futures,NQ,bb_continuation,strategy=bb_continuation|lookback=20|threshold=2.0|adx_min=20.0|adx_max=None|session=all|tp_atr=3.0|sl_atr=1.5|max_bars=96,20,2.0,20.0,,all,3.0,1.5,96,0.25,3.0,805,274,531,34.037267080745345,0.9996960496736561,-0.16139762328872465,-0.000200493941973571,31.260557453231325,265,96,169,36.22641509433962,1.1051511686959576,17.77054750961685,0.06705866984761076,12.251306673108243
futures,NQ,bb_reversion,strategy=bb_reversion|lookback=20|threshold=2.5|adx_min=None|adx_max=25.0|session=all|tp_atr=3.0|sl_atr=1.5|max_bars=96,20,2.5,,25.0,all,3.0,1.5,96,0.25,3.0,659,255,404,38.694992412746586,1.1550030349248563,62.47093942700965,0.09479656969197214,27.340191161568306,227,86,141,37.88546255506608,1.1439975424506132,20.30365348553646,0.08944340742527075,16.113739403218602
futures,NQ,bb_continuation,strategy=bb_continuation|lookback=20|threshold=2.5|adx_min=20.0|adx_max=None|session=all|tp_atr=2.0|sl_atr=1.0|max_bars=64,20,2.5,20.0,,all,2.0,1.0,64,0.25,3.0,500,174,326,34.8,1.0179112174164322,5.839056877756896,0.011678113755513793,34.863422323950516,164,61,103,37.19512195121951,1.135298665497472,13.935762546239587,0.08497416186731456,17.57795774082135
futures,NQ,ema_cross,strategy=ema_cross|lookback=20|threshold=0.0|adx_min=15.0|adx_max=None|session=all|tp_atr=3.0|sl_atr=1.5|max_bars=96,20,0.0,15.0,,all,3.0,1.5,96,0.25,3.0,198,62,136,31.313131313131315,0.8870550632046413,-15.360511404168761,-0.07757834042509476,21.407766712345786,75,32,43,42.66666666666667,1.4458261864933364,19.17052601921347,0.25560701358951293,6.2035260408086685
futures,NQ,squeeze_breakout,strategy=squeeze_breakout|lookback=20|threshold=0.25|adx_min=None|adx_max=None|session=all|tp_atr=1.0|sl_atr=1.0|max_bars=32,20,0.25,,,all,1.0,1.0,32,0.25,3.0,475,238,237,50.10526315789474,0.952446980466889,-11.169432217616954,-0.02351459414235148,22.861291782611964,158,77,81,48.734177215189874,0.8926418705361733,-8.696008486569955,-0.05503802839601237,19.308154987223524
futures,NQ,squeeze_breakout,strategy=squeeze_breakout|lookback=55|threshold=0.25|adx_min=None|adx_max=None|session=all|tp_atr=3.0|sl_atr=1.5|max_bars=96,55,0.25,,,all,3.0,1.5,96,0.25,3.0,117,39,78,33.33333333333333,0.9724160673199773,-2.151546749041774,-0.018389288453348498,12.582171297488534,50,20,30,40.0,1.29945555622009,8.983666686602703,0.17967333373205407,7.0
futures,SI,donchian_breakout,strategy=donchian_breakout|lookback=20|threshold=0.0|adx_min=20.0|adx_max=None|session=all|tp_atr=3.0|sl_atr=1.5|max_bars=96,20,0.0,20.0,,all,3.0,1.5,96,0.005,3.0,1279,411,868,32.13448006254887,0.7800309587550273,-187.47472047018425,-0.14657914032070699,201.9215695637619,447,148,299,33.1096196868009,0.8531384678594965,-43.61903757015611,-0.09758173953055058,47.65646766787024
futures,SI,donchian_breakout,strategy=donchian_breakout|lookback=55|threshold=0.0|adx_min=20.0|adx_max=None|session=all|tp_atr=3.0|sl_atr=1.5|max_bars=96,55,0.0,20.0,,all,3.0,1.5,96,0.005,3.0,866,296,570,34.18013856812933,0.8443683389980502,-88.71004677111134,-0.102436543615602,90.89181955922709,299,111,188,37.12374581939799,1.016447456211471,3.092121767756533,0.010341544373767669,19.21858521175597
futures,SI,bb_reversion,strategy=bb_reversion|lookback=20|threshold=2.0|adx_min=None|adx_max=25.0|session=all|tp_atr=3.0|sl_atr=1.5|max_bars=96,20,2.0,,25.0,all,3.0,1.5,96,0.005,3.0,1340,503,837,37.53731343283582,0.8501675605995807,-125.18980902951421,-0.09342523061904046,136.88909413732537,417,151,266,36.21103117505996,0.8752183759857423,-33.19191198779258,-0.07959691124170883,50.95086625184065
futures,SI,bb_continuation,strategy=bb_continuation|lookback=20|threshold=2.0|adx_min=20.0|adx_max=None|session=all|tp_atr=3.0|sl_atr=1.5|max_bars=96,20,2.0,20.0,,all,3.0,1.5,96,0.005,3.0,735,243,492,33.06122448979592,0.8019936317569953,-97.41913317555834,-0.13254303833409298,104.11700431264738,269,92,177,34.20074349442379,0.8957942203149868,-18.444423004247305,-0.06856662826857735,39.26161345193051
futures,SI,bb_reversion,strategy=bb_reversion|lookback=20|threshold=2.5|adx_min=None|adx_max=25.0|session=all|tp_atr=3.0|sl_atr=1.5|max_bars=96,20,2.5,,25.0,all,3.0,1.5,96,0.005,3.0,769,267,502,34.72041612483745,0.832431742467201,-84.11926528146506,-0.10938786122427187,91.57438435918398,235,90,145,38.297872340425535,1.033443764032311,4.849345784685129,0.020635513977383526,21.563012171844903
futures,SI,bb_continuation,strategy=bb_continuation|lookback=20|threshold=2.5|adx_min=20.0|adx_max=None|session=all|tp_atr=3.0|sl_atr=1.5|max_bars=96,20,2.5,20.0,,all,3.0,1.5,96,0.005,3.0,400,126,274,31.5,0.7494659846784856,-68.64632019809497,-0.17161580049523742,72.3093125350045,152,51,101,33.55263157894737,0.8734763410670229,-12.778889552230694,-0.08407164179099141,26.323382190254957
futures,SI,ema_cross,strategy=ema_cross|lookback=20|threshold=0.0|adx_min=15.0|adx_max=None|session=all|tp_atr=3.0|sl_atr=1.5|max_bars=96,20,0.0,15.0,,all,3.0,1.5,96,0.005,3.0,195,63,132,32.30769230769231,0.769323295761041,-30.449324959542583,-0.15615038440791068,32.39420687018878,69,23,46,33.33333333333333,0.8622759198348801,-6.335307687595522,-0.09181605344341337,11.762195035928716
futures,SI,squeeze_breakout,strategy=squeeze_breakout|lookback=20|threshold=0.25|adx_min=None|adx_max=None|session=all|tp_atr=3.0|sl_atr=1.5|max_bars=96,20,0.25,,,all,3.0,1.5,96,0.005,3.0,412,122,290,29.61165048543689,0.6986194209367914,-84.70734037534473,-0.20560034071685612,94.20405270874525,133,39,94,29.32330827067669,0.7350283291624748,-24.48901599096475,-0.18412793978168984,29.130534131710068
futures,SI,squeeze_breakout,strategy=squeeze_breakout|lookback=55|threshold=0.25|adx_min=None|adx_max=None|session=all|tp_atr=3.0|sl_atr=1.5|max_bars=96,55,0.25,,,all,3.0,1.5,96,0.005,3.0,101,32,69,31.683168316831683,0.7452237795752694,-17.57955920930641,-0.1740550416763011,22.88338005034289,43,15,28,34.883720930232556,0.9383200811812076,-1.727037726926194,-0.04016366806805102,9.13390024812654
futures,YM,donchian_breakout,strategy=donchian_breakout|lookback=20|threshold=0.0|adx_min=20.0|adx_max=None|session=all|tp_atr=3.0|sl_atr=1.5|max_bars=96,20,0.0,20.0,,all,3.0,1.5,96,1.0,3.0,1420,483,937,34.014084507042256,0.9541292134604359,-41.972983502705276,-0.029558439086412164,62.49067830723439,449,171,278,38.084632516703785,1.1453401407912913,39.526457291058215,0.08803219886649936,29.647910314079912
futures,YM,donchian_breakout,strategy=donchian_breakout|lookback=55|threshold=0.0|adx_min=20.0|adx_max=None|session=all|tp_atr=3.0|sl_atr=1.5|max_bars=96,55,0.0,20.0,,all,3.0,1.5,96,1.0,3.0,1057,365,692,34.53169347209082,0.9724175098808454,-19.068648198945713,-0.018040348343373428,51.22665608106606,327,123,204,37.61467889908257,1.125273560261583,25.469576926174636,0.07788861445313344,32.38988769401795
futures,YM,bb_reversion,strategy=bb_reversion|lookback=20|threshold=2.0|adx_min=None|adx_max=25.0|session=all|tp_atr=2.0|sl_atr=1.0|max_bars=64,20,2.0,,25.0,all,2.0,1.0,64,1.0,3.0,1489,549,940,36.870382807253186,0.9586698826359691,-38.85031032218905,-0.02609154487722569,87.33850421366651,504,181,323,35.91269841269841,0.9701006245476004,-9.657498271125,-0.01916170291889881,49.99648997447822
futures,YM,bb_continuation,strategy=bb_continuation|lookback=20|threshold=2.0|adx_min=20.0|adx_max=None|session=all|tp_atr=3.0|sl_atr=1.5|max_bars=96,20,2.0,20.0,,all,3.0,1.5,96,1.0,3.0,824,268,556,32.5242718446602,0.8876806426810188,-62.449562669353526,-0.07578830421038049,70.31812546043155,260,99,161,38.07692307692307,1.1430873239638768,23.037059158184157,0.08860407368532368,20.612968085016778
futures,YM,bb_reversion,strategy=bb_reversion|lookback=20|threshold=2.5|adx_min=None|adx_max=25.0|session=all|tp_atr=3.0|sl_atr=1.5|max_bars=96,20,2.5,,25.0,all,3.0,1.5,96,1.0,3.0,697,254,443,36.441893830703016,0.9883858553749932,-5.145066068878034,-0.0073817303714175525,47.25977362202002,235,85,150,36.17021276595745,1.0309806839901479,4.647102598522203,0.019774904674562565,26.958383334124598
futures,YM,bb_continuation,strategy=bb_continuation|lookback=20|threshold=2.5|adx_min=20.0|adx_max=None|session=all|tp_atr=3.0|sl_atr=1.5|max_bars=96,20,2.5,20.0,,all,3.0,1.5,96,1.0,3.0,453,153,300,33.77483443708609,0.9376257292168532,-18.712281234944022,-0.041307464094799164,31.839702253091573,135,55,80,40.74074074074074,1.2747086644756134,21.976693158049084,0.16279031968925248,11.159733707027804
futures,YM,ema_cross,strategy=ema_cross|lookback=20|threshold=0.0|adx_min=15.0|adx_max=None|session=all|tp_atr=3.0|sl_atr=1.5|max_bars=96,20,0.0,15.0,,all,3.0,1.5,96,1.0,3.0,231,71,160,30.735930735930733,0.8168771770323182,-29.299651674829107,-0.12683831893865413,36.81027709462915,54,26,28,48.148148148148145,1.7195577471778207,20.147616920978983,0.3731040170551663,9.178812380407395
futures,YM,squeeze_breakout,strategy=squeeze_breakout|lookback=20|threshold=0.25|adx_min=None|adx_max=None|session=all|tp_atr=2.0|sl_atr=1.0|max_bars=64,20,0.25,,,all,2.0,1.0,64,1.0,3.0,422,138,284,32.70142180094787,0.8701449673151448,-36.22007205688859,-0.08582955463717676,55.59367280144157,145,40,105,27.586206896551722,0.6832802190361451,-33.14539535045306,-0.22858893345140038,41.23402935232346
futures,YM,squeeze_breakout,strategy=squeeze_breakout|lookback=55|threshold=0.25|adx_min=None|adx_max=None|session=all|tp_atr=2.0|sl_atr=1.0|max_bars=64,55,0.25,,,all,2.0,1.0,64,1.0,3.0,79,25,54,31.645569620253166,0.8283097566917544,-9.271273138645263,-0.1173578878309527,17.835815098125085,43,10,33,23.25581395348837,0.5432301664111362,-15.073404508432505,-0.3505442908937792,19.406981336368336
futures,ZN,donchian_breakout,strategy=donchian_breakout|lookback=20|threshold=0.0|adx_min=20.0|adx_max=None|session=all|tp_atr=3.0|sl_atr=1.5|max_bars=96,20,0.0,20.0,,all,3.0,1.5,96,0.015625,3.0,644,186,458,28.88198757763975,0.602699810555175,-136.41301110968263,-0.21182144582248855,150.95846565513722,174,57,117,32.758620689655174,0.5905138339920948,-31.393939393939398,-0.18042493904562873,32.151515151515156
futures,ZN,donchian_breakout,strategy=donchian_breakout|lookback=55|threshold=0.0|adx_min=20.0|adx_max=None|session=all|tp_atr=3.0|sl_atr=1.5|max_bars=96,55,0.0,20.0,,all,3.0,1.5,96,0.015625,3.0,481,155,326,32.224532224532226,0.613642261599321,-111.66909420805078,-0.23216027901881658,119.39636693532357,130,53,77,40.76923076923077,0.6737247353224254,-20.545454545454547,-0.15804195804195806,20.545454545454547
futures,ZN,bb_reversion,strategy=bb_reversion|lookback=20|threshold=2.0|adx_min=None|adx_max=25.0|session=all|tp_atr=2.0|sl_atr=1.5|max_bars=64,20,2.0,,25.0,all,2.0,1.5,64,0.015625,3.0,754,348,406,46.15384615384615,0.5437638942429702,-141.47466879429348,-0.1876321867298322,145.2019415215661,250,123,127,49.2,0.5552941176470587,-34.36363636363636,-0.13745454545454544,35.63636363636362
futures,ZN,bb_continuation,strategy=bb_continuation|lookback=20|threshold=2.0|adx_min=20.0|adx_max=None|session=all|tp_atr=3.0|sl_atr=1.5|max_bars=96,20,2.0,20.0,,all,3.0,1.5,96,0.015625,3.0,412,144,268,34.95145631067961,0.6694791435388109,-81.57855684473898,-0.19800620593383247,86.39673866292084,119,31,88,26.05042016806723,0.38000000000000006,-43.21212121212121,-0.36312706900942193,43.21212121212124
futures,ZN,bb_reversion,strategy=bb_reversion|lookback=20|threshold=2.5|adx_min=None|adx_max=25.0|session=all|tp_atr=3.0|sl_atr=1.5|max_bars=96,20,2.5,,25.0,all,3.0,1.5,96,0.015625,3.0,412,181,231,43.932038834951456,0.6644485397607951,-68.91006806185125,-0.16725744675206614,79.00097715276037,128,58,70,45.3125,0.6582556226001096,-18.87878787878788,-0.1474905303030303,21.484848484848484
futures,ZN,bb_continuation,strategy=bb_continuation|lookback=20|threshold=2.5|adx_min=20.0|adx_max=None|session=all|tp_atr=3.0|sl_atr=1.5|max_bars=96,20,2.5,20.0,,all,3.0,1.5,96,0.015625,3.0,269,99,170,36.80297397769517,0.7676044516484156,-36.35229759366297,-0.13513865276454634,43.382600623966034,79,23,56,29.11392405063291,0.4336700336700337,-25.484848484848484,-0.3225930187955504,25.48484848484849
futures,ZN,ema_cross,strategy=ema_cross|lookback=20|threshold=0.0|adx_min=15.0|adx_max=None|session=all|tp_atr=2.0|sl_atr=1.5|max_bars=64,20,0.0,15.0,,all,2.0,1.5,64,0.015625,3.0,180,77,103,42.77777777777778,0.7060518731988471,-24.72727272727273,-0.1373737373737374,25.272727272727263,61,18,43,29.508196721311474,0.2682512733446519,-26.12121212121212,-0.42821659215101837,29.12121212121212
futures,ZN,squeeze_breakout,strategy=squeeze_breakout|lookback=20|threshold=0.25|adx_min=None|adx_max=None|session=all|tp_atr=3.0|sl_atr=1.5|max_bars=96,20,0.25,,,all,3.0,1.5,96,0.015625,3.0,243,76,167,31.275720164609055,0.6184369422324066,-54.03164148327161,-0.2223524340875375,55.84982330145348,61,24,37,39.34426229508197,0.7573270808909729,-6.272727272727272,-0.1028315946348733,8.696969696969695
futures,ZN,squeeze_breakout,strategy=squeeze_breakout|lookback=55|threshold=0.25|adx_min=None|adx_max=None|session=all|tp_atr=3.0|sl_atr=1.5|max_bars=96,55,0.25,,,all,3.0,1.5,96,0.015625,3.0,72,30,42,41.66666666666667,0.9384116693679092,-2.3030303030303014,-0.031986531986531966,8.848484848484848,19,5,14,26.31578947368421,0.4926686217008798,-5.242424242424242,-0.2759170653907496,5.242424242424242
