market,symbol,strategy,variant_id,side,signal_index,entry_index,exit_index,signal_time,entry_time,exit_time,entry_price,exit_price,gross_units,net_units,r_multiple,tp_units,sl_units,cost_units,exit_reason,bars_held,size_multiplier,dollars_per_unit,pnl_dollars,risk_dollars,target_dollars,session_key,selection_key
futures,NQ,reddit_orb_retest,reddit_orb_retest|ny|range=15|entry=150|rr=2|sl_atr=1|tp_atr=1.5|threshold=2|adx_max=none|adx_min=none|rsi2=none|trend=all|max_bars=24,short,27545,27546,27568,2024-01-03 15:15:00+00:00,2024-01-03 15:30:00+00:00,2024-01-03 21:00:00+00:00,16579.5,16537.75,167.0,164.0,0.6456692913385826,502.0,251.0,3.0,session_close,22,8,0.5,656.0,1016.0,2008.0,2024-01-03,NQ	reddit_orb_retest	reddit_orb_retest|ny|range=15|entry=150|rr=2|sl_atr=1|tp_atr=1.5|threshold=2|adx_max=none|adx_min=none|rsi2=none|trend=all|max_bars=24
futures,NQ,reddit_orb_retest,reddit_orb_retest|ny|range=15|entry=150|rr=2|sl_atr=1|tp_atr=1.5|threshold=2|adx_max=none|adx_min=none|rsi2=none|trend=all|max_bars=24,long,27637,27638,27659,2024-01-04 15:15:00+00:00,2024-01-04 15:30:00+00:00,2024-01-04 20:45:00+00:00,16507.25,16443.25,-256.0,-259.0,-1.0,512.0,256.0,3.0,sl,21,8,0.5,-1036.0,1036.0,2048.0,2024-01-04,NQ	reddit_orb_retest	reddit_orb_retest|ny|range=15|entry=150|rr=2|sl_atr=1|tp_atr=1.5|threshold=2|adx_max=none|adx_min=none|rsi2=none|trend=all|max_bars=24
futures,ES,reddit_orb_retest,reddit_orb_retest|ny|range=15|entry=150|rr=2|sl_atr=1|tp_atr=1.5|threshold=2|adx_max=none|adx_min=none|rsi2=none|trend=all|max_bars=24,long,27916,27917,27918,2024-01-09 15:45:00+00:00,2024-01-09 16:00:00+00:00,2024-01-09 16:15:00+00:00,4776.5,4787.5,44.0,41.0,1.64,44.0,22.0,3.0,tp,1,30,1.25,1537.5,937.5,1650.0,2024-01-09,ES	reddit_orb_retest	reddit_orb_retest|ny|range=15|entry=150|rr=2|sl_atr=1|tp_atr=1.5|threshold=2|adx_max=none|adx_min=none|rsi2=none|trend=all|max_bars=24
futures,NQ,reddit_orb_retest,reddit_orb_retest|ny|range=15|entry=150|rr=2|sl_atr=1|tp_atr=1.5|threshold=2|adx_max=none|adx_min=none|rsi2=none|trend=all|max_bars=24,short,28189,28190,28212,2024-01-12 15:15:00+00:00,2024-01-12 15:30:00+00:00,2024-01-12 21:00:00+00:00,16966.25,16961.5,19.0,16.0,0.05442176870748299,582.0,291.0,3.0,session_close,22,8,0.5,64.0,1176.0,2328.0,2024-01-12,NQ	reddit_orb_retest	reddit_orb_retest|ny|range=15|entry=150|rr=2|sl_atr=1|tp_atr=1.5|threshold=2|adx_max=none|adx_min=none|rsi2=none|trend=all|max_bars=24
futures,ES,reddit_orb_retest,reddit_orb_retest|ny|range=15|entry=150|rr=2|sl_atr=1|tp_atr=1.5|threshold=2|adx_max=none|adx_min=none|rsi2=none|trend=all|max_bars=24,long,28289,28290,28293,2024-01-15 17:00:00+00:00,2024-01-15 17:15:00+00:00,2024-01-15 23:00:00+00:00,4813.0,4812.25,-3.0,-6.0,-0.4,24.0,12.0,3.0,session_close,3,30,1.25,-225.0,562.5,900.0,2024-01-15,ES	reddit_orb_retest	reddit_orb_retest|ny|range=15|entry=150|rr=2|sl_atr=1|tp_atr=1.5|threshold=2|adx_max=none|adx_min=none|rsi2=none|trend=all|max_bars=24
futures,NQ,reddit_orb_retest,reddit_orb_retest|ny|range=15|entry=150|rr=2|sl_atr=1|tp_atr=1.5|threshold=2|adx_max=none|adx_min=none|rsi2=none|trend=all|max_bars=24,long,28543,28544,28548,2024-01-18 15:45:00+00:00,2024-01-18 16:00:00+00:00,2024-01-18 17:00:00+00:00,17056.0,16994.75,-245.0,-248.0,-1.0,490.0,245.0,3.0,sl,4,8,0.5,-992.0,992.0,1960.0,2024-01-18,NQ	reddit_orb_retest	reddit_orb_retest|ny|range=15|entry=150|rr=2|sl_atr=1|tp_atr=1.5|threshold=2|adx_max=none|adx_min=none|rsi2=none|trend=all|max_bars=24
futures,ES,reddit_capitulation_reversion,reddit_capitulation_reversion|ny|range=15|entry=150|rr=2.5|sl_atr=1|tp_atr=1.5|threshold=1.75|adx_max=none|adx_min=none|rsi2=10.0|trend=long_only|max_bars=24,long,28631,28632,28645,2024-01-19 14:30:00+00:00,2024-01-19 14:45:00+00:00,2024-01-19 18:00:00+00:00,4816.0,4852.12,144.47999999999956,141.47999999999956,2.3272799052506348,144.47999999999956,57.79200000000128,3.0,tp,13,15,1.25,2652.749999999992,1139.850000000024,2708.999999999992,2024-01-19,ES	reddit_capitulation_reversion	reddit_capitulation_reversion|ny|range=15|entry=150|rr=2.5|sl_atr=1|tp_atr=1.5|threshold=1.75|adx_max=none|adx_min=none|rsi2=10.0|trend=long_only|max_bars=24
futures,NQ,reddit_orb_retest,reddit_orb_retest|ny|range=15|entry=150|rr=2|sl_atr=1|tp_atr=1.5|threshold=2|adx_max=none|adx_min=none|rsi2=none|trend=all|max_bars=24,long,28634,28635,28645,2024-01-19 15:30:00+00:00,2024-01-19 15:45:00+00:00,2024-01-19 18:15:00+00:00,17226.5,17347.0,482.0,479.0,1.9631147540983607,482.0,241.0,3.0,tp,10,8,0.5,1916.0,976.0,1928.0,2024-01-19,NQ	reddit_orb_retest	reddit_orb_retest|ny|range=15|entry=150|rr=2|sl_atr=1|tp_atr=1.5|threshold=2|adx_max=none|adx_min=none|rsi2=none|trend=all|max_bars=24
futures,ES,reddit_capitulation_reversion,reddit_capitulation_reversion|ny|range=15|entry=150|rr=2.5|sl_atr=1|tp_atr=1.5|threshold=1.75|adx_max=none|adx_min=none|rsi2=10.0|trend=long_only|max_bars=24,long,28728,28729,28749,2024-01-22 15:45:00+00:00,2024-01-22 16:00:00+00:00,2024-01-22 21:00:00+00:00,4881.5,4879.75,-7.0,-10.0,-0.1623956607879402,146.4449999999997,58.57800000000134,3.0,session_close,20,15,1.25,-187.5,1154.587500000025,2745.8437499999945,2024-01-22,ES	reddit_capitulation_reversion	reddit_capitulation_reversion|ny|range=15|entry=150|rr=2.5|sl_atr=1|tp_atr=1.5|threshold=1.75|adx_max=none|adx_min=none|rsi2=10.0|trend=long_only|max_bars=24
futures,NQ,reddit_orb_retest,reddit_orb_retest|ny|range=15|entry=150|rr=2|sl_atr=1|tp_atr=1.5|threshold=2|adx_max=none|adx_min=none|rsi2=none|trend=all|max_bars=24,long,28913,28914,28925,2024-01-24 16:15:00+00:00,2024-01-24 16:30:00+00:00,2024-01-24 19:15:00+00:00,17708.75,17637.5,-285.0,-288.0,-1.0,570.0,285.0,3.0,sl,11,8,0.5,-1152.0,1152.0,2280.0,2024-01-24,NQ	reddit_orb_retest	reddit_orb_retest|ny|range=15|entry=150|rr=2|sl_atr=1|tp_atr=1.5|threshold=2|adx_max=none|adx_min=none|rsi2=none|trend=all|max_bars=24
futures,ES,reddit_capitulation_reversion,reddit_capitulation_reversion|ny|range=15|entry=150|rr=2.5|sl_atr=1|tp_atr=1.5|threshold=1.75|adx_max=none|adx_min=none|rsi2=10.0|trend=long_only|max_bars=24,long,29188,29189,29206,2024-01-29 15:45:00+00:00,2024-01-29 16:00:00+00:00,2024-01-29 20:15:00+00:00,4914.25,4951.106875,147.4275000000016,144.4275000000016,2.3305659098610385,147.4275000000016,58.97100000000137,3.0,tp,17,15,1.25,2708.01562500003,1161.9562500000256,2764.26562500003,2024-01-29,ES	reddit_capitulation_reversion	reddit_capitulation_reversion|ny|range=15|entry=150|rr=2.5|sl_atr=1|tp_atr=1.5|threshold=1.75|adx_max=none|adx_min=none|rsi2=10.0|trend=long_only|max_bars=24
futures,NQ,reddit_orb_retest,reddit_orb_retest|ny|range=15|entry=150|rr=2|sl_atr=1|tp_atr=1.5|threshold=2|adx_max=none|adx_min=none|rsi2=none|trend=all|max_bars=24,long,29193,29194,29208,2024-01-29 17:15:00+00:00,2024-01-29 17:30:00+00:00,2024-01-29 21:00:00+00:00,17594.5,17698.0,414.0,411.0,1.5687022900763359,518.0,259.0,3.0,session_close,14,8,0.5,1644.0,1048.0,2072.0,2024-01-29,NQ	reddit_orb_retest	reddit_orb_retest|ny|range=15|entry=150|rr=2|sl_atr=1|tp_atr=1.5|threshold=2|adx_max=none|adx_min=none|rsi2=none|trend=all|max_bars=24
futures,NQ,reddit_orb_retest,reddit_orb_retest|ny|range=15|entry=150|rr=2|sl_atr=1|tp_atr=1.5|threshold=2|adx_max=none|adx_min=none|rsi2=none|trend=all|max_bars=24,short,29278,29279,29292,2024-01-30 15:30:00+00:00,2024-01-30 15:45:00+00:00,2024-01-30 19:00:00+00:00,17640.25,17551.25,356.0,353.0,1.9502762430939227,356.0,178.0,3.0,tp,13,8,0.5,1412.0,724.0,1424.0,2024-01-30,NQ	reddit_orb_retest	reddit_orb_retest|ny|range=15|entry=150|rr=2|sl_atr=1|tp_atr=1.5|threshold=2|adx_max=none|adx_min=none|rsi2=none|trend=all|max_bars=24
futures,NQ,reddit_orb_retest,reddit_orb_retest|ny|range=15|entry=150|rr=2|sl_atr=1|tp_atr=1.5|threshold=2|adx_max=none|adx_min=none|rsi2=none|trend=all|max_bars=24,long,29461,29462,29463,2024-02-01 15:15:00+00:00,2024-02-01 15:30:00+00:00,2024-02-01 15:45:00+00:00,17368.25,17294.25,-296.0,-299.0,-1.0,592.0,296.0,3.0,sl,1,8,0.5,-1196.0,1196.0,2368.0,2024-02-01,NQ	reddit_orb_retest	reddit_orb_retest|ny|range=15|entry=150|rr=2|sl_atr=1|tp_atr=1.5|threshold=2|adx_max=none|adx_min=none|rsi2=none|trend=all|max_bars=24
futures,ES,reddit_capitulation_reversion,reddit_capitulation_reversion|ny|range=15|entry=150|rr=2.5|sl_atr=1|tp_atr=1.5|threshold=1.75|adx_max=none|adx_min=none|rsi2=10.0|trend=long_only|max_bars=24,long,30124,30125,30129,2024-02-12 19:45:00+00:00,2024-02-12 20:00:00+00:00,2024-02-12 21:00:00+00:00,5037.0,5034.0,-12.0,-15.0,-0.23642897673539054,151.11000000000058,60.443999999999505,3.0,session_close,4,15,1.25,-281.25,1189.5749999999907,2833.312500000011,2024-02-12,ES	reddit_capitulation_reversion	reddit_capitulation_reversion|ny|range=15|entry=150|rr=2.5|sl_atr=1|tp_atr=1.5|threshold=1.75|adx_max=none|adx_min=none|rsi2=10.0|trend=long_only|max_bars=24
futures,NQ,reddit_orb_retest,reddit_orb_retest|ny|range=15|entry=150|rr=2|sl_atr=1|tp_atr=1.5|threshold=2|adx_max=none|adx_min=none|rsi2=none|trend=all|max_bars=24,short,30478,30479,30494,2024-02-16 16:30:00+00:00,2024-02-16 16:45:00+00:00,2024-02-16 20:30:00+00:00,17871.5,17754.5,468.0,465.0,1.9620253164556962,468.0,234.0,3.0,tp,15,8,0.5,1860.0,948.0,1872.0,2024-02-16,NQ	reddit_orb_retest	reddit_orb_retest|ny|range=15|entry=150|rr=2|sl_atr=1|tp_atr=1.5|threshold=2|adx_max=none|adx_min=none|rsi2=none|trend=all|max_bars=24
futures,NQ,reddit_orb_retest,reddit_orb_retest|ny|range=15|entry=150|rr=2|sl_atr=1|tp_atr=1.5|threshold=2|adx_max=none|adx_min=none|rsi2=none|trend=all|max_bars=24,short,30566,30567,30576,2024-02-19 15:30:00+00:00,2024-02-19 15:45:00+00:00,2024-02-19 23:00:00+00:00,17777.5,17764.0,54.0,51.0,0.4146341463414634,240.0,120.0,3.0,session_close,9,8,0.5,204.0,492.0,960.0,2024-02-19,NQ	reddit_orb_retest	reddit_orb_retest|ny|range=15|entry=150|rr=2|sl_atr=1|tp_atr=1.5|threshold=2|adx_max=none|adx_min=none|rsi2=none|trend=all|max_bars=24
futures,ES,reddit_orb_retest,reddit_orb_retest|ny|range=15|entry=150|rr=2|sl_atr=1|tp_atr=1.5|threshold=2|adx_max=none|adx_min=none|rsi2=none|trend=all|max_bars=24,short,30573,30574,30577,2024-02-19 17:00:00+00:00,2024-02-19 17:15:00+00:00,2024-02-19 23:00:00+00:00,5024.25,5019.75,18.0,15.0,0.75,34.0,17.0,3.0,session_close,3,30,1.25,562.5,750.0,1275.0,2024-02-19,ES	reddit_orb_retest	reddit_orb_retest|ny|range=15|entry=150|rr=2|sl_atr=1|tp_atr=1.5|threshold=2|adx_max=none|adx_min=none|rsi2=none|trend=all|max_bars=24
futures,NQ,reddit_orb_retest,reddit_orb_retest|ny|range=15|entry=150|rr=2|sl_atr=1|tp_atr=1.5|threshold=2|adx_max=none|adx_min=none|rsi2=none|trend=all|max_bars=24,long,30824,30825,30841,2024-02-22 15:00:00+00:00,2024-02-22 15:15:00+00:00,2024-02-22 19:15:00+00:00,17936.0,18080.0,576.0,573.0,1.9690721649484537,576.0,288.0,3.0,tp,16,8,0.5,2292.0,1164.0,2304.0,2024-02-22,NQ	reddit_orb_retest	reddit_orb_retest|ny|range=15|entry=150|rr=2|sl_atr=1|tp_atr=1.5|threshold=2|adx_max=none|adx_min=none|rsi2=none|trend=all|max_bars=24
futures,NQ,reddit_orb_retest,reddit_orb_retest|ny|range=15|entry=150|rr=2|sl_atr=1|tp_atr=1.5|threshold=2|adx_max=none|adx_min=none|rsi2=none|trend=all|max_bars=24,short,31285,31286,31290,2024-02-29 15:15:00+00:00,2024-02-29 15:30:00+00:00,2024-02-29 16:30:00+00:00,18017.5,17907.5,440.0,437.0,1.9596412556053813,440.0,220.0,3.0,tp,4,8,0.5,1748.0,892.0,1760.0,2024-02-29,NQ	reddit_orb_retest	reddit_orb_retest|ny|range=15|entry=150|rr=2|sl_atr=1|tp_atr=1.5|threshold=2|adx_max=none|adx_min=none|rsi2=none|trend=all|max_bars=24
futures,NQ,reddit_orb_retest,reddit_orb_retest|ny|range=15|entry=150|rr=2|sl_atr=1|tp_atr=1.5|threshold=2|adx_max=none|adx_min=none|rsi2=none|trend=all|max_bars=24,long,31378,31379,31390,2024-03-01 15:30:00+00:00,2024-03-01 15:45:00+00:00,2024-03-01 18:30:00+00:00,18169.75,18321.75,608.0,605.0,1.9706840390879479,608.0,304.0,3.0,tp,11,8,0.5,2420.0,1228.0,2432.0,2024-03-01,NQ	reddit_orb_retest	reddit_orb_retest|ny|range=15|entry=150|rr=2|sl_atr=1|tp_atr=1.5|threshold=2|adx_max=none|adx_min=none|rsi2=none|trend=all|max_bars=24
futures,ES,reddit_orb_retest,reddit_orb_retest|ny|range=15|entry=150|rr=2|sl_atr=1|tp_atr=1.5|threshold=2|adx_max=none|adx_min=none|rsi2=none|trend=all|max_bars=24,long,31472,31473,31487,2024-03-04 15:45:00+00:00,2024-03-04 16:00:00+00:00,2024-03-04 19:30:00+00:00,5142.0,5155.5,54.0,51.0,1.7,54.0,27.0,3.0,tp,14,30,1.25,1912.5,1125.0,2025.0,2024-03-04,ES	reddit_orb_retest	reddit_orb_retest|ny|range=15|entry=150|rr=2|sl_atr=1|tp_atr=1.5|threshold=2|adx_max=none|adx_min=none|rsi2=none|trend=all|max_bars=24
futures,ES,reddit_capitulation_reversion,reddit_capitulation_reversion|ny|range=15|entry=150|rr=2.5|sl_atr=1|tp_atr=1.5|threshold=1.75|adx_max=none|adx_min=none|rsi2=10.0|trend=long_only|max_bars=24,long,32112,32113,32137,2024-03-13 13:45:00+00:00,2024-03-13 14:00:00+00:00,2024-03-13 20:00:00+00:00,5232.75,5235.75,12.0,9.0,0.13679266791299677,156.98249999999825,62.793000000001484,3.0,session_close,24,15,1.25,168.75,1233.6187500000278,2943.4218749999673,2024-03-13,ES	reddit_capitulation_reversion	reddit_capitulation_reversion|ny|range=15|entry=150|rr=2.5|sl_atr=1|tp_atr=1.5|threshold=1.75|adx_max=none|adx_min=none|rsi2=10.0|trend=long_only|max_bars=24
futures,NQ,reddit_orb_retest,reddit_orb_retest|ny|range=15|entry=150|rr=2|sl_atr=1|tp_atr=1.5|threshold=2|adx_max=none|adx_min=none|rsi2=none|trend=all|max_bars=24,short,32664,32665,32688,2024-03-21 14:00:00+00:00,2024-03-21 14:15:00+00:00,2024-03-21 20:00:00+00:00,18646.25,18575.0,285.0,282.0,1.110236220472441,502.0,251.0,3.0,session_close,23,8,0.5,1128.0,1016.0,2008.0,2024-03-21,NQ	reddit_orb_retest	reddit_orb_retest|ny|range=15|entry=150|rr=2|sl_atr=1|tp_atr=1.5|threshold=2|adx_max=none|adx_min=none|rsi2=none|trend=all|max_bars=24
futures,NQ,reddit_orb_retest,reddit_orb_retest|ny|range=15|entry=150|rr=2|sl_atr=1|tp_atr=1.5|threshold=2|adx_max=none|adx_min=none|rsi2=none|trend=all|max_bars=24,long,32763,32764,32780,2024-03-22 15:45:00+00:00,2024-03-22 16:00:00+00:00,2024-03-22 20:00:00+00:00,18559.0,18562.25,13.0,10.0,0.045662100456621,432.0,216.0,3.0,session_close,16,8,0.5,40.0,876.0,1728.0,2024-03-22,NQ	reddit_orb_retest	reddit_orb_retest|ny|range=15|entry=150|rr=2|sl_atr=1|tp_atr=1.5|threshold=2|adx_max=none|adx_min=none|rsi2=none|trend=all|max_bars=24
futures,NQ,reddit_orb_retest,reddit_orb_retest|ny|range=15|entry=150|rr=2|sl_atr=1|tp_atr=1.5|threshold=2|adx_max=none|adx_min=none|rsi2=none|trend=all|max_bars=24,long,33126,33127,33137,2024-03-28 14:30:00+00:00,2024-03-28 14:45:00+00:00,2024-03-28 17:15:00+00:00,18512.5,18457.25,-221.0,-224.0,-1.0,442.0,221.0,3.0,sl,10,8,0.5,-896.0,896.0,1768.0,2024-03-28,NQ	reddit_orb_retest	reddit_orb_retest|ny|range=15|entry=150|rr=2|sl_atr=1|tp_atr=1.5|threshold=2|adx_max=none|adx_min=none|rsi2=none|trend=all|max_bars=24
futures,ES,reddit_orb_retest,reddit_orb_retest|ny|range=15|entry=150|rr=2|sl_atr=1|tp_atr=1.5|threshold=2|adx_max=none|adx_min=none|rsi2=none|trend=all|max_bars=24,long,33128,33129,33139,2024-03-28 14:45:00+00:00,2024-03-28 15:00:00+00:00,2024-03-28 17:30:00+00:00,5312.5,5305.0,-30.0,-33.0,-1.0,60.0,30.0,3.0,sl,10,30,1.25,-1237.5,1237.5,2250.0,2024-03-28,ES	reddit_orb_retest	reddit_orb_retest|ny|range=15|entry=150|rr=2|sl_atr=1|tp_atr=1.5|threshold=2|adx_max=none|adx_min=none|rsi2=none|trend=all|max_bars=24
futures,NQ,reddit_orb_retest,reddit_orb_retest|ny|range=15|entry=150|rr=2|sl_atr=1|tp_atr=1.5|threshold=2|adx_max=none|adx_min=none|rsi2=none|trend=all|max_bars=24,short,33311,33312,33320,2024-04-02 14:45:00+00:00,2024-04-02 15:00:00+00:00,2024-04-02 17:00:00+00:00,18216.0,18292.0,-304.0,-307.0,-1.0,608.0,304.0,3.0,sl,8,8,0.5,-1228.0,1228.0,2432.0,2024-04-02,NQ	reddit_orb_retest	reddit_orb_retest|ny|range=15|entry=150|rr=2|sl_atr=1|tp_atr=1.5|threshold=2|adx_max=none|adx_min=none|rsi2=none|trend=all|max_bars=24
futures,NQ,reddit_orb_retest,reddit_orb_retest|ny|range=15|entry=150|rr=2|sl_atr=1|tp_atr=1.5|threshold=2|adx_max=none|adx_min=none|rsi2=none|trend=all|max_bars=24,short,33492,33493,33508,2024-04-04 14:00:00+00:00,2024-04-04 14:15:00+00:00,2024-04-04 18:00:00+00:00,18518.25,18418.75,398.0,395.0,1.9554455445544554,398.0,199.0,3.0,tp,15,8,0.5,1580.0,808.0,1592.0,2024-04-04,NQ	reddit_orb_retest	reddit_orb_retest|ny|range=15|entry=150|rr=2|sl_atr=1|tp_atr=1.5|threshold=2|adx_max=none|adx_min=none|rsi2=none|trend=all|max_bars=24
futures,ES,reddit_capitulation_reversion,reddit_capitulation_reversion|ny|range=15|entry=150|rr=2.5|sl_atr=1|tp_atr=1.5|threshold=1.75|adx_max=none|adx_min=none|rsi2=10.0|trend=long_only|max_bars=24,long,33508,33509,33509,2024-04-04 17:45:00+00:00,2024-04-04 18:00:00+00:00,2024-04-04 18:00:00+00:00,5287.5,5271.6375,-63.45000000000073,-66.45000000000073,-1.0,158.625,63.45000000000073,3.0,sl,1,15,1.25,-1245.9375000000136,1245.9375000000136,2974.21875,2024-04-04,ES	reddit_capitulation_reversion	reddit_capitulation_reversion|ny|range=15|entry=150|rr=2.5|sl_atr=1|tp_atr=1.5|threshold=1.75|adx_max=none|adx_min=none|rsi2=10.0|trend=long_only|max_bars=24
futures,NQ,reddit_orb_retest,reddit_orb_retest|ny|range=15|entry=150|rr=2|sl_atr=1|tp_atr=1.5|threshold=2|adx_max=none|adx_min=none|rsi2=none|trend=all|max_bars=24,short,34605,34606,34608,2024-04-22 16:15:00+00:00,2024-04-22 16:30:00+00:00,2024-04-22 17:00:00+00:00,17259.25,17307.5,-193.0,-196.0,-1.0,386.0,193.0,3.0,sl,2,8,0.5,-784.0,784.0,1544.0,2024-04-22,NQ	reddit_orb_retest	reddit_orb_retest|ny|range=15|entry=150|rr=2|sl_atr=1|tp_atr=1.5|threshold=2|adx_max=none|adx_min=none|rsi2=none|trend=all|max_bars=24
futures,ES,reddit_capitulation_reversion,reddit_capitulation_reversion|ny|range=15|entry=150|rr=2.5|sl_atr=1|tp_atr=1.5|threshold=1.75|adx_max=none|adx_min=none|rsi2=10.0|trend=long_only|max_bars=24,long,34785,34786,34805,2024-04-24 15:00:00+00:00,2024-04-24 15:15:00+00:00,2024-04-24 20:00:00+00:00,5095.25,5086.25,-36.0,-39.0,-0.6080164632150037,152.85749999999825,61.14300000000003,3.0,session_close,19,15,1.25,-731.25,1202.6812500000005,2866.0781249999673,2024-04-24,ES	reddit_capitulation_reversion	reddit_capitulation_reversion|ny|range=15|entry=150|rr=2.5|sl_atr=1|tp_atr=1.5|threshold=1.75|adx_max=none|adx_min=none|rsi2=10.0|trend=long_only|max_bars=24
futures,NQ,reddit_orb_retest,reddit_orb_retest|ny|range=15|entry=150|rr=2|sl_atr=1|tp_atr=1.5|threshold=2|adx_max=none|adx_min=none|rsi2=none|trend=all|max_bars=24,short,35241,35242,35256,2024-05-01 14:15:00+00:00,2024-05-01 14:30:00+00:00,2024-05-01 18:00:00+00:00,17468.25,17517.5,-197.0,-200.0,-1.0,394.0,197.0,3.0,sl,14,8,0.5,-800.0,800.0,1576.0,2024-05-01,NQ	reddit_orb_retest	reddit_orb_retest|ny|range=15|entry=150|rr=2|sl_atr=1|tp_atr=1.5|threshold=2|adx_max=none|adx_min=none|rsi2=none|trend=all|max_bars=24
futures,NQ,reddit_orb_retest,reddit_orb_retest|ny|range=15|entry=150|rr=2|sl_atr=1|tp_atr=1.5|threshold=2|adx_max=none|adx_min=none|rsi2=none|trend=all|max_bars=24,long,35426,35427,35428,2024-05-03 14:30:00+00:00,2024-05-03 14:45:00+00:00,2024-05-03 15:00:00+00:00,17982.75,17910.5,-289.0,-292.0,-1.0,578.0,289.0,3.0,sl,1,8,0.5,-1168.0,1168.0,2312.0,2024-05-03,NQ	reddit_orb_retest	reddit_orb_retest|ny|range=15|entry=150|rr=2|sl_atr=1|tp_atr=1.5|threshold=2|adx_max=none|adx_min=none|rsi2=none|trend=all|max_bars=24
futures,NQ,reddit_orb_retest,reddit_orb_retest|ny|range=15|entry=150|rr=2|sl_atr=1|tp_atr=1.5|threshold=2|adx_max=none|adx_min=none|rsi2=none|trend=all|max_bars=24,short,35609,35610,35611,2024-05-07 14:15:00+00:00,2024-05-07 14:30:00+00:00,2024-05-07 14:45:00+00:00,18188.25,18236.0,-191.0,-194.0,-1.0,382.0,191.0,3.0,sl,1,8,0.5,-776.0,776.0,1528.0,2024-05-07,NQ	reddit_orb_retest	reddit_orb_retest|ny|range=15|entry=150|rr=2|sl_atr=1|tp_atr=1.5|threshold=2|adx_max=none|adx_min=none|rsi2=none|trend=all|max_bars=24
futures,ES,reddit_capitulation_reversion,reddit_capitulation_reversion|ny|range=15|entry=150|rr=2.5|sl_atr=1|tp_atr=1.5|threshold=1.75|adx_max=none|adx_min=none|rsi2=10.0|trend=long_only|max_bars=24,long,35624,35625,35633,2024-05-07 17:45:00+00:00,2024-05-07 18:00:00+00:00,2024-05-07 20:00:00+00:00,5211.0,5215.5,18.0,15.0,0.2288958066288252,156.33000000000175,62.53199999999924,3.0,session_close,8,15,1.25,281.25,1228.7249999999858,2931.1875000000327,2024-05-07,ES	reddit_capitulation_reversion	reddit_capitulation_reversion|ny|range=15|entry=150|rr=2.5|sl_atr=1|tp_atr=1.5|threshold=1.75|adx_max=none|adx_min=none|rsi2=10.0|trend=long_only|max_bars=24
futures,ES,reddit_capitulation_reversion,reddit_capitulation_reversion|ny|range=15|entry=150|rr=2.5|sl_atr=1|tp_atr=1.5|threshold=1.75|adx_max=none|adx_min=none|rsi2=10.0|trend=long_only|max_bars=24,long,35886,35887,35909,2024-05-10 14:15:00+00:00,2024-05-10 14:30:00+00:00,2024-05-10 20:00:00+00:00,5245.0,5244.25,-3.0,-6.0,-0.09099181073703548,157.34999999999854,62.93999999999869,3.0,session_close,22,15,1.25,-112.5,1236.3749999999754,2950.3124999999727,2024-05-10,ES	reddit_capitulation_reversion	reddit_capitulation_reversion|ny|range=15|entry=150|rr=2.5|sl_atr=1|tp_atr=1.5|threshold=1.75|adx_max=none|adx_min=none|rsi2=10.0|trend=long_only|max_bars=24
futures,NQ,reddit_orb_retest,reddit_orb_retest|ny|range=15|entry=150|rr=2|sl_atr=1|tp_atr=1.5|threshold=2|adx_max=none|adx_min=none|rsi2=none|trend=all|max_bars=24,long,36071,36072,36092,2024-05-14 14:45:00+00:00,2024-05-14 15:00:00+00:00,2024-05-14 20:00:00+00:00,18339.0,18412.5,294.0,291.0,0.9797979797979798,588.0,294.0,3.0,session_close,20,8,0.5,1164.0,1188.0,2352.0,2024-05-14,NQ	reddit_orb_retest	reddit_orb_retest|ny|range=15|entry=150|rr=2|sl_atr=1|tp_atr=1.5|threshold=2|adx_max=none|adx_min=none|rsi2=none|trend=all|max_bars=24
futures,NQ,reddit_orb_retest,reddit_orb_retest|ny|range=15|entry=150|rr=2|sl_atr=1|tp_atr=1.5|threshold=2|adx_max=none|adx_min=none|rsi2=none|trend=all|max_bars=24,long,36253,36254,36265,2024-05-16 14:15:00+00:00,2024-05-16 14:30:00+00:00,2024-05-16 17:15:00+00:00,18716.5,18672.0,-178.0,-181.0,-1.0,356.0,178.0,3.0,sl,11,8,0.5,-724.0,724.0,1424.0,2024-05-16,NQ	reddit_orb_retest	reddit_orb_retest|ny|range=15|entry=150|rr=2|sl_atr=1|tp_atr=1.5|threshold=2|adx_max=none|adx_min=none|rsi2=none|trend=all|max_bars=24
futures,NQ,reddit_orb_retest,reddit_orb_retest|ny|range=15|entry=150|rr=2|sl_atr=1|tp_atr=1.5|threshold=2|adx_max=none|adx_min=none|rsi2=none|trend=all|max_bars=24,short,36344,36345,36346,2024-05-17 14:00:00+00:00,2024-05-17 14:15:00+00:00,2024-05-17 14:30:00+00:00,18637.0,18667.5,-122.0,-125.0,-1.0,244.0,122.0,3.0,sl,1,8,0.5,-500.0,500.0,976.0,2024-05-17,NQ	reddit_orb_retest	reddit_orb_retest|ny|range=15|entry=150|rr=2|sl_atr=1|tp_atr=1.5|threshold=2|adx_max=none|adx_min=none|rsi2=none|trend=all|max_bars=24
futures,NQ,reddit_orb_retest,reddit_orb_retest|ny|range=15|entry=150|rr=2|sl_atr=1|tp_atr=1.5|threshold=2|adx_max=none|adx_min=none|rsi2=none|trend=all|max_bars=24,long,36529,36530,36552,2024-05-21 14:15:00+00:00,2024-05-21 14:30:00+00:00,2024-05-21 20:00:00+00:00,18730.75,18799.25,274.0,271.0,1.266355140186916,422.0,211.0,3.0,session_close,22,8,0.5,1084.0,856.0,1688.0,2024-05-21,NQ	reddit_orb_retest	reddit_orb_retest|ny|range=15|entry=150|rr=2|sl_atr=1|tp_atr=1.5|threshold=2|adx_max=none|adx_min=none|rsi2=none|trend=all|max_bars=24
futures,ES,reddit_orb_retest,reddit_orb_retest|ny|range=15|entry=150|rr=2|sl_atr=1|tp_atr=1.5|threshold=2|adx_max=none|adx_min=none|rsi2=none|trend=all|max_bars=24,long,36621,36622,36628,2024-05-22 14:00:00+00:00,2024-05-22 14:15:00+00:00,2024-05-22 15:45:00+00:00,5342.75,5337.25,-22.0,-25.0,-1.0,44.0,22.0,3.0,sl,6,30,1.25,-937.5,937.5,1650.0,2024-05-22,ES	reddit_orb_retest	reddit_orb_retest|ny|range=15|entry=150|rr=2|sl_atr=1|tp_atr=1.5|threshold=2|adx_max=none|adx_min=none|rsi2=none|trend=all|max_bars=24
futures,NQ,reddit_orb_retest,reddit_orb_retest|ny|range=15|entry=150|rr=2|sl_atr=1|tp_atr=1.5|threshold=2|adx_max=none|adx_min=none|rsi2=none|trend=all|max_bars=24,long,36628,36629,36634,2024-05-22 16:00:00+00:00,2024-05-22 16:15:00+00:00,2024-05-22 17:30:00+00:00,18829.5,18788.75,-163.0,-166.0,-1.0,326.0,163.0,3.0,sl,5,8,0.5,-664.0,664.0,1304.0,2024-05-22,NQ	reddit_orb_retest	reddit_orb_retest|ny|range=15|entry=150|rr=2|sl_atr=1|tp_atr=1.5|threshold=2|adx_max=none|adx_min=none|rsi2=none|trend=all|max_bars=24
futures,ES,reddit_orb_retest,reddit_orb_retest|ny|range=15|entry=150|rr=2|sl_atr=1|tp_atr=1.5|threshold=2|adx_max=none|adx_min=none|rsi2=none|trend=all|max_bars=24,short,36977,36978,36990,2024-05-28 15:00:00+00:00,2024-05-28 15:15:00+00:00,2024-05-28 18:15:00+00:00,5324.0,5309.5,58.0,55.0,1.71875,58.0,29.0,3.0,tp,12,30,1.25,2062.5,1200.0,2175.0,2024-05-28,ES	reddit_orb_retest	reddit_orb_retest|ny|range=15|entry=150|rr=2|sl_atr=1|tp_atr=1.5|threshold=2|adx_max=none|adx_min=none|rsi2=none|trend=all|max_bars=24
futures,NQ,reddit_orb_retest,reddit_orb_retest|ny|range=15|entry=150|rr=2|sl_atr=1|tp_atr=1.5|threshold=2|adx_max=none|adx_min=none|rsi2=none|trend=all|max_bars=24,long,37064,37065,37088,2024-05-29 14:00:00+00:00,2024-05-29 14:15:00+00:00,2024-05-29 20:00:00+00:00,18837.5,18797.0,-162.0,-165.0,-0.5339805825242718,612.0,306.0,3.0,session_close,23,8,0.5,-660.0,1236.0,2448.0,2024-05-29,NQ	reddit_orb_retest	reddit_orb_retest|ny|range=15|entry=150|rr=2|sl_atr=1|tp_atr=1.5|threshold=2|adx_max=none|adx_min=none|rsi2=none|trend=all|max_bars=24
futures,NQ,reddit_orb_retest,reddit_orb_retest|ny|range=15|entry=150|rr=2|sl_atr=1|tp_atr=1.5|threshold=2|adx_max=none|adx_min=none|rsi2=none|trend=all|max_bars=24,short,37340,37341,37343,2024-06-03 14:00:00+00:00,2024-06-03 14:15:00+00:00,2024-06-03 14:45:00+00:00,18694.75,18584.75,440.0,437.0,1.9596412556053813,440.0,220.0,3.0,tp,2,8,0.5,1748.0,892.0,1760.0,2024-06-03,NQ	reddit_orb_retest	reddit_orb_retest|ny|range=15|entry=150|rr=2|sl_atr=1|tp_atr=1.5|threshold=2|adx_max=none|adx_min=none|rsi2=none|trend=all|max_bars=24
futures,NQ,reddit_orb_retest,reddit_orb_retest|ny|range=15|entry=150|rr=2|sl_atr=1|tp_atr=1.5|threshold=2|adx_max=none|adx_min=none|rsi2=none|trend=all|max_bars=24,short,37440,37441,37443,2024-06-04 16:00:00+00:00,2024-06-04 16:15:00+00:00,2024-06-04 16:45:00+00:00,18581.25,18650.75,-278.0,-281.0,-1.0,556.0,278.0,3.0,sl,2,8,0.5,-1124.0,1124.0,2224.0,2024-06-04,NQ	reddit_orb_retest	reddit_orb_retest|ny|range=15|entry=150|rr=2|sl_atr=1|tp_atr=1.5|threshold=2|adx_max=none|adx_min=none|rsi2=none|trend=all|max_bars=24
futures,NQ,reddit_orb_retest,reddit_orb_retest|ny|range=15|entry=150|rr=2|sl_atr=1|tp_atr=1.5|threshold=2|adx_max=none|adx_min=none|rsi2=none|trend=all|max_bars=24,short,37617,37618,37640,2024-06-06 14:15:00+00:00,2024-06-06 14:30:00+00:00,2024-06-06 20:00:00+00:00,19080.5,19065.75,59.0,56.0,0.3888888888888889,282.0,141.0,3.0,session_close,22,8,0.5,224.0,576.0,1128.0,2024-06-06,NQ	reddit_orb_retest	reddit_orb_retest|ny|range=15|entry=150|rr=2|sl_atr=1|tp_atr=1.5|threshold=2|adx_max=none|adx_min=none|rsi2=none|trend=all|max_bars=24
futures,NQ,reddit_orb_retest,reddit_orb_retest|ny|range=15|entry=150|rr=2|sl_atr=1|tp_atr=1.5|threshold=2|adx_max=none|adx_min=none|rsi2=none|trend=all|max_bars=24,long,37713,37714,37732,2024-06-07 15:15:00+00:00,2024-06-07 15:30:00+00:00,2024-06-07 20:00:00+00:00,19066.25,19025.0,-165.0,-168.0,-0.5637583892617449,590.0,295.0,3.0,session_close,18,8,0.5,-672.0,1192.0,2360.0,2024-06-07,NQ	reddit_orb_retest	reddit_orb_retest|ny|range=15|entry=150|rr=2|sl_atr=1|tp_atr=1.5|threshold=2|adx_max=none|adx_min=none|rsi2=none|trend=all|max_bars=24
futures,NQ,reddit_orb_retest,reddit_orb_retest|ny|range=15|entry=150|rr=2|sl_atr=1|tp_atr=1.5|threshold=2|adx_max=none|adx_min=none|rsi2=none|trend=all|max_bars=24,long,37802,37803,37824,2024-06-10 14:30:00+00:00,2024-06-10 14:45:00+00:00,2024-06-10 20:00:00+00:00,19033.25,19089.75,226.0,223.0,0.9911111111111112,444.0,222.0,3.0,session_close,21,8,0.5,892.0,900.0,1776.0,2024-06-10,NQ	reddit_orb_retest	reddit_orb_retest|ny|range=15|entry=150|rr=2|sl_atr=1|tp_atr=1.5|threshold=2|adx_max=none|adx_min=none|rsi2=none|trend=all|max_bars=24
futures,NQ,reddit_orb_retest,reddit_orb_retest|ny|range=15|entry=150|rr=2|sl_atr=1|tp_atr=1.5|threshold=2|adx_max=none|adx_min=none|rsi2=none|trend=all|max_bars=24,long,38169,38170,38192,2024-06-14 14:15:00+00:00,2024-06-14 14:30:00+00:00,2024-06-14 20:00:00+00:00,19624.25,19686.25,248.0,245.0,0.9040590405904059,536.0,268.0,3.0,session_close,22,8,0.5,980.0,1084.0,2144.0,2024-06-14,NQ	reddit_orb_retest	reddit_orb_retest|ny|range=15|entry=150|rr=2|sl_atr=1|tp_atr=1.5|threshold=2|adx_max=none|adx_min=none|rsi2=none|trend=all|max_bars=24
futures,NQ,reddit_orb_retest,reddit_orb_retest|ny|range=15|entry=150|rr=2|sl_atr=1|tp_atr=1.5|threshold=2|adx_max=none|adx_min=none|rsi2=none|trend=all|max_bars=24,short,38353,38354,38367,2024-06-18 14:15:00+00:00,2024-06-18 14:30:00+00:00,2024-06-18 17:45:00+00:00,19905.25,19944.25,-156.0,-159.0,-1.0,312.0,156.0,3.0,sl,13,8,0.5,-636.0,636.0,1248.0,2024-06-18,NQ	reddit_orb_retest	reddit_orb_retest|ny|range=15|entry=150|rr=2|sl_atr=1|tp_atr=1.5|threshold=2|adx_max=none|adx_min=none|rsi2=none|trend=all|max_bars=24
futures,ES,reddit_orb_retest,reddit_orb_retest|ny|range=15|entry=150|rr=2|sl_atr=1|tp_atr=1.5|threshold=2|adx_max=none|adx_min=none|rsi2=none|trend=all|max_bars=24,short,38445,38446,38457,2024-06-19 14:00:00+00:00,2024-06-19 14:15:00+00:00,2024-06-19 22:00:00+00:00,5563.25,5562.5,3.0,0.0,0.0,26.0,13.0,3.0,session_close,11,30,1.25,0.0,600.0,975.0,2024-06-19,ES	reddit_orb_retest	reddit_orb_retest|ny|range=15|entry=150|rr=2|sl_atr=1|tp_atr=1.5|threshold=2|adx_max=none|adx_min=none|rsi2=none|trend=all|max_bars=24
futures,NQ,reddit_orb_retest,reddit_orb_retest|ny|range=15|entry=150|rr=2|sl_atr=1|tp_atr=1.5|threshold=2|adx_max=none|adx_min=none|rsi2=none|trend=all|max_bars=24,short,38525,38526,38530,2024-06-20 15:15:00+00:00,2024-06-20 15:30:00+00:00,2024-06-20 16:30:00+00:00,20189.75,20046.25,574.0,571.0,1.9689655172413794,574.0,287.0,3.0,tp,4,8,0.5,2284.0,1160.0,2296.0,2024-06-20,NQ	reddit_orb_retest	reddit_orb_retest|ny|range=15|entry=150|rr=2|sl_atr=1|tp_atr=1.5|threshold=2|adx_max=none|adx_min=none|rsi2=none|trend=all|max_bars=24
futures,NQ,reddit_orb_retest,reddit_orb_retest|ny|range=15|entry=150|rr=2|sl_atr=1|tp_atr=1.5|threshold=2|adx_max=none|adx_min=none|rsi2=none|trend=all|max_bars=24,short,38613,38614,38617,2024-06-21 14:15:00+00:00,2024-06-21 14:30:00+00:00,2024-06-21 15:15:00+00:00,19965.0,20028.0,-252.0,-255.0,-1.0,504.0,252.0,3.0,sl,3,8,0.5,-1020.0,1020.0,2016.0,2024-06-21,NQ	reddit_orb_retest	reddit_orb_retest|ny|range=15|entry=150|rr=2|sl_atr=1|tp_atr=1.5|threshold=2|adx_max=none|adx_min=none|rsi2=none|trend=all|max_bars=24
futures,NQ,reddit_orb_retest,reddit_orb_retest|ny|range=15|entry=150|rr=2|sl_atr=1|tp_atr=1.5|threshold=2|adx_max=none|adx_min=none|rsi2=none|trend=all|max_bars=24,long,38889,38890,38892,2024-06-26 14:15:00+00:00,2024-06-26 14:30:00+00:00,2024-06-26 15:00:00+00:00,19959.25,19919.25,-160.0,-163.0,-1.0,320.0,160.0,3.0,sl,2,8,0.5,-652.0,652.0,1280.0,2024-06-26,NQ	reddit_orb_retest	reddit_orb_retest|ny|range=15|entry=150|rr=2|sl_atr=1|tp_atr=1.5|threshold=2|adx_max=none|adx_min=none|rsi2=none|trend=all|max_bars=24
futures,NQ,reddit_orb_retest,reddit_orb_retest|ny|range=15|entry=150|rr=2|sl_atr=1|tp_atr=1.5|threshold=2|adx_max=none|adx_min=none|rsi2=none|trend=all|max_bars=24,long,39079,39080,39081,2024-06-28 15:45:00+00:00,2024-06-28 16:00:00+00:00,2024-06-28 16:15:00+00:00,20109.0,20039.25,-279.0,-282.0,-1.0,558.0,279.0,3.0,sl,1,8,0.5,-1128.0,1128.0,2232.0,2024-06-28,NQ	reddit_orb_retest	reddit_orb_retest|ny|range=15|entry=150|rr=2|sl_atr=1|tp_atr=1.5|threshold=2|adx_max=none|adx_min=none|rsi2=none|trend=all|max_bars=24
futures,NQ,reddit_orb_retest,reddit_orb_retest|ny|range=15|entry=150|rr=2|sl_atr=1|tp_atr=1.5|threshold=2|adx_max=none|adx_min=none|rsi2=none|trend=all|max_bars=24,long,39348,39349,39357,2024-07-03 14:00:00+00:00,2024-07-03 14:15:00+00:00,2024-07-03 16:15:00+00:00,20283.25,20417.75,538.0,535.0,1.9669117647058822,538.0,269.0,3.0,tp,8,8,0.5,2140.0,1088.0,2152.0,2024-07-03,NQ	reddit_orb_retest	reddit_orb_retest|ny|range=15|entry=150|rr=2|sl_atr=1|tp_atr=1.5|threshold=2|adx_max=none|adx_min=none|rsi2=none|trend=all|max_bars=24
futures,NQ,reddit_orb_retest,reddit_orb_retest|ny|range=15|entry=150|rr=2|sl_atr=1|tp_atr=1.5|threshold=2|adx_max=none|adx_min=none|rsi2=none|trend=all|max_bars=24,short,39429,39430,39437,2024-07-04 15:00:00+00:00,2024-07-04 15:15:00+00:00,2024-07-04 22:00:00+00:00,20386.75,20384.0,11.0,8.0,0.09876543209876543,156.0,78.0,3.0,session_close,7,8,0.5,32.0,324.0,624.0,2024-07-04,NQ	reddit_orb_retest	reddit_orb_retest|ny|range=15|entry=150|rr=2|sl_atr=1|tp_atr=1.5|threshold=2|adx_max=none|adx_min=none|rsi2=none|trend=all|max_bars=24
futures,NQ,reddit_orb_retest,reddit_orb_retest|ny|range=15|entry=150|rr=2|sl_atr=1|tp_atr=1.5|threshold=2|adx_max=none|adx_min=none|rsi2=none|trend=all|max_bars=24,long,39502,39503,39525,2024-07-05 14:15:00+00:00,2024-07-05 14:30:00+00:00,2024-07-05 20:00:00+00:00,20517.25,20612.75,382.0,379.0,1.2186495176848875,616.0,308.0,3.0,session_close,22,8,0.5,1516.0,1244.0,2464.0,2024-07-05,NQ	reddit_orb_retest	reddit_orb_retest|ny|range=15|entry=150|rr=2|sl_atr=1|tp_atr=1.5|threshold=2|adx_max=none|adx_min=none|rsi2=none|trend=all|max_bars=24
futures,NQ,reddit_orb_retest,reddit_orb_retest|ny|range=15|entry=150|rr=2|sl_atr=1|tp_atr=1.5|threshold=2|adx_max=none|adx_min=none|rsi2=none|trend=all|max_bars=24,short,39688,39689,39709,2024-07-09 14:45:00+00:00,2024-07-09 15:00:00+00:00,2024-07-09 20:00:00+00:00,20708.25,20675.25,132.0,129.0,0.5657894736842105,450.0,225.0,3.0,session_close,20,8,0.5,516.0,912.0,1800.0,2024-07-09,NQ	reddit_orb_retest	reddit_orb_retest|ny|range=15|entry=150|rr=2|sl_atr=1|tp_atr=1.5|threshold=2|adx_max=none|adx_min=none|rsi2=none|trend=all|max_bars=24
futures,ES,reddit_orb_retest,reddit_orb_retest|ny|range=15|entry=150|rr=2|sl_atr=1|tp_atr=1.5|threshold=2|adx_max=none|adx_min=none|rsi2=none|trend=all|max_bars=24,short,39691,39692,39694,2024-07-09 15:15:00+00:00,2024-07-09 15:30:00+00:00,2024-07-09 16:00:00+00:00,5634.25,5640.5,-25.0,-28.0,-1.0,50.0,25.0,3.0,sl,2,30,1.25,-1050.0,1050.0,1875.0,2024-07-09,ES	reddit_orb_retest	reddit_orb_retest|ny|range=15|entry=150|rr=2|sl_atr=1|tp_atr=1.5|threshold=2|adx_max=none|adx_min=none|rsi2=none|trend=all|max_bars=24
futures,ES,reddit_orb_retest,reddit_orb_retest|ny|range=15|entry=150|rr=2|sl_atr=1|tp_atr=1.5|threshold=2|adx_max=none|adx_min=none|rsi2=none|trend=all|max_bars=24,long,39779,39780,39782,2024-07-10 14:15:00+00:00,2024-07-10 14:30:00+00:00,2024-07-10 15:00:00+00:00,5646.25,5640.5,-23.0,-26.0,-1.0,46.0,23.0,3.0,sl,2,30,1.25,-975.0,975.0,1725.0,2024-07-10,ES	reddit_orb_retest	reddit_orb_retest|ny|range=15|entry=150|rr=2|sl_atr=1|tp_atr=1.5|threshold=2|adx_max=none|adx_min=none|rsi2=none|trend=all|max_bars=24
futures,NQ,reddit_orb_retest,reddit_orb_retest|ny|range=15|entry=150|rr=2|sl_atr=1|tp_atr=1.5|threshold=2|adx_max=none|adx_min=none|rsi2=none|trend=all|max_bars=24,long,41985,41986,41996,2024-08-13 14:00:00+00:00,2024-08-13 14:15:00+00:00,2024-08-13 16:45:00+00:00,18890.5,19039.0,594.0,591.0,1.97,594.0,297.0,3.0,tp,10,8,0.5,2364.0,1200.0,2376.0,2024-08-13,NQ	reddit_orb_retest	reddit_orb_retest|ny|range=15|entry=150|rr=2|sl_atr=1|tp_atr=1.5|threshold=2|adx_max=none|adx_min=none|rsi2=none|trend=all|max_bars=24
futures,NQ,reddit_orb_retest,reddit_orb_retest|ny|range=15|entry=150|rr=2|sl_atr=1|tp_atr=1.5|threshold=2|adx_max=none|adx_min=none|rsi2=none|trend=all|max_bars=24,long,42537,42538,42539,2024-08-21 14:00:00+00:00,2024-08-21 14:15:00+00:00,2024-08-21 14:30:00+00:00,19867.25,19975.75,434.0,431.0,1.959090909090909,434.0,217.0,3.0,tp,1,8,0.5,1724.0,880.0,1736.0,2024-08-21,NQ	reddit_orb_retest	reddit_orb_retest|ny|range=15|entry=150|rr=2|sl_atr=1|tp_atr=1.5|threshold=2|adx_max=none|adx_min=none|rsi2=none|trend=all|max_bars=24
futures,NQ,reddit_orb_retest,reddit_orb_retest|ny|range=15|entry=150|rr=2|sl_atr=1|tp_atr=1.5|threshold=2|adx_max=none|adx_min=none|rsi2=none|trend=all|max_bars=24,long,42726,42727,42729,2024-08-23 15:15:00+00:00,2024-08-23 15:30:00+00:00,2024-08-23 16:00:00+00:00,19770.25,19706.5,-255.0,-258.0,-1.0,510.0,255.0,3.0,sl,2,8,0.5,-1032.0,1032.0,2040.0,2024-08-23,NQ	reddit_orb_retest	reddit_orb_retest|ny|range=15|entry=150|rr=2|sl_atr=1|tp_atr=1.5|threshold=2|adx_max=none|adx_min=none|rsi2=none|trend=all|max_bars=24
futures,NQ,reddit_orb_retest,reddit_orb_retest|ny|range=15|entry=150|rr=2|sl_atr=1|tp_atr=1.5|threshold=2|adx_max=none|adx_min=none|rsi2=none|trend=all|max_bars=24,short,42998,42999,43001,2024-08-28 14:15:00+00:00,2024-08-28 14:30:00+00:00,2024-08-28 15:00:00+00:00,19580.25,19427.75,610.0,607.0,1.9707792207792207,610.0,305.0,3.0,tp,2,8,0.5,2428.0,1232.0,2440.0,2024-08-28,NQ	reddit_orb_retest	reddit_orb_retest|ny|range=15|entry=150|rr=2|sl_atr=1|tp_atr=1.5|threshold=2|adx_max=none|adx_min=none|rsi2=none|trend=all|max_bars=24
futures,NQ,reddit_orb_retest,reddit_orb_retest|ny|range=15|entry=150|rr=2|sl_atr=1|tp_atr=1.5|threshold=2|adx_max=none|adx_min=none|rsi2=none|trend=all|max_bars=24,long,44639,44640,44649,2024-09-23 14:30:00+00:00,2024-09-23 14:45:00+00:00,2024-09-23 17:00:00+00:00,20104.5,20031.25,-293.0,-296.0,-1.0,586.0,293.0,3.0,sl,9,8,0.5,-1184.0,1184.0,2344.0,2024-09-23,NQ	reddit_orb_retest	reddit_orb_retest|ny|range=15|entry=150|rr=2|sl_atr=1|tp_atr=1.5|threshold=2|adx_max=none|adx_min=none|rsi2=none|trend=all|max_bars=24
futures,NQ,reddit_orb_retest,reddit_orb_retest|ny|range=15|entry=150|rr=2|sl_atr=1|tp_atr=1.5|threshold=2|adx_max=none|adx_min=none|rsi2=none|trend=all|max_bars=24,long,45560,45561,45565,2024-10-07 14:45:00+00:00,2024-10-07 15:00:00+00:00,2024-10-07 16:00:00+00:00,20165.75,20107.75,-232.0,-235.0,-1.0,464.0,232.0,3.0,sl,4,8,0.5,-940.0,940.0,1856.0,2024-10-07,NQ	reddit_orb_retest	reddit_orb_retest|ny|range=15|entry=150|rr=2|sl_atr=1|tp_atr=1.5|threshold=2|adx_max=none|adx_min=none|rsi2=none|trend=all|max_bars=24
futures,NQ,reddit_orb_retest,reddit_orb_retest|ny|range=15|entry=150|rr=2|sl_atr=1|tp_atr=1.5|threshold=2|adx_max=none|adx_min=none|rsi2=none|trend=all|max_bars=24,long,45834,45835,45857,2024-10-10 14:15:00+00:00,2024-10-10 14:30:00+00:00,2024-10-10 20:00:00+00:00,20403.0,20423.5,82.0,79.0,0.31225296442687744,500.0,250.0,3.0,session_close,22,8,0.5,316.0,1012.0,2000.0,2024-10-10,NQ	reddit_orb_retest	reddit_orb_retest|ny|range=15|entry=150|rr=2|sl_atr=1|tp_atr=1.5|threshold=2|adx_max=none|adx_min=none|rsi2=none|trend=all|max_bars=24
futures,NQ,reddit_orb_retest,reddit_orb_retest|ny|range=15|entry=150|rr=2|sl_atr=1|tp_atr=1.5|threshold=2|adx_max=none|adx_min=none|rsi2=none|trend=all|max_bars=24,short,46664,46665,46671,2024-10-23 14:45:00+00:00,2024-10-23 15:00:00+00:00,2024-10-23 16:30:00+00:00,20392.5,20252.0,562.0,559.0,1.9683098591549295,562.0,281.0,3.0,tp,6,8,0.5,2236.0,1136.0,2248.0,2024-10-23,NQ	reddit_orb_retest	reddit_orb_retest|ny|range=15|entry=150|rr=2|sl_atr=1|tp_atr=1.5|threshold=2|adx_max=none|adx_min=none|rsi2=none|trend=all|max_bars=24
futures,NQ,reddit_orb_retest,reddit_orb_retest|ny|range=15|entry=150|rr=2|sl_atr=1|tp_atr=1.5|threshold=2|adx_max=none|adx_min=none|rsi2=none|trend=all|max_bars=24,short,47767,47768,47772,2024-11-08 15:30:00+00:00,2024-11-08 15:45:00+00:00,2024-11-08 16:45:00+00:00,21181.0,21232.25,-205.0,-208.0,-1.0,410.0,205.0,3.0,sl,4,8,0.5,-832.0,832.0,1640.0,2024-11-08,NQ	reddit_orb_retest	reddit_orb_retest|ny|range=15|entry=150|rr=2|sl_atr=1|tp_atr=1.5|threshold=2|adx_max=none|adx_min=none|rsi2=none|trend=all|max_bars=24
futures,NQ,reddit_orb_retest,reddit_orb_retest|ny|range=15|entry=150|rr=2|sl_atr=1|tp_atr=1.5|threshold=2|adx_max=none|adx_min=none|rsi2=none|trend=all|max_bars=24,short,47954,47955,47961,2024-11-12 16:15:00+00:00,2024-11-12 16:30:00+00:00,2024-11-12 18:00:00+00:00,21181.25,21060.75,482.0,479.0,1.9631147540983607,482.0,241.0,3.0,tp,6,8,0.5,1916.0,976.0,1928.0,2024-11-12,NQ	reddit_orb_retest	reddit_orb_retest|ny|range=15|entry=150|rr=2|sl_atr=1|tp_atr=1.5|threshold=2|adx_max=none|adx_min=none|rsi2=none|trend=all|max_bars=24
futures,NQ,reddit_orb_retest,reddit_orb_retest|ny|range=15|entry=150|rr=2|sl_atr=1|tp_atr=1.5|threshold=2|adx_max=none|adx_min=none|rsi2=none|trend=all|max_bars=24,short,48043,48044,48049,2024-11-13 15:30:00+00:00,2024-11-13 15:45:00+00:00,2024-11-13 17:00:00+00:00,21123.75,21184.5,-243.0,-246.0,-1.0,486.0,243.0,3.0,sl,5,8,0.5,-984.0,984.0,1944.0,2024-11-13,NQ	reddit_orb_retest	reddit_orb_retest|ny|range=15|entry=150|rr=2|sl_atr=1|tp_atr=1.5|threshold=2|adx_max=none|adx_min=none|rsi2=none|trend=all|max_bars=24
futures,ES,reddit_orb_retest,reddit_orb_retest|ny|range=15|entry=150|rr=2|sl_atr=1|tp_atr=1.5|threshold=2|adx_max=none|adx_min=none|rsi2=none|trend=all|max_bars=24,long,49054,49055,49066,2024-11-28 15:00:00+00:00,2024-11-28 15:15:00+00:00,2024-11-28 23:00:00+00:00,6028.5,6027.25,-5.0,-8.0,-0.4444444444444444,30.0,15.0,3.0,session_close,11,30,1.25,-300.0,675.0,1125.0,2024-11-28,ES	reddit_orb_retest	reddit_orb_retest|ny|range=15|entry=150|rr=2|sl_atr=1|tp_atr=1.5|threshold=2|adx_max=none|adx_min=none|rsi2=none|trend=all|max_bars=24
futures,NQ,reddit_orb_retest,reddit_orb_retest|ny|range=15|entry=150|rr=2|sl_atr=1|tp_atr=1.5|threshold=2|adx_max=none|adx_min=none|rsi2=none|trend=all|max_bars=24,long,49058,49059,49065,2024-11-28 16:15:00+00:00,2024-11-28 16:30:00+00:00,2024-11-28 23:00:00+00:00,20893.75,20878.75,-60.0,-63.0,-0.7682926829268293,158.0,79.0,3.0,session_close,6,8,0.5,-252.0,328.0,632.0,2024-11-28,NQ	reddit_orb_retest	reddit_orb_retest|ny|range=15|entry=150|rr=2|sl_atr=1|tp_atr=1.5|threshold=2|adx_max=none|adx_min=none|rsi2=none|trend=all|max_bars=24
futures,NQ,reddit_orb_retest,reddit_orb_retest|ny|range=15|entry=150|rr=2|sl_atr=1|tp_atr=1.5|threshold=2|adx_max=none|adx_min=none|rsi2=none|trend=all|max_bars=24,long,49301,49302,49322,2024-12-03 15:45:00+00:00,2024-12-03 16:00:00+00:00,2024-12-03 21:00:00+00:00,21207.25,21310.25,412.0,409.0,1.3864406779661016,584.0,292.0,3.0,session_close,20,8,0.5,1636.0,1180.0,2336.0,2024-12-03,NQ	reddit_orb_retest	reddit_orb_retest|ny|range=15|entry=150|rr=2|sl_atr=1|tp_atr=1.5|threshold=2|adx_max=none|adx_min=none|rsi2=none|trend=all|max_bars=24
futures,NQ,reddit_orb_retest,reddit_orb_retest|ny|range=15|entry=150|rr=2|sl_atr=1|tp_atr=1.5|threshold=2|adx_max=none|adx_min=none|rsi2=none|trend=all|max_bars=24,long,49391,49392,49414,2024-12-04 15:15:00+00:00,2024-12-04 15:30:00+00:00,2024-12-04 21:00:00+00:00,21456.75,21519.5,251.0,248.0,0.8953068592057761,548.0,274.0,3.0,session_close,22,8,0.5,992.0,1108.0,2192.0,2024-12-04,NQ	reddit_orb_retest	reddit_orb_retest|ny|range=15|entry=150|rr=2|sl_atr=1|tp_atr=1.5|threshold=2|adx_max=none|adx_min=none|rsi2=none|trend=all|max_bars=24
futures,NQ,reddit_orb_retest,reddit_orb_retest|ny|range=15|entry=150|rr=2|sl_atr=1|tp_atr=1.5|threshold=2|adx_max=none|adx_min=none|rsi2=none|trend=all|max_bars=24,short,49483,49484,49490,2024-12-05 15:15:00+00:00,2024-12-05 15:30:00+00:00,2024-12-05 17:00:00+00:00,21517.75,21551.5,-135.0,-138.0,-1.0,270.0,135.0,3.0,sl,6,8,0.5,-552.0,552.0,1080.0,2024-12-05,NQ	reddit_orb_retest	reddit_orb_retest|ny|range=15|entry=150|rr=2|sl_atr=1|tp_atr=1.5|threshold=2|adx_max=none|adx_min=none|rsi2=none|trend=all|max_bars=24
futures,NQ,reddit_orb_retest,reddit_orb_retest|ny|range=15|entry=150|rr=2|sl_atr=1|tp_atr=1.5|threshold=2|adx_max=none|adx_min=none|rsi2=none|trend=all|max_bars=24,short,50590,50591,50592,2024-12-23 16:00:00+00:00,2024-12-23 16:15:00+00:00,2024-12-23 16:30:00+00:00,21606.75,21675.5,-275.0,-278.0,-1.0,550.0,275.0,3.0,sl,1,8,0.5,-1112.0,1112.0,2200.0,2024-12-23,NQ	reddit_orb_retest	reddit_orb_retest|ny|range=15|entry=150|rr=2|sl_atr=1|tp_atr=1.5|threshold=2|adx_max=none|adx_min=none|rsi2=none|trend=all|max_bars=24
futures,NQ,reddit_orb_retest,reddit_orb_retest|ny|range=15|entry=150|rr=2|sl_atr=1|tp_atr=1.5|threshold=2|adx_max=none|adx_min=none|rsi2=none|trend=all|max_bars=24,short,52202,52203,52209,2025-01-20 16:15:00+00:00,2025-01-20 16:30:00+00:00,2025-01-20 23:00:00+00:00,21707.75,21712.5,-19.0,-22.0,-0.07665505226480836,568.0,284.0,3.0,session_close,6,8,0.5,-88.0,1148.0,2272.0,2025-01-20,NQ	reddit_orb_retest	reddit_orb_retest|ny|range=15|entry=150|rr=2|sl_atr=1|tp_atr=1.5|threshold=2|adx_max=none|adx_min=none|rsi2=none|trend=all|max_bars=24
futures,NQ,reddit_orb_retest,reddit_orb_retest|ny|range=15|entry=150|rr=2|sl_atr=1|tp_atr=1.5|threshold=2|adx_max=none|adx_min=none|rsi2=none|trend=all|max_bars=24,long,52461,52462,52481,2025-01-23 16:00:00+00:00,2025-01-23 16:15:00+00:00,2025-01-23 21:00:00+00:00,21939.25,22025.25,344.0,341.0,1.152027027027027,586.0,293.0,3.0,session_close,19,8,0.5,1364.0,1184.0,2344.0,2025-01-23,NQ	reddit_orb_retest	reddit_orb_retest|ny|range=15|entry=150|rr=2|sl_atr=1|tp_atr=1.5|threshold=2|adx_max=none|adx_min=none|rsi2=none|trend=all|max_bars=24
futures,NQ,reddit_orb_retest,reddit_orb_retest|ny|range=15|entry=150|rr=2|sl_atr=1|tp_atr=1.5|threshold=2|adx_max=none|adx_min=none|rsi2=none|trend=all|max_bars=24,long,53288,53289,53293,2025-02-05 15:45:00+00:00,2025-02-05 16:00:00+00:00,2025-02-05 17:00:00+00:00,21591.25,21735.75,578.0,575.0,1.9691780821917808,578.0,289.0,3.0,tp,4,8,0.5,2300.0,1168.0,2312.0,2025-02-05,NQ	reddit_orb_retest	reddit_orb_retest|ny|range=15|entry=150|rr=2|sl_atr=1|tp_atr=1.5|threshold=2|adx_max=none|adx_min=none|rsi2=none|trend=all|max_bars=24
futures,NQ,reddit_orb_retest,reddit_orb_retest|ny|range=15|entry=150|rr=2|sl_atr=1|tp_atr=1.5|threshold=2|adx_max=none|adx_min=none|rsi2=none|trend=all|max_bars=24,long,53930,53931,53953,2025-02-14 15:15:00+00:00,2025-02-14 15:30:00+00:00,2025-02-14 21:00:00+00:00,22138.75,22214.5,303.0,300.0,1.5151515151515151,390.0,195.0,3.0,session_close,22,8,0.5,1200.0,792.0,1560.0,2025-02-14,NQ	reddit_orb_retest	reddit_orb_retest|ny|range=15|entry=150|rr=2|sl_atr=1|tp_atr=1.5|threshold=2|adx_max=none|adx_min=none|rsi2=none|trend=all|max_bars=24
futures,NQ,reddit_orb_retest,reddit_orb_retest|ny|range=15|entry=150|rr=2|sl_atr=1|tp_atr=1.5|threshold=2|adx_max=none|adx_min=none|rsi2=none|trend=all|max_bars=24,long,54026,54027,54033,2025-02-17 16:15:00+00:00,2025-02-17 16:30:00+00:00,2025-02-17 23:00:00+00:00,22247.25,22219.25,-112.0,-115.0,-0.5180180180180181,438.0,219.0,3.0,session_close,6,8,0.5,-460.0,888.0,1752.0,2025-02-17,NQ	reddit_orb_retest	reddit_orb_retest|ny|range=15|entry=150|rr=2|sl_atr=1|tp_atr=1.5|threshold=2|adx_max=none|adx_min=none|rsi2=none|trend=all|max_bars=24
futures,ES,reddit_capitulation_reversion,reddit_capitulation_reversion|ny|range=15|entry=150|rr=2.5|sl_atr=1|tp_atr=1.5|threshold=1.75|adx_max=none|adx_min=none|rsi2=10.0|trend=long_only|max_bars=24,long,57507,57508,57508,2025-04-10 15:15:00+00:00,2025-04-10 15:30:00+00:00,2025-04-10 15:30:00+00:00,5290.75,5274.87775,-63.4890000000014,-66.4890000000014,-1.0,158.72249999999985,63.4890000000014,3.0,sl,1,15,1.25,-1246.6687500000262,1246.6687500000262,2976.0468749999973,2025-04-10,ES	reddit_capitulation_reversion	reddit_capitulation_reversion|ny|range=15|entry=150|rr=2.5|sl_atr=1|tp_atr=1.5|threshold=1.75|adx_max=none|adx_min=none|rsi2=10.0|trend=long_only|max_bars=24
futures,NQ,reddit_orb_retest,reddit_orb_retest|ny|range=15|entry=150|rr=2|sl_atr=1|tp_atr=1.5|threshold=2|adx_max=none|adx_min=none|rsi2=none|trend=all|max_bars=24,long,58974,58975,58997,2025-05-05 14:15:00+00:00,2025-05-05 14:30:00+00:00,2025-05-05 20:00:00+00:00,20059.75,20036.75,-92.0,-95.0,-0.31561461794019935,596.0,298.0,3.0,session_close,22,8,0.5,-380.0,1204.0,2384.0,2025-05-05,NQ	reddit_orb_retest	reddit_orb_retest|ny|range=15|entry=150|rr=2|sl_atr=1|tp_atr=1.5|threshold=2|adx_max=none|adx_min=none|rsi2=none|trend=all|max_bars=24
futures,NQ,reddit_orb_retest,reddit_orb_retest|ny|range=15|entry=150|rr=2|sl_atr=1|tp_atr=1.5|threshold=2|adx_max=none|adx_min=none|rsi2=none|trend=all|max_bars=24,long,61262,61263,61281,2025-06-09 15:15:00+00:00,2025-06-09 15:30:00+00:00,2025-06-09 20:00:00+00:00,21825.0,21804.0,-84.0,-87.0,-0.29,594.0,297.0,3.0,session_close,18,8,0.5,-348.0,1200.0,2376.0,2025-06-09,NQ	reddit_orb_retest	reddit_orb_retest|ny|range=15|entry=150|rr=2|sl_atr=1|tp_atr=1.5|threshold=2|adx_max=none|adx_min=none|rsi2=none|trend=all|max_bars=24
futures,NQ,reddit_orb_retest,reddit_orb_retest|ny|range=15|entry=150|rr=2|sl_atr=1|tp_atr=1.5|threshold=2|adx_max=none|adx_min=none|rsi2=none|trend=all|max_bars=24,short,62346,62347,62369,2025-06-25 14:15:00+00:00,2025-06-25 14:30:00+00:00,2025-06-25 20:00:00+00:00,22488.5,22467.25,85.0,82.0,0.33884297520661155,478.0,239.0,3.0,session_close,22,8,0.5,328.0,968.0,1912.0,2025-06-25,NQ	reddit_orb_retest	reddit_orb_retest|ny|range=15|entry=150|rr=2|sl_atr=1|tp_atr=1.5|threshold=2|adx_max=none|adx_min=none|rsi2=none|trend=all|max_bars=24
futures,NQ,reddit_orb_retest,reddit_orb_retest|ny|range=15|entry=150|rr=2|sl_atr=1|tp_atr=1.5|threshold=2|adx_max=none|adx_min=none|rsi2=none|trend=all|max_bars=24,long,62440,62441,62461,2025-06-26 14:45:00+00:00,2025-06-26 15:00:00+00:00,2025-06-26 20:00:00+00:00,22570.25,22653.0,331.0,328.0,1.0789473684210527,602.0,301.0,3.0,session_close,20,8,0.5,1312.0,1216.0,2408.0,2025-06-26,NQ	reddit_orb_retest	reddit_orb_retest|ny|range=15|entry=150|rr=2|sl_atr=1|tp_atr=1.5|threshold=2|adx_max=none|adx_min=none|rsi2=none|trend=all|max_bars=24
futures,NQ,reddit_orb_retest,reddit_orb_retest|ny|range=15|entry=150|rr=2|sl_atr=1|tp_atr=1.5|threshold=2|adx_max=none|adx_min=none|rsi2=none|trend=all|max_bars=24,long,62976,62977,62986,2025-07-04 14:30:00+00:00,2025-07-04 14:45:00+00:00,2025-07-06 22:00:00+00:00,22942.25,22992.25,200.0,197.0,0.8954545454545455,434.0,217.0,3.0,session_close,9,8,0.5,788.0,880.0,1736.0,2025-07-04,NQ	reddit_orb_retest	reddit_orb_retest|ny|range=15|entry=150|rr=2|sl_atr=1|tp_atr=1.5|threshold=2|adx_max=none|adx_min=none|rsi2=none|trend=all|max_bars=24
futures,NQ,reddit_orb_retest,reddit_orb_retest|ny|range=15|entry=150|rr=2|sl_atr=1|tp_atr=1.5|threshold=2|adx_max=none|adx_min=none|rsi2=none|trend=all|max_bars=24,short,63142,63143,63151,2025-07-08 14:00:00+00:00,2025-07-08 14:15:00+00:00,2025-07-08 16:15:00+00:00,22881.75,22943.5,-247.0,-250.0,-1.0,494.0,247.0,3.0,sl,8,8,0.5,-1000.0,1000.0,1976.0,2025-07-08,NQ	reddit_orb_retest	reddit_orb_retest|ny|range=15|entry=150|rr=2|sl_atr=1|tp_atr=1.5|threshold=2|adx_max=none|adx_min=none|rsi2=none|trend=all|max_bars=24
futures,NQ,reddit_orb_retest,reddit_orb_retest|ny|range=15|entry=150|rr=2|sl_atr=1|tp_atr=1.5|threshold=2|adx_max=none|adx_min=none|rsi2=none|trend=all|max_bars=24,short,64247,64248,64253,2025-07-24 14:15:00+00:00,2025-07-24 14:30:00+00:00,2025-07-24 15:45:00+00:00,23332.5,23399.5,-268.0,-271.0,-1.0,536.0,268.0,3.0,sl,5,8,0.5,-1084.0,1084.0,2144.0,2025-07-24,NQ	reddit_orb_retest	reddit_orb_retest|ny|range=15|entry=150|rr=2|sl_atr=1|tp_atr=1.5|threshold=2|adx_max=none|adx_min=none|rsi2=none|trend=all|max_bars=24
futures,NQ,reddit_orb_retest,reddit_orb_retest|ny|range=15|entry=150|rr=2|sl_atr=1|tp_atr=1.5|threshold=2|adx_max=none|adx_min=none|rsi2=none|trend=all|max_bars=24,long,64430,64431,64435,2025-07-28 14:00:00+00:00,2025-07-28 14:15:00+00:00,2025-07-28 15:15:00+00:00,23515.75,23464.75,-204.0,-207.0,-1.0,408.0,204.0,3.0,sl,4,8,0.5,-828.0,828.0,1632.0,2025-07-28,NQ	reddit_orb_retest	reddit_orb_retest|ny|range=15|entry=150|rr=2|sl_atr=1|tp_atr=1.5|threshold=2|adx_max=none|adx_min=none|rsi2=none|trend=all|max_bars=24
futures,NQ,reddit_orb_retest,reddit_orb_retest|ny|range=15|entry=150|rr=2|sl_atr=1|tp_atr=1.5|threshold=2|adx_max=none|adx_min=none|rsi2=none|trend=all|max_bars=24,long,65350,65351,65366,2025-08-11 14:00:00+00:00,2025-08-11 14:15:00+00:00,2025-08-11 18:00:00+00:00,23746.25,23680.75,-262.0,-265.0,-1.0,524.0,262.0,3.0,sl,15,8,0.5,-1060.0,1060.0,2096.0,2025-08-11,NQ	reddit_orb_retest	reddit_orb_retest|ny|range=15|entry=150|rr=2|sl_atr=1|tp_atr=1.5|threshold=2|adx_max=none|adx_min=none|rsi2=none|trend=all|max_bars=24
futures,NQ,reddit_orb_retest,reddit_orb_retest|ny|range=15|entry=150|rr=2|sl_atr=1|tp_atr=1.5|threshold=2|adx_max=none|adx_min=none|rsi2=none|trend=all|max_bars=24,short,65812,65813,65834,2025-08-18 14:30:00+00:00,2025-08-18 14:45:00+00:00,2025-08-18 20:00:00+00:00,23751.75,23797.5,-183.0,-186.0,-0.7018867924528301,524.0,262.0,3.0,session_close,21,8,0.5,-744.0,1060.0,2096.0,2025-08-18,NQ	reddit_orb_retest	reddit_orb_retest|ny|range=15|entry=150|rr=2|sl_atr=1|tp_atr=1.5|threshold=2|adx_max=none|adx_min=none|rsi2=none|trend=all|max_bars=24
futures,NQ,reddit_orb_retest,reddit_orb_retest|ny|range=15|entry=150|rr=2|sl_atr=1|tp_atr=1.5|threshold=2|adx_max=none|adx_min=none|rsi2=none|trend=all|max_bars=24,long,66730,66731,66742,2025-09-01 14:00:00+00:00,2025-09-01 14:15:00+00:00,2025-09-01 22:00:00+00:00,23486.25,23492.0,23.0,20.0,0.11049723756906077,356.0,178.0,3.0,session_close,11,8,0.5,80.0,724.0,1424.0,2025-09-01,NQ	reddit_orb_retest	reddit_orb_retest|ny|range=15|entry=150|rr=2|sl_atr=1|tp_atr=1.5|threshold=2|adx_max=none|adx_min=none|rsi2=none|trend=all|max_bars=24
futures,NQ,reddit_orb_retest,reddit_orb_retest|ny|range=15|entry=150|rr=2|sl_atr=1|tp_atr=1.5|threshold=2|adx_max=none|adx_min=none|rsi2=none|trend=all|max_bars=24,short,67267,67268,67287,2025-09-09 14:15:00+00:00,2025-09-09 14:30:00+00:00,2025-09-09 19:15:00+00:00,23810.25,23857.75,-190.0,-193.0,-1.0,380.0,190.0,3.0,sl,19,8,0.5,-772.0,772.0,1520.0,2025-09-09,NQ	reddit_orb_retest	reddit_orb_retest|ny|range=15|entry=150|rr=2|sl_atr=1|tp_atr=1.5|threshold=2|adx_max=none|adx_min=none|rsi2=none|trend=all|max_bars=24
futures,NQ,reddit_orb_retest,reddit_orb_retest|ny|range=15|entry=150|rr=2|sl_atr=1|tp_atr=1.5|threshold=2|adx_max=none|adx_min=none|rsi2=none|trend=all|max_bars=24,short,67726,67727,67750,2025-09-16 14:00:00+00:00,2025-09-16 14:15:00+00:00,2025-09-16 20:00:00+00:00,24295.0,24296.5,-6.0,-9.0,-0.036585365853658534,486.0,243.0,3.0,session_close,23,8,0.5,-36.0,984.0,1944.0,2025-09-16,NQ	reddit_orb_retest	reddit_orb_retest|ny|range=15|entry=150|rr=2|sl_atr=1|tp_atr=1.5|threshold=2|adx_max=none|adx_min=none|rsi2=none|trend=all|max_bars=24
futures,NQ,reddit_orb_retest,reddit_orb_retest|ny|range=15|entry=150|rr=2|sl_atr=1|tp_atr=1.5|threshold=2|adx_max=none|adx_min=none|rsi2=none|trend=all|max_bars=24,long,68002,68003,68005,2025-09-19 14:00:00+00:00,2025-09-19 14:15:00+00:00,2025-09-19 14:45:00+00:00,24789.5,24737.5,-208.0,-211.0,-1.0,416.0,208.0,3.0,sl,2,8,0.5,-844.0,844.0,1664.0,2025-09-19,NQ	reddit_orb_retest	reddit_orb_retest|ny|range=15|entry=150|rr=2|sl_atr=1|tp_atr=1.5|threshold=2|adx_max=none|adx_min=none|rsi2=none|trend=all|max_bars=24
futures,NQ,reddit_orb_retest,reddit_orb_retest|ny|range=15|entry=150|rr=2|sl_atr=1|tp_atr=1.5|threshold=2|adx_max=none|adx_min=none|rsi2=none|trend=all|max_bars=24,long,68094,68095,68103,2025-09-22 14:00:00+00:00,2025-09-22 14:15:00+00:00,2025-09-22 16:15:00+00:00,24863.5,24962.0,394.0,391.0,1.955,394.0,197.0,3.0,tp,8,8,0.5,1564.0,800.0,1576.0,2025-09-22,NQ	reddit_orb_retest	reddit_orb_retest|ny|range=15|entry=150|rr=2|sl_atr=1|tp_atr=1.5|threshold=2|adx_max=none|adx_min=none|rsi2=none|trend=all|max_bars=24
futures,NQ,reddit_orb_retest,reddit_orb_retest|ny|range=15|entry=150|rr=2|sl_atr=1|tp_atr=1.5|threshold=2|adx_max=none|adx_min=none|rsi2=none|trend=all|max_bars=24,short,68924,68925,68937,2025-10-03 14:30:00+00:00,2025-10-03 14:45:00+00:00,2025-10-03 17:45:00+00:00,25110.75,25001.25,438.0,435.0,1.9594594594594594,438.0,219.0,3.0,tp,12,8,0.5,1740.0,888.0,1752.0,2025-10-03,NQ	reddit_orb_retest	reddit_orb_retest|ny|range=15|entry=150|rr=2|sl_atr=1|tp_atr=1.5|threshold=2|adx_max=none|adx_min=none|rsi2=none|trend=all|max_bars=24
futures,NQ,reddit_orb_retest,reddit_orb_retest|ny|range=15|entry=150|rr=2|sl_atr=1|tp_atr=1.5|threshold=2|adx_max=none|adx_min=none|rsi2=none|trend=all|max_bars=24,short,69108,69109,69110,2025-10-07 14:30:00+00:00,2025-10-07 14:45:00+00:00,2025-10-07 15:00:00+00:00,25198.5,25069.0,518.0,515.0,1.965648854961832,518.0,259.0,3.0,tp,1,8,0.5,2060.0,1048.0,2072.0,2025-10-07,NQ	reddit_orb_retest	reddit_orb_retest|ny|range=15|entry=150|rr=2|sl_atr=1|tp_atr=1.5|threshold=2|adx_max=none|adx_min=none|rsi2=none|trend=all|max_bars=24
futures,NQ,reddit_orb_retest,reddit_orb_retest|ny|range=15|entry=150|rr=2|sl_atr=1|tp_atr=1.5|threshold=2|adx_max=none|adx_min=none|rsi2=none|trend=all|max_bars=24,short,70489,70490,70495,2025-10-28 14:45:00+00:00,2025-10-28 15:00:00+00:00,2025-10-28 16:15:00+00:00,26035.5,26094.75,-237.0,-240.0,-1.0,474.0,237.0,3.0,sl,5,8,0.5,-960.0,960.0,1896.0,2025-10-28,NQ	reddit_orb_retest	reddit_orb_retest|ny|range=15|entry=150|rr=2|sl_atr=1|tp_atr=1.5|threshold=2|adx_max=none|adx_min=none|rsi2=none|trend=all|max_bars=24
futures,NQ,reddit_orb_retest,reddit_orb_retest|ny|range=15|entry=150|rr=2|sl_atr=1|tp_atr=1.5|threshold=2|adx_max=none|adx_min=none|rsi2=none|trend=all|max_bars=24,long,70579,70580,70581,2025-10-29 14:15:00+00:00,2025-10-29 14:30:00+00:00,2025-10-29 14:45:00+00:00,26298.25,26254.75,-174.0,-177.0,-1.0,348.0,174.0,3.0,sl,1,8,0.5,-708.0,708.0,1392.0,2025-10-29,NQ	reddit_orb_retest	reddit_orb_retest|ny|range=15|entry=150|rr=2|sl_atr=1|tp_atr=1.5|threshold=2|adx_max=none|adx_min=none|rsi2=none|trend=all|max_bars=24
futures,NQ,reddit_orb_retest,reddit_orb_retest|ny|range=15|entry=150|rr=2|sl_atr=1|tp_atr=1.5|threshold=2|adx_max=none|adx_min=none|rsi2=none|trend=all|max_bars=24,long,74187,74188,74197,2025-12-24 15:45:00+00:00,2025-12-24 16:00:00+00:00,2025-12-25 23:00:00+00:00,25829.0,25892.0,252.0,249.0,1.360655737704918,360.0,180.0,3.0,session_close,9,8,0.5,996.0,732.0,1440.0,2025-12-24,NQ	reddit_orb_retest	reddit_orb_retest|ny|range=15|entry=150|rr=2|sl_atr=1|tp_atr=1.5|threshold=2|adx_max=none|adx_min=none|rsi2=none|trend=all|max_bars=24
futures,NQ,reddit_orb_retest,reddit_orb_retest|ny|range=15|entry=150|rr=2|sl_atr=1|tp_atr=1.5|threshold=2|adx_max=none|adx_min=none|rsi2=none|trend=all|max_bars=24,long,74448,74449,74468,2025-12-30 15:45:00+00:00,2025-12-30 16:00:00+00:00,2025-12-30 20:45:00+00:00,25744.5,25681.75,-251.0,-254.0,-1.0,502.0,251.0,3.0,sl,19,8,0.5,-1016.0,1016.0,2008.0,2025-12-30,NQ	reddit_orb_retest	reddit_orb_retest|ny|range=15|entry=150|rr=2|sl_atr=1|tp_atr=1.5|threshold=2|adx_max=none|adx_min=none|rsi2=none|trend=all|max_bars=24
