market,symbol,strategy,variant_id,session,range_minutes,entry_minutes,rr,sl_atr,tp_atr,threshold,adx_max,adx_min,rsi2_max,trend,max_bars,pip_or_tick_size,cost_units,size_multiplier,score,train_trades,train_wins,train_losses,train_win_rate_pct,train_profit_factor,train_total,train_avg,test_trades,test_wins,test_losses,test_win_rate_pct,test_profit_factor,test_total,test_avg,train_r_trades,train_r_wins,train_r_losses,train_r_win_rate_pct,train_r_profit_factor,train_r_total,train_r_avg,test_r_trades,test_r_wins,test_r_losses,test_r_win_rate_pct,test_r_profit_factor,test_r_total,test_r_avg,selection_key
futures,HG,reddit_capitulation_reversion,reddit_capitulation_reversion|ny|range=15|entry=150|rr=2.5|sl_atr=1|tp_atr=1.5|threshold=1.75|adx_max=none|adx_min=none|rsi2=10.0|trend=both|max_bars=24,ny,15,150,2.5,1.0,1.5,1.75,,,10.0,both,24,0.0005,3.0,35,115.46323691559859,19,8,11,42.10526315789473,0.6716429425606617,-3723.999999999977,-195.99999999999878,17,11,6,64.70588235294117,3.7203131246380057,14587.628125000107,858.0957720588298,20,8,12,40.0,0.6233741095422515,-4.066965775528812,-0.20334828877644062,65,31,34,47.69230769230769,1.5380133426341722,18.728404260824778,0.2881292963203812,HG	reddit_capitulation_reversion	reddit_capitulation_reversion|ny|range=15|entry=150|rr=2.5|sl_atr=1|tp_atr=1.5|threshold=1.75|adx_max=none|adx_min=none|rsi2=10.0|trend=both|max_bars=24
futures,SI,reddit_capitulation_reversion,reddit_capitulation_reversion|ny|range=15|entry=150|rr=2.5|sl_atr=1|tp_atr=1.5|threshold=1.75|adx_max=none|adx_min=none|rsi2=10.0|trend=both|max_bars=24,ny,15,150,2.5,1.0,1.5,1.75,,,10.0,both,24,0.005,3.0,12,88.7425860613796,31,13,18,41.935483870967744,1.256262641177707,4477.590000000046,144.43838709677567,14,8,6,57.14285714285714,2.609199960883605,8885.97000000005,634.7121428571464,31,13,18,41.935483870967744,1.287942773753578,4.883073982491647,0.15751851556424667,65,25,40,38.46153846153847,1.0580946434703504,2.217755296770979,0.03411931225801506,SI	reddit_capitulation_reversion	reddit_capitulation_reversion|ny|range=15|entry=150|rr=2.5|sl_atr=1|tp_atr=1.5|threshold=1.75|adx_max=none|adx_min=none|rsi2=10.0|trend=both|max_bars=24
futures,GC,reddit_ema_pullback,reddit_ema_pullback|ny|range=15|entry=150|rr=1.5|sl_atr=1|tp_atr=1.5|threshold=2|adx_max=none|adx_min=none|rsi2=none|trend=both|max_bars=24,ny,15,150,1.5,1.0,1.5,2.0,,,,both,24,0.1,3.0,35,57.09386010646879,59,23,36,38.983050847457626,0.7670887675329549,-7936.9541587957165,-134.52464675924944,12,7,5,58.333333333333336,1.8902248741192766,3657.7957451458838,304.81631209549033,105,35,70,33.33333333333333,0.5742018913769027,-28.08211767824246,-0.26744873979278533,270,135,135,50.0,1.2478403468421106,32.015497012576866,0.11857591486139579,GC	reddit_ema_pullback	reddit_ema_pullback|ny|range=15|entry=150|rr=1.5|sl_atr=1|tp_atr=1.5|threshold=2|adx_max=none|adx_min=none|rsi2=none|trend=both|max_bars=24
futures,GC,reddit_orb_breakout,reddit_orb_breakout|ny|range=15|entry=150|rr=1.5|sl_atr=1|tp_atr=1.5|threshold=2|adx_max=none|adx_min=none|rsi2=none|trend=all|max_bars=24,ny,15,150,1.5,1.0,1.5,2.0,,,,all,24,0.1,3.0,25,54.49589583147075,64,26,38,40.625,0.7536873156342243,-8349.999999999784,-130.46874999999662,27,14,13,51.85185185185185,1.7588383838383734,7512.499999999908,278.24074074073735,248,111,137,44.75806451612903,0.9920981915453728,-0.7967588120636435,-0.0032127371454179175,574,272,302,47.386759581881535,1.0368763062353392,8.812124843471265,0.01535213387364332,GC	reddit_orb_breakout	reddit_orb_breakout|ny|range=15|entry=150|rr=1.5|sl_atr=1|tp_atr=1.5|threshold=2|adx_max=none|adx_min=none|rsi2=none|trend=all|max_bars=24
futures,HG,reddit_orb_breakout,reddit_orb_breakout|london|range=15|entry=150|rr=1.5|sl_atr=1|tp_atr=1.5|threshold=2|adx_max=none|adx_min=none|rsi2=none|trend=all|max_bars=24,london,15,150,1.5,1.0,1.5,2.0,,,,all,24,0.0005,3.0,50,49.05175706313096,10,3,7,30.0,0.4795081967213032,-3968.7500000000055,-396.87500000000057,20,12,8,60.0,1.6276595744680575,5531.249999999686,276.5624999999843,244,93,151,38.114754098360656,0.7715232107176769,-30.92226313800122,-0.12673058663115255,566,221,345,39.04593639575972,0.7852257359364258,-70.88563576198747,-0.1252396391554549,HG	reddit_orb_breakout	reddit_orb_breakout|london|range=15|entry=150|rr=1.5|sl_atr=1|tp_atr=1.5|threshold=2|adx_max=none|adx_min=none|rsi2=none|trend=all|max_bars=24
futures,NG,reddit_orb_breakout,reddit_orb_breakout|ny|range=15|entry=150|rr=1.5|sl_atr=1|tp_atr=1.5|threshold=2|adx_max=none|adx_min=none|rsi2=none|trend=ema|max_bars=24,ny,15,150,1.5,1.0,1.5,2.0,,,,ema,24,0.001,3.0,10,49.556565064798534,130,55,75,42.30769230769231,0.8172600270392074,-10137.499999999969,-77.980769230769,300,149,151,49.666666666666664,1.2007575757575766,22525.00000000007,75.08333333333357,181,83,98,45.85635359116022,0.9587014342879587,-3.3223181598592317,-0.01835534894949852,410,196,214,47.80487804878049,0.9835508353599596,-3.2349592466915507,-0.007890144504125732,NG	reddit_orb_breakout	reddit_orb_breakout|ny|range=15|entry=150|rr=1.5|sl_atr=1|tp_atr=1.5|threshold=2|adx_max=none|adx_min=none|rsi2=none|trend=ema|max_bars=24
futures,GC,reddit_capitulation_reversion,reddit_capitulation_reversion|ny|range=15|entry=150|rr=2.5|sl_atr=1|tp_atr=1.5|threshold=1.75|adx_max=none|adx_min=none|rsi2=10.0|trend=long_only|max_bars=24,ny,15,150,2.5,1.0,1.5,1.75,,,10.0,long_only,24,0.1,3.0,10,68.99652860643106,16,11,5,68.75,5.322576241037856,5540.635000000016,346.289687500001,32,16,16,50.0,1.1875373678215557,2148.624999999961,67.14453124999878,16,11,5,68.75,5.287261801229556,9.058173195284219,0.5661358247052637,46,20,26,43.47826086956522,0.8974202386275432,-2.4028820277237695,-0.052236565820081945,GC	reddit_capitulation_reversion	reddit_capitulation_reversion|ny|range=15|entry=150|rr=2.5|sl_atr=1|tp_atr=1.5|threshold=1.75|adx_max=none|adx_min=none|rsi2=10.0|trend=long_only|max_bars=24
futures,SI,reddit_ema_pullback,reddit_ema_pullback|ny|range=15|entry=150|rr=1.5|sl_atr=1|tp_atr=1.5|threshold=2|adx_max=none|adx_min=none|rsi2=none|trend=both|max_bars=24,ny,15,150,1.5,1.0,1.5,2.0,,,,both,24,0.005,3.0,1,45.144593402759064,122,48,74,39.34426229508197,0.5870602811900646,-3165.783924003184,-25.94904855740315,274,115,159,41.97080291970803,1.1819124787622743,5547.551809252437,20.246539449826415,122,48,74,39.34426229508197,0.6410613148907005,-25.50918802596748,-0.20909170513088096,281,118,163,41.99288256227758,0.8776981945232802,-18.682887095346885,-0.06648714268806721,SI	reddit_ema_pullback	reddit_ema_pullback|ny|range=15|entry=150|rr=1.5|sl_atr=1|tp_atr=1.5|threshold=2|adx_max=none|adx_min=none|rsi2=none|trend=both|max_bars=24
futures,SI,reddit_orb_breakout,reddit_orb_breakout|ny|range=15|entry=150|rr=1.5|sl_atr=1|tp_atr=1.5|threshold=2|adx_max=none|adx_min=none|rsi2=none|trend=ema|max_bars=24,ny,15,150,1.5,1.0,1.5,2.0,,,,ema,24,0.005,3.0,1,45.0684997137426,159,69,90,43.39622641509434,0.78217602830606,-2462.4999999999936,-15.487421383647758,346,157,189,45.3757225433526,1.1122308749427403,4900.000000000027,14.161849710982738,159,69,90,43.39622641509434,0.7235287715561107,-17.18776699179707,-0.10809916347042182,379,169,210,44.59102902374671,0.9471636249457202,-8.125407746938858,-0.021439070572398043,SI	reddit_orb_breakout	reddit_orb_breakout|ny|range=15|entry=150|rr=1.5|sl_atr=1|tp_atr=1.5|threshold=2|adx_max=none|adx_min=none|rsi2=none|trend=ema|max_bars=24
futures,NG,reddit_ema_pullback,reddit_ema_pullback|ny|range=15|entry=150|rr=1.5|sl_atr=1|tp_atr=1.5|threshold=2|adx_max=none|adx_min=none|rsi2=none|trend=both|max_bars=24,ny,15,150,1.5,1.0,1.5,2.0,,,,both,24,0.001,3.0,3,48.520514001214586,109,54,55,49.54128440366973,1.2278699847596108,2377.0686074237037,21.80796887544682,265,122,143,46.0377358490566,1.1101613591406796,3274.915979647206,12.358173508102663,109,54,55,49.54128440366973,1.1256110939095538,6.44228004583165,0.059103486659005965,266,122,144,45.86466165413533,1.009500861744512,1.2833996037360684,0.004824810540361159,NG	reddit_ema_pullback	reddit_ema_pullback|ny|range=15|entry=150|rr=1.5|sl_atr=1|tp_atr=1.5|threshold=2|adx_max=none|adx_min=none|rsi2=none|trend=both|max_bars=24
futures,GC,reddit_orb_fade,reddit_orb_fade|ny|range=15|entry=150|rr=1|sl_atr=1|tp_atr=1.5|threshold=2|adx_max=none|adx_min=none|rsi2=none|trend=all|max_bars=24,ny,15,150,1.0,1.0,1.5,2.0,,,,all,24,0.1,3.0,3,45.583773125408996,205,100,105,48.78048780487805,0.9726151946072693,-254.0493045583412,-1.2392649002845912,463,217,246,46.868250539956804,1.0758751433139109,3302.9112288056426,7.133717556815643,205,100,105,48.78048780487805,0.7489324801006972,-25.18561822259113,-0.1228566742565421,466,219,247,46.99570815450644,0.7780093777750902,-53.51413633548921,-0.11483720243667213,GC	reddit_orb_fade	reddit_orb_fade|ny|range=15|entry=150|rr=1|sl_atr=1|tp_atr=1.5|threshold=2|adx_max=none|adx_min=none|rsi2=none|trend=all|max_bars=24
futures,SI,reddit_vwap_reversion,reddit_vwap_reversion|ny|range=15|entry=150|rr=1.5|sl_atr=0.75|tp_atr=1|threshold=2|adx_max=22.0|adx_min=none|rsi2=none|trend=all|max_bars=12,ny,15,150,1.5,0.75,1.0,2.0,22.0,,,all,12,0.005,3.0,1,41.19000515629877,125,56,69,44.800000000000004,0.5576222570749555,-1925.2695586707205,-15.402156469365764,284,126,158,44.36619718309859,1.031980109033371,634.9169251251417,2.2356229757927526,125,56,69,44.800000000000004,0.5604870469435967,-30.326393760891825,-0.2426111500871346,284,126,158,44.36619718309859,0.758666011627231,-37.99036792469278,-0.13376890114328444,SI	reddit_vwap_reversion	reddit_vwap_reversion|ny|range=15|entry=150|rr=1.5|sl_atr=0.75|tp_atr=1|threshold=2|adx_max=22.0|adx_min=none|rsi2=none|trend=all|max_bars=12
futures,CL,reddit_orb_breakout,reddit_orb_breakout|ny|range=15|entry=150|rr=1.5|sl_atr=1|tp_atr=1.5|threshold=2|adx_max=none|adx_min=none|rsi2=none|trend=all|max_bars=24,ny,15,150,1.5,1.0,1.5,2.0,,,,all,24,0.01,3.0,3,42.48594066577308,252,106,146,42.06349206349206,0.8314761631246388,-4401.000000000065,-17.46428571428597,580,251,329,43.275862068965516,0.9928548439008674,-333.0000000000721,-0.5741379310346071,252,106,146,42.06349206349206,0.8651005760620564,-17.073869030283113,-0.06775344853286949,581,251,330,43.20137693631669,0.9178183639359864,-23.53872202084645,-0.04051415149887513,CL	reddit_orb_breakout	reddit_orb_breakout|ny|range=15|entry=150|rr=1.5|sl_atr=1|tp_atr=1.5|threshold=2|adx_max=none|adx_min=none|rsi2=none|trend=all|max_bars=24
futures,SI,reddit_orb_fade,reddit_orb_fade|london|range=15|entry=150|rr=1|sl_atr=1|tp_atr=1.5|threshold=2|adx_max=none|adx_min=none|rsi2=none|trend=all|max_bars=24,london,15,150,1.0,1.0,1.5,2.0,,,,all,24,0.005,3.0,1,39.20044308005249,196,84,112,42.857142857142854,0.43460264900662315,-3414.999999999998,-17.42346938775509,455,207,248,45.494505494505496,0.9875690403309914,-315.75769930626393,-0.6939729655082724,196,84,112,42.857142857142854,0.3398431719483241,-72.7492824512947,-0.371169808424973,458,208,250,45.414847161572055,0.529118445962521,-116.52391755967673,-0.2544190339730933,SI	reddit_orb_fade	reddit_orb_fade|london|range=15|entry=150|rr=1|sl_atr=1|tp_atr=1.5|threshold=2|adx_max=none|adx_min=none|rsi2=none|trend=all|max_bars=24
futures,GC,reddit_orb_retest,reddit_orb_retest|ny|range=15|entry=150|rr=2|sl_atr=1|tp_atr=1.5|threshold=2|adx_max=none|adx_min=none|rsi2=none|trend=all|max_bars=24,ny,15,150,2.0,1.0,1.5,2.0,,,,all,24,0.1,3.0,8,44.29539224655769,142,61,81,42.95774647887324,1.183904330963155,4552.0,32.056338028169016,243,113,130,46.50205761316872,0.9624095260331564,-2575.999999999851,-10.600823045266877,143,61,82,42.65734265734265,1.026259609610339,1.4317921145201886,0.010012532269371948,355,163,192,45.91549295774648,0.8538862736534253,-21.44554984336547,-0.06040999955877597,GC	reddit_orb_retest	reddit_orb_retest|ny|range=15|entry=150|rr=2|sl_atr=1|tp_atr=1.5|threshold=2|adx_max=none|adx_min=none|rsi2=none|trend=all|max_bars=24
futures,NG,reddit_orb_retest,reddit_orb_retest|ny|range=15|entry=150|rr=2|sl_atr=1|tp_atr=1.5|threshold=2|adx_max=none|adx_min=none|rsi2=none|trend=all|max_bars=24,ny,15,150,2.0,1.0,1.5,2.0,,,,all,24,0.001,3.0,8,39.98002966014833,139,54,85,38.84892086330935,0.8072111846946285,-10480.000000000002,-75.39568345323742,311,129,182,41.47909967845659,0.9289787454639709,-8220.000000000013,-26.430868167202615,156,59,97,37.82051282051282,0.773098136148459,-18.989615068299422,-0.12172830171986809,362,151,211,41.71270718232044,0.9084831832641872,-17.059075566988394,-0.04712451814085192,NG	reddit_orb_retest	reddit_orb_retest|ny|range=15|entry=150|rr=2|sl_atr=1|tp_atr=1.5|threshold=2|adx_max=none|adx_min=none|rsi2=none|trend=all|max_bars=24
futures,GC,reddit_vwap_reversion,reddit_vwap_reversion|ny|range=15|entry=150|rr=1.5|sl_atr=0.6|tp_atr=0.6|threshold=2.5|adx_max=18.0|adx_min=none|rsi2=none|trend=all|max_bars=10,ny,15,150,1.5,0.6,0.6,2.5,18.0,,,all,10,0.1,3.0,12,35.41869753599377,45,24,21,53.333333333333336,0.8474873674016723,-629.3863055496695,-13.98636234554821,137,64,73,46.715328467153284,0.9192648569867511,-2419.7575096196233,-17.662463573865864,45,24,21,53.333333333333336,0.7313354840987719,-5.641954833925791,-0.1253767740872398,139,64,75,46.043165467625904,0.7015082522534899,-22.38869141163913,-0.161069722385893,GC	reddit_vwap_reversion	reddit_vwap_reversion|ny|range=15|entry=150|rr=1.5|sl_atr=0.6|tp_atr=0.6|threshold=2.5|adx_max=18.0|adx_min=none|rsi2=none|trend=all|max_bars=10
futures,NG,reddit_capitulation_reversion,reddit_capitulation_reversion|ny|range=15|entry=150|rr=2.5|sl_atr=1|tp_atr=1.5|threshold=1.75|adx_max=none|adx_min=none|rsi2=10.0|trend=both|max_bars=24,ny,15,150,2.5,1.0,1.5,1.75,,,10.0,both,24,0.001,3.0,1,29.72185783220243,32,10,22,31.25,0.8020915425126045,-118.65749999999875,-3.708046874999961,67,24,43,35.82089552238806,0.9010959014707512,-128.62749999999735,-1.9198134328357814,32,10,22,31.25,0.7260441513048046,-6.0270286712943,-0.18834464597794687,67,24,43,35.82089552238806,0.9014878801842456,-4.156962452446473,-0.06204421570815632,NG	reddit_capitulation_reversion	reddit_capitulation_reversion|ny|range=15|entry=150|rr=2.5|sl_atr=1|tp_atr=1.5|threshold=1.75|adx_max=none|adx_min=none|rsi2=10.0|trend=both|max_bars=24
futures,HG,reddit_vwap_reversion,reddit_vwap_reversion|ny|range=15|entry=150|rr=1.5|sl_atr=0.75|tp_atr=1|threshold=2|adx_max=22.0|adx_min=none|rsi2=none|trend=all|max_bars=12,ny,15,150,1.5,0.75,1.0,2.0,22.0,,,all,12,0.0005,3.0,25,36.96377684363131,94,36,58,38.297872340425535,0.5467351783761039,-13102.836504267329,-139.3918777049716,247,115,132,46.558704453441294,0.898167558953553,-8481.089333120013,-34.33639406121463,94,36,58,38.297872340425535,0.532362824114173,-27.122956201377967,-0.2885420872487018,252,115,137,45.63492063492063,0.8216859588633711,-24.133552200916956,-0.095768064289353,HG	reddit_vwap_reversion	reddit_vwap_reversion|ny|range=15|entry=150|rr=1.5|sl_atr=0.75|tp_atr=1|threshold=2|adx_max=22.0|adx_min=none|rsi2=none|trend=all|max_bars=12
futures,HG,reddit_ema_pullback,reddit_ema_pullback|ny|range=15|entry=150|rr=1.5|sl_atr=1|tp_atr=1.5|threshold=2|adx_max=none|adx_min=none|rsi2=none|trend=both|max_bars=24,ny,15,150,1.5,1.0,1.5,2.0,,,,both,24,0.0005,3.0,1,39.17521792852476,120,46,74,38.333333333333336,0.7714920631458592,-458.8534707088861,-3.823778922574051,283,113,170,39.92932862190813,0.8566525820359416,-918.1242878286654,-3.2442554340235525,120,46,74,38.333333333333336,0.6433009334005055,-23.12894692661936,-0.19274122438849467,283,113,170,39.92932862190813,0.7854338372386672,-33.59220357143755,-0.11870036597681113,HG	reddit_ema_pullback	reddit_ema_pullback|ny|range=15|entry=150|rr=1.5|sl_atr=1|tp_atr=1.5|threshold=2|adx_max=none|adx_min=none|rsi2=none|trend=both|max_bars=24
futures,CL,reddit_vwap_reversion,reddit_vwap_reversion|ny|range=15|entry=150|rr=1.5|sl_atr=0.75|tp_atr=1|threshold=2|adx_max=22.0|adx_min=none|rsi2=none|trend=all|max_bars=12,ny,15,150,1.5,0.75,1.0,2.0,22.0,,,all,12,0.01,3.0,1,39.62611773237203,129,58,71,44.96124031007752,0.8208862366647892,-287.34352753847173,-2.2274692057245873,284,123,161,43.309859154929576,0.8563144223587013,-477.5503176542185,-1.6815152030078115,129,58,71,44.96124031007752,0.8337490164767336,-11.557194952307574,-0.08959065854501995,284,123,161,43.309859154929576,0.7648341586577966,-37.803610879308906,-0.13311130591305953,CL	reddit_vwap_reversion	reddit_vwap_reversion|ny|range=15|entry=150|rr=1.5|sl_atr=0.75|tp_atr=1|threshold=2|adx_max=22.0|adx_min=none|rsi2=none|trend=all|max_bars=12
futures,CL,reddit_ema_pullback,reddit_ema_pullback|ny|range=15|entry=150|rr=1.5|sl_atr=1|tp_atr=1.5|threshold=2|adx_max=none|adx_min=none|rsi2=none|trend=both|max_bars=24,ny,15,150,1.5,1.0,1.5,2.0,,,,both,24,0.01,3.0,1,40.35276426415894,133,55,78,41.35338345864661,0.9282903282417486,-214.57622116245057,-1.6133550463342148,298,118,180,39.59731543624161,0.8524195949343288,-908.5294404390975,-3.0487565115405957,133,55,78,41.35338345864661,0.9091362207744232,-6.556007989254564,-0.04929329315228995,298,118,180,39.59731543624161,0.7632089441317224,-40.87013233148266,-0.13714809507208944,CL	reddit_ema_pullback	reddit_ema_pullback|ny|range=15|entry=150|rr=1.5|sl_atr=1|tp_atr=1.5|threshold=2|adx_max=none|adx_min=none|rsi2=none|trend=both|max_bars=24
futures,HG,reddit_orb_fade,reddit_orb_fade|london|range=15|entry=150|rr=1|sl_atr=1|tp_atr=1.5|threshold=2|adx_max=none|adx_min=none|rsi2=none|trend=all|max_bars=24,london,15,150,1.0,1.0,1.5,2.0,,,,all,24,0.0005,3.0,1,36.692721767327704,190,85,105,44.73684210526316,0.5259772389905982,-1197.5,-6.302631578947368,473,230,243,48.625792811839325,0.8288225466898306,-1082.5442020054484,-2.2886769598423857,190,85,105,44.73684210526316,0.49875560536759994,-52.63066143640201,-0.2770034812442211,473,230,243,48.625792811839325,0.6463771881280279,-85.64744503539158,-0.18107282248497164,HG	reddit_orb_fade	reddit_orb_fade|london|range=15|entry=150|rr=1|sl_atr=1|tp_atr=1.5|threshold=2|adx_max=none|adx_min=none|rsi2=none|trend=all|max_bars=24
futures,HG,reddit_orb_retest,reddit_orb_retest|ny|range=15|entry=150|rr=2|sl_atr=1|tp_atr=1.5|threshold=2|adx_max=none|adx_min=none|rsi2=none|trend=all|max_bars=24,ny,15,150,2.0,1.0,1.5,2.0,,,,all,24,0.0005,3.0,4,38.30276271029813,136,58,78,42.64705882352941,0.8379487179487216,-1579.9999999999663,-11.617647058823282,357,152,205,42.57703081232493,0.8210230741057257,-7329.999999999998,-20.532212885154056,136,58,78,42.64705882352941,0.7598926400647069,-14.60408963754216,-0.10738301204075118,359,152,207,42.33983286908078,0.8112963588869133,-31.122398437457637,-0.08669191765308534,HG	reddit_orb_retest	reddit_orb_retest|ny|range=15|entry=150|rr=2|sl_atr=1|tp_atr=1.5|threshold=2|adx_max=none|adx_min=none|rsi2=none|trend=all|max_bars=24
futures,SI,reddit_orb_retest,reddit_orb_retest|ny|range=15|entry=150|rr=2|sl_atr=1|tp_atr=1.5|threshold=2|adx_max=none|adx_min=none|rsi2=none|trend=all|max_bars=24,ny,15,150,2.0,1.0,1.5,2.0,,,,all,24,0.005,3.0,1,35.75076976071881,120,49,71,40.833333333333336,0.593620791494392,-3439.999999999965,-28.666666666666377,275,113,162,41.090909090909086,0.804017444165456,-7414.999999999967,-26.963636363636244,120,49,71,40.833333333333336,0.5666413593790177,-20.346471515498454,-0.16955392929582044,304,125,179,41.118421052631575,0.7397822254851086,-33.78758446022307,-0.11114336993494432,SI	reddit_orb_retest	reddit_orb_retest|ny|range=15|entry=150|rr=2|sl_atr=1|tp_atr=1.5|threshold=2|adx_max=none|adx_min=none|rsi2=none|trend=all|max_bars=24
futures,CL,reddit_orb_retest,reddit_orb_retest|ny|range=15|entry=150|rr=2|sl_atr=1|tp_atr=1.5|threshold=2|adx_max=none|adx_min=none|rsi2=none|trend=all|max_bars=24,ny,15,150,2.0,1.0,1.5,2.0,,,,all,24,0.01,3.0,30,37.92158143629079,11,7,4,63.63636363636363,2.186206896551671,5159.999999999864,469.0909090908967,118,47,71,39.83050847457627,0.7875624148887873,-14040.000000000027,-118.98305084745786,154,63,91,40.909090909090914,0.9527762464275166,-3.6095067615024066,-0.02343835559417147,344,145,199,42.151162790697676,0.7524174496109837,-44.65440971273684,-0.12980933056028152,CL	reddit_orb_retest	reddit_orb_retest|ny|range=15|entry=150|rr=2|sl_atr=1|tp_atr=1.5|threshold=2|adx_max=none|adx_min=none|rsi2=none|trend=all|max_bars=24
futures,CL,reddit_orb_fade,reddit_orb_fade|ny|range=15|entry=150|rr=1|sl_atr=1|tp_atr=1.5|threshold=2|adx_max=none|adx_min=none|rsi2=none|trend=all|max_bars=24,ny,15,150,1.0,1.0,1.5,2.0,,,,all,24,0.01,3.0,1,37.85706609267152,207,96,111,46.3768115942029,0.8117098815084619,-708.8136838827855,-3.4242206950859204,487,224,263,45.9958932238193,0.7752386706519365,-1721.379084394902,-3.5346593108724886,207,96,111,46.3768115942029,0.6816657538151165,-35.05087432099985,-0.1693278952705307,487,224,263,45.9958932238193,0.6409902058896969,-92.43516143784161,-0.18980525962595815,CL	reddit_orb_fade	reddit_orb_fade|ny|range=15|entry=150|rr=1|sl_atr=1|tp_atr=1.5|threshold=2|adx_max=none|adx_min=none|rsi2=none|trend=all|max_bars=24
futures,NG,reddit_orb_fade,reddit_orb_fade|ny|range=15|entry=150|rr=1|sl_atr=1|tp_atr=1.5|threshold=2|adx_max=none|adx_min=none|rsi2=none|trend=all|max_bars=24,ny,15,150,1.0,1.0,1.5,2.0,,,,all,24,0.001,3.0,1,35.8034912840588,214,96,118,44.85981308411215,0.7778304313460639,-1219.763850524488,-5.699831077217233,484,210,274,43.388429752066116,0.6962246175313859,-4158.098659782941,-8.591112933435827,214,96,118,44.85981308411215,0.5631366964184152,-50.16331601897543,-0.23440801878025902,484,210,274,43.388429752066116,0.513065020053516,-131.7306363446719,-0.2721707362493221,NG	reddit_orb_fade	reddit_orb_fade|ny|range=15|entry=150|rr=1|sl_atr=1|tp_atr=1.5|threshold=2|adx_max=none|adx_min=none|rsi2=none|trend=all|max_bars=24
futures,NG,reddit_vwap_reversion,reddit_vwap_reversion|ny|range=15|entry=150|rr=1.5|sl_atr=0.75|tp_atr=1|threshold=2|adx_max=22.0|adx_min=none|rsi2=none|trend=all|max_bars=12,ny,15,150,1.5,0.75,1.0,2.0,22.0,,,all,12,0.001,3.0,1,32.40497970224277,121,40,81,33.057851239669425,0.4219159722243551,-1783.1268449850324,-14.73658549574407,316,130,186,41.139240506329116,0.6671781617457364,-2479.899352687692,-7.847782761669912,121,40,81,33.057851239669425,0.4198313278196057,-45.66105082778399,-0.37736405642796683,316,130,186,41.139240506329116,0.5807383130852793,-77.28481856184786,-0.24457221063875903,NG	reddit_vwap_reversion	reddit_vwap_reversion|ny|range=15|entry=150|rr=1.5|sl_atr=0.75|tp_atr=1|threshold=2|adx_max=22.0|adx_min=none|rsi2=none|trend=all|max_bars=12
futures,CL,reddit_capitulation_reversion,reddit_capitulation_reversion|ny|range=15|entry=150|rr=2.5|sl_atr=1|tp_atr=1.5|threshold=1.75|adx_max=none|adx_min=none|rsi2=10.0|trend=both|max_bars=24,ny,15,150,2.5,1.0,1.5,1.75,,,10.0,both,24,0.01,3.0,1,26.346925809832072,40,15,25,37.5,1.1200303350645893,78.34500000000759,1.9586250000001897,78,19,59,24.358974358974358,0.5721167333888451,-576.5205000000076,-7.391288461538559,40,15,25,37.5,1.1314790139702098,3.2869753492552434,0.08217438373138108,78,19,59,24.358974358974358,0.5646609903645802,-24.161241123145675,-0.30975950157879073,CL	reddit_capitulation_reversion	reddit_capitulation_reversion|ny|range=15|entry=150|rr=2.5|sl_atr=1|tp_atr=1.5|threshold=1.75|adx_max=none|adx_min=none|rsi2=10.0|trend=both|max_bars=24
