daily_profit_lock,daily_loss_stop,selected_variants,basket_trades,basket_wins,basket_losses,basket_win_rate_pct,basket_profit_factor,basket_total,basket_avg,challenge_7d_starts,challenge_7d_pass_rate_pct,challenge_7d_fail_rate_pct,challenge_7d_incomplete_rate_pct,challenge_7d_median_pass_days,challenge_7d_avg_pass_win_rate_pct,challenge_7d_p50_final_pnl,challenge_14d_starts,challenge_14d_pass_rate_pct,challenge_14d_fail_rate_pct,challenge_14d_incomplete_rate_pct,challenge_14d_median_pass_days,challenge_14d_avg_pass_win_rate_pct,challenge_14d_p50_final_pnl,challenge_30d_starts,challenge_30d_pass_rate_pct,challenge_30d_fail_rate_pct,challenge_30d_incomplete_rate_pct,challenge_30d_median_pass_days,challenge_30d_avg_pass_win_rate_pct,challenge_30d_p50_final_pnl,challenge_eventual_starts,challenge_eventual_pass_rate_pct,challenge_eventual_fail_rate_pct,challenge_eventual_incomplete_rate_pct,challenge_eventual_median_pass_days,challenge_eventual_avg_pass_win_rate_pct,challenge_eventual_p50_final_pnl
1500.0,800.0,1,11,4,7,36.36363636363637,1.2857142857142858,1350.0,122.72727272727273,11,0.0,0.0,100.0,0.0,0.0,0.0,11,0.0,0.0,100.0,0.0,0.0,0.0,11,0.0,0.0,100.0,0.0,0.0,-225.0,11,0.0,0.0,100.0,0.0,0.0,-525.0
1500.0,1000.0,1,11,4,7,36.36363636363637,1.2857142857142858,1350.0,122.72727272727273,11,0.0,0.0,100.0,0.0,0.0,0.0,11,0.0,0.0,100.0,0.0,0.0,0.0,11,0.0,0.0,100.0,0.0,0.0,-225.0,11,0.0,0.0,100.0,0.0,0.0,-525.0
1500.0,1200.0,1,11,4,7,36.36363636363637,1.2857142857142858,1350.0,122.72727272727273,11,0.0,0.0,100.0,0.0,0.0,0.0,11,0.0,0.0,100.0,0.0,0.0,0.0,11,0.0,0.0,100.0,0.0,0.0,-225.0,11,0.0,0.0,100.0,0.0,0.0,-525.0
2000.0,800.0,1,11,4,7,36.36363636363637,1.2857142857142858,1350.0,122.72727272727273,11,0.0,0.0,100.0,0.0,0.0,0.0,11,0.0,0.0,100.0,0.0,0.0,0.0,11,0.0,0.0,100.0,0.0,0.0,-225.0,11,0.0,0.0,100.0,0.0,0.0,-525.0
2000.0,1000.0,1,11,4,7,36.36363636363637,1.2857142857142858,1350.0,122.72727272727273,11,0.0,0.0,100.0,0.0,0.0,0.0,11,0.0,0.0,100.0,0.0,0.0,0.0,11,0.0,0.0,100.0,0.0,0.0,-225.0,11,0.0,0.0,100.0,0.0,0.0,-525.0
2000.0,1200.0,1,11,4,7,36.36363636363637,1.2857142857142858,1350.0,122.72727272727273,11,0.0,0.0,100.0,0.0,0.0,0.0,11,0.0,0.0,100.0,0.0,0.0,0.0,11,0.0,0.0,100.0,0.0,0.0,-225.0,11,0.0,0.0,100.0,0.0,0.0,-525.0
2500.0,800.0,1,11,4,7,36.36363636363637,1.2857142857142858,1350.0,122.72727272727273,11,0.0,0.0,100.0,0.0,0.0,0.0,11,0.0,0.0,100.0,0.0,0.0,0.0,11,0.0,0.0,100.0,0.0,0.0,-225.0,11,0.0,0.0,100.0,0.0,0.0,-525.0
2500.0,1000.0,1,11,4,7,36.36363636363637,1.2857142857142858,1350.0,122.72727272727273,11,0.0,0.0,100.0,0.0,0.0,0.0,11,0.0,0.0,100.0,0.0,0.0,0.0,11,0.0,0.0,100.0,0.0,0.0,-225.0,11,0.0,0.0,100.0,0.0,0.0,-525.0
2500.0,1200.0,1,11,4,7,36.36363636363637,1.2857142857142858,1350.0,122.72727272727273,11,0.0,0.0,100.0,0.0,0.0,0.0,11,0.0,0.0,100.0,0.0,0.0,0.0,11,0.0,0.0,100.0,0.0,0.0,-225.0,11,0.0,0.0,100.0,0.0,0.0,-525.0
2900.0,800.0,1,11,4,7,36.36363636363637,1.2857142857142858,1350.0,122.72727272727273,11,0.0,0.0,100.0,0.0,0.0,0.0,11,0.0,0.0,100.0,0.0,0.0,0.0,11,0.0,0.0,100.0,0.0,0.0,-225.0,11,0.0,0.0,100.0,0.0,0.0,-525.0
2900.0,1000.0,1,11,4,7,36.36363636363637,1.2857142857142858,1350.0,122.72727272727273,11,0.0,0.0,100.0,0.0,0.0,0.0,11,0.0,0.0,100.0,0.0,0.0,0.0,11,0.0,0.0,100.0,0.0,0.0,-225.0,11,0.0,0.0,100.0,0.0,0.0,-525.0
2900.0,1200.0,1,11,4,7,36.36363636363637,1.2857142857142858,1350.0,122.72727272727273,11,0.0,0.0,100.0,0.0,0.0,0.0,11,0.0,0.0,100.0,0.0,0.0,0.0,11,0.0,0.0,100.0,0.0,0.0,-225.0,11,0.0,0.0,100.0,0.0,0.0,-525.0
