market,symbol,strategy,variant_id,side,signal_index,entry_index,exit_index,signal_time,entry_time,exit_time,entry_price,exit_price,gross_units,net_units,r_multiple,tp_units,sl_units,cost_units,exit_reason,bars_held,size_multiplier,dollars_per_unit,pnl_dollars,risk_dollars,target_dollars,session_key
futures,NQ,reddit_orb_retest,reddit_orb_retest|ny|range=15|entry=150|rr=1.5|sl_atr=1|tp_atr=1.5|threshold=2|adx_max=none|adx_min=none|rsi2=none|trend=all|max_bars=24,short,121256,121257,121279,2024-01-03 15:15:00+00:00,2024-01-03 15:30:00+00:00,2024-01-03 21:00:00+00:00,16579.5,16537.75,167.0,164.0,0.6456692913385826,376.5,251.0,3.0,session_close,22,8,0.5,656.0,1016.0,1506.0,2024-01-03
futures,NQ,reddit_orb_retest,reddit_orb_retest|ny|range=15|entry=150|rr=1.5|sl_atr=1|tp_atr=1.5|threshold=2|adx_max=none|adx_min=none|rsi2=none|trend=all|max_bars=24,long,121348,121349,121370,2024-01-04 15:15:00+00:00,2024-01-04 15:30:00+00:00,2024-01-04 20:45:00+00:00,16507.25,16443.25,-256.0,-259.0,-1.0,384.0,256.0,3.0,sl,21,8,0.5,-1036.0,1036.0,1536.0,2024-01-04
futures,NQ,reddit_orb_retest,reddit_orb_retest|ny|range=15|entry=150|rr=1.5|sl_atr=1|tp_atr=1.5|threshold=2|adx_max=none|adx_min=none|rsi2=none|trend=all|max_bars=24,short,121900,121901,121923,2024-01-12 15:15:00+00:00,2024-01-12 15:30:00+00:00,2024-01-12 21:00:00+00:00,16966.25,16961.5,19.0,16.0,0.05442176870748299,436.5,291.0,3.0,session_close,22,8,0.5,64.0,1176.0,1746.0,2024-01-12
futures,NQ,reddit_orb_retest,reddit_orb_retest|ny|range=15|entry=150|rr=1.5|sl_atr=1|tp_atr=1.5|threshold=2|adx_max=none|adx_min=none|rsi2=none|trend=all|max_bars=24,long,122254,122255,122259,2024-01-18 15:45:00+00:00,2024-01-18 16:00:00+00:00,2024-01-18 17:00:00+00:00,17056.0,16994.75,-245.0,-248.0,-1.0,367.5,245.0,3.0,sl,4,8,0.5,-992.0,992.0,1470.0,2024-01-18
futures,NQ,reddit_orb_retest,reddit_orb_retest|ny|range=15|entry=150|rr=1.5|sl_atr=1|tp_atr=1.5|threshold=2|adx_max=none|adx_min=none|rsi2=none|trend=all|max_bars=24,long,122345,122346,122353,2024-01-19 15:30:00+00:00,2024-01-19 15:45:00+00:00,2024-01-19 17:30:00+00:00,17226.5,17316.875,361.5,358.5,1.4692622950819672,361.5,241.0,3.0,tp,7,8,0.5,1434.0,976.0,1446.0,2024-01-19
futures,NQ,reddit_orb_retest,reddit_orb_retest|ny|range=15|entry=150|rr=1.5|sl_atr=1|tp_atr=1.5|threshold=2|adx_max=none|adx_min=none|rsi2=none|trend=all|max_bars=24,long,122624,122625,122636,2024-01-24 16:15:00+00:00,2024-01-24 16:30:00+00:00,2024-01-24 19:15:00+00:00,17708.75,17637.5,-285.0,-288.0,-1.0,427.5,285.0,3.0,sl,11,8,0.5,-1152.0,1152.0,1710.0,2024-01-24
futures,NQ,reddit_orb_retest,reddit_orb_retest|ny|range=15|entry=150|rr=1.5|sl_atr=1|tp_atr=1.5|threshold=2|adx_max=none|adx_min=none|rsi2=none|trend=all|max_bars=24,long,122904,122905,122916,2024-01-29 17:15:00+00:00,2024-01-29 17:30:00+00:00,2024-01-29 20:15:00+00:00,17594.5,17691.625,388.5,385.5,1.4713740458015268,388.5,259.0,3.0,tp,11,8,0.5,1542.0,1048.0,1554.0,2024-01-29
futures,NQ,reddit_orb_retest,reddit_orb_retest|ny|range=15|entry=150|rr=1.5|sl_atr=1|tp_atr=1.5|threshold=2|adx_max=none|adx_min=none|rsi2=none|trend=all|max_bars=24,short,122989,122990,122997,2024-01-30 15:30:00+00:00,2024-01-30 15:45:00+00:00,2024-01-30 17:30:00+00:00,17640.25,17573.5,267.0,264.0,1.4585635359116023,267.0,178.0,3.0,tp,7,8,0.5,1056.0,724.0,1068.0,2024-01-30
futures,NQ,reddit_orb_retest,reddit_orb_retest|ny|range=15|entry=150|rr=1.5|sl_atr=1|tp_atr=1.5|threshold=2|adx_max=none|adx_min=none|rsi2=none|trend=all|max_bars=24,long,123172,123173,123174,2024-02-01 15:15:00+00:00,2024-02-01 15:30:00+00:00,2024-02-01 15:45:00+00:00,17368.25,17294.25,-296.0,-299.0,-1.0,444.0,296.0,3.0,sl,1,8,0.5,-1196.0,1196.0,1776.0,2024-02-01
futures,NQ,reddit_orb_retest,reddit_orb_retest|ny|range=15|entry=150|rr=1.5|sl_atr=1|tp_atr=1.5|threshold=2|adx_max=none|adx_min=none|rsi2=none|trend=all|max_bars=24,short,124189,124190,124202,2024-02-16 16:30:00+00:00,2024-02-16 16:45:00+00:00,2024-02-16 19:45:00+00:00,17871.5,17783.75,351.0,348.0,1.4683544303797469,351.0,234.0,3.0,tp,12,8,0.5,1392.0,948.0,1404.0,2024-02-16
futures,NQ,reddit_orb_retest,reddit_orb_retest|ny|range=15|entry=150|rr=1.5|sl_atr=1|tp_atr=1.5|threshold=2|adx_max=none|adx_min=none|rsi2=none|trend=all|max_bars=24,short,124277,124278,124287,2024-02-19 15:30:00+00:00,2024-02-19 15:45:00+00:00,2024-02-19 23:00:00+00:00,17777.5,17764.0,54.0,51.0,0.4146341463414634,180.0,120.0,3.0,session_close,9,8,0.5,204.0,492.0,720.0,2024-02-19
futures,NQ,reddit_orb_retest,reddit_orb_retest|ny|range=15|entry=150|rr=1.5|sl_atr=1|tp_atr=1.5|threshold=2|adx_max=none|adx_min=none|rsi2=none|trend=all|max_bars=24,long,124535,124536,124549,2024-02-22 15:00:00+00:00,2024-02-22 15:15:00+00:00,2024-02-22 18:30:00+00:00,17936.0,18044.0,432.0,429.0,1.4742268041237114,432.0,288.0,3.0,tp,13,8,0.5,1716.0,1164.0,1728.0,2024-02-22
futures,NQ,reddit_orb_retest,reddit_orb_retest|ny|range=15|entry=150|rr=1.5|sl_atr=1|tp_atr=1.5|threshold=2|adx_max=none|adx_min=none|rsi2=none|trend=all|max_bars=24,short,124996,124997,125001,2024-02-29 15:15:00+00:00,2024-02-29 15:30:00+00:00,2024-02-29 16:30:00+00:00,18017.5,17935.0,330.0,327.0,1.4663677130044843,330.0,220.0,3.0,tp,4,8,0.5,1308.0,892.0,1320.0,2024-02-29
futures,NQ,reddit_orb_retest,reddit_orb_retest|ny|range=15|entry=150|rr=1.5|sl_atr=1|tp_atr=1.5|threshold=2|adx_max=none|adx_min=none|rsi2=none|trend=all|max_bars=24,long,125089,125090,125098,2024-03-01 15:30:00+00:00,2024-03-01 15:45:00+00:00,2024-03-01 17:45:00+00:00,18169.75,18283.75,456.0,453.0,1.47557003257329,456.0,304.0,3.0,tp,8,8,0.5,1812.0,1228.0,1824.0,2024-03-01
futures,NQ,reddit_orb_retest,reddit_orb_retest|ny|range=15|entry=150|rr=1.5|sl_atr=1|tp_atr=1.5|threshold=2|adx_max=none|adx_min=none|rsi2=none|trend=all|max_bars=24,short,126375,126376,126399,2024-03-21 14:00:00+00:00,2024-03-21 14:15:00+00:00,2024-03-21 20:00:00+00:00,18646.25,18575.0,285.0,282.0,1.110236220472441,376.5,251.0,3.0,session_close,23,8,0.5,1128.0,1016.0,1506.0,2024-03-21
futures,NQ,reddit_orb_retest,reddit_orb_retest|ny|range=15|entry=150|rr=1.5|sl_atr=1|tp_atr=1.5|threshold=2|adx_max=none|adx_min=none|rsi2=none|trend=all|max_bars=24,long,126474,126475,126491,2024-03-22 15:45:00+00:00,2024-03-22 16:00:00+00:00,2024-03-22 20:00:00+00:00,18559.0,18562.25,13.0,10.0,0.045662100456621,324.0,216.0,3.0,session_close,16,8,0.5,40.0,876.0,1296.0,2024-03-22
futures,NQ,reddit_orb_retest,reddit_orb_retest|ny|range=15|entry=150|rr=1.5|sl_atr=1|tp_atr=1.5|threshold=2|adx_max=none|adx_min=none|rsi2=none|trend=all|max_bars=24,long,126837,126838,126848,2024-03-28 14:30:00+00:00,2024-03-28 14:45:00+00:00,2024-03-28 17:15:00+00:00,18512.5,18457.25,-221.0,-224.0,-1.0,331.5,221.0,3.0,sl,10,8,0.5,-896.0,896.0,1326.0,2024-03-28
futures,NQ,reddit_orb_retest,reddit_orb_retest|ny|range=15|entry=150|rr=1.5|sl_atr=1|tp_atr=1.5|threshold=2|adx_max=none|adx_min=none|rsi2=none|trend=all|max_bars=24,short,127022,127023,127031,2024-04-02 14:45:00+00:00,2024-04-02 15:00:00+00:00,2024-04-02 17:00:00+00:00,18216.0,18292.0,-304.0,-307.0,-1.0,456.0,304.0,3.0,sl,8,8,0.5,-1228.0,1228.0,1824.0,2024-04-02
futures,NQ,reddit_orb_retest,reddit_orb_retest|ny|range=15|entry=150|rr=1.5|sl_atr=1|tp_atr=1.5|threshold=2|adx_max=none|adx_min=none|rsi2=none|trend=all|max_bars=24,short,127203,127204,127219,2024-04-04 14:00:00+00:00,2024-04-04 14:15:00+00:00,2024-04-04 18:00:00+00:00,18518.25,18443.625,298.5,295.5,1.4628712871287128,298.5,199.0,3.0,tp,15,8,0.5,1182.0,808.0,1194.0,2024-04-04
futures,NQ,reddit_orb_retest,reddit_orb_retest|ny|range=15|entry=150|rr=1.5|sl_atr=1|tp_atr=1.5|threshold=2|adx_max=none|adx_min=none|rsi2=none|trend=all|max_bars=24,short,128316,128317,128319,2024-04-22 16:15:00+00:00,2024-04-22 16:30:00+00:00,2024-04-22 17:00:00+00:00,17259.25,17307.5,-193.0,-196.0,-1.0,289.5,193.0,3.0,sl,2,8,0.5,-784.0,784.0,1158.0,2024-04-22
futures,NQ,reddit_orb_retest,reddit_orb_retest|ny|range=15|entry=150|rr=1.5|sl_atr=1|tp_atr=1.5|threshold=2|adx_max=none|adx_min=none|rsi2=none|trend=all|max_bars=24,short,128952,128953,128967,2024-05-01 14:15:00+00:00,2024-05-01 14:30:00+00:00,2024-05-01 18:00:00+00:00,17468.25,17517.5,-197.0,-200.0,-1.0,295.5,197.0,3.0,sl,14,8,0.5,-800.0,800.0,1182.0,2024-05-01
futures,NQ,reddit_orb_retest,reddit_orb_retest|ny|range=15|entry=150|rr=1.5|sl_atr=1|tp_atr=1.5|threshold=2|adx_max=none|adx_min=none|rsi2=none|trend=all|max_bars=24,long,129137,129138,129139,2024-05-03 14:30:00+00:00,2024-05-03 14:45:00+00:00,2024-05-03 15:00:00+00:00,17982.75,17910.5,-289.0,-292.0,-1.0,433.5,289.0,3.0,sl,1,8,0.5,-1168.0,1168.0,1734.0,2024-05-03
futures,NQ,reddit_orb_retest,reddit_orb_retest|ny|range=15|entry=150|rr=1.5|sl_atr=1|tp_atr=1.5|threshold=2|adx_max=none|adx_min=none|rsi2=none|trend=all|max_bars=24,short,129320,129321,129322,2024-05-07 14:15:00+00:00,2024-05-07 14:30:00+00:00,2024-05-07 14:45:00+00:00,18188.25,18236.0,-191.0,-194.0,-1.0,286.5,191.0,3.0,sl,1,8,0.5,-776.0,776.0,1146.0,2024-05-07
futures,NQ,reddit_orb_retest,reddit_orb_retest|ny|range=15|entry=150|rr=1.5|sl_atr=1|tp_atr=1.5|threshold=2|adx_max=none|adx_min=none|rsi2=none|trend=all|max_bars=24,long,129782,129783,129803,2024-05-14 14:45:00+00:00,2024-05-14 15:00:00+00:00,2024-05-14 20:00:00+00:00,18339.0,18412.5,294.0,291.0,0.9797979797979798,441.0,294.0,3.0,session_close,20,8,0.5,1164.0,1188.0,1764.0,2024-05-14
futures,NQ,reddit_orb_retest,reddit_orb_retest|ny|range=15|entry=150|rr=1.5|sl_atr=1|tp_atr=1.5|threshold=2|adx_max=none|adx_min=none|rsi2=none|trend=all|max_bars=24,long,129964,129965,129976,2024-05-16 14:15:00+00:00,2024-05-16 14:30:00+00:00,2024-05-16 17:15:00+00:00,18716.5,18672.0,-178.0,-181.0,-1.0,267.0,178.0,3.0,sl,11,8,0.5,-724.0,724.0,1068.0,2024-05-16
futures,NQ,reddit_orb_retest,reddit_orb_retest|ny|range=15|entry=150|rr=1.5|sl_atr=1|tp_atr=1.5|threshold=2|adx_max=none|adx_min=none|rsi2=none|trend=all|max_bars=24,short,130055,130056,130057,2024-05-17 14:00:00+00:00,2024-05-17 14:15:00+00:00,2024-05-17 14:30:00+00:00,18637.0,18667.5,-122.0,-125.0,-1.0,183.0,122.0,3.0,sl,1,8,0.5,-500.0,500.0,732.0,2024-05-17
futures,NQ,reddit_orb_retest,reddit_orb_retest|ny|range=15|entry=150|rr=1.5|sl_atr=1|tp_atr=1.5|threshold=2|adx_max=none|adx_min=none|rsi2=none|trend=all|max_bars=24,long,130240,130241,130263,2024-05-21 14:15:00+00:00,2024-05-21 14:30:00+00:00,2024-05-21 20:00:00+00:00,18730.75,18799.25,274.0,271.0,1.266355140186916,316.5,211.0,3.0,session_close,22,8,0.5,1084.0,856.0,1266.0,2024-05-21
futures,NQ,reddit_orb_retest,reddit_orb_retest|ny|range=15|entry=150|rr=1.5|sl_atr=1|tp_atr=1.5|threshold=2|adx_max=none|adx_min=none|rsi2=none|trend=all|max_bars=24,long,130339,130340,130345,2024-05-22 16:00:00+00:00,2024-05-22 16:15:00+00:00,2024-05-22 17:30:00+00:00,18829.5,18788.75,-163.0,-166.0,-1.0,244.5,163.0,3.0,sl,5,8,0.5,-664.0,664.0,978.0,2024-05-22
futures,NQ,reddit_orb_retest,reddit_orb_retest|ny|range=15|entry=150|rr=1.5|sl_atr=1|tp_atr=1.5|threshold=2|adx_max=none|adx_min=none|rsi2=none|trend=all|max_bars=24,long,130775,130776,130799,2024-05-29 14:00:00+00:00,2024-05-29 14:15:00+00:00,2024-05-29 20:00:00+00:00,18837.5,18797.0,-162.0,-165.0,-0.5339805825242718,459.0,306.0,3.0,session_close,23,8,0.5,-660.0,1236.0,1836.0,2024-05-29
futures,NQ,reddit_orb_retest,reddit_orb_retest|ny|range=15|entry=150|rr=1.5|sl_atr=1|tp_atr=1.5|threshold=2|adx_max=none|adx_min=none|rsi2=none|trend=all|max_bars=24,short,131051,131052,131054,2024-06-03 14:00:00+00:00,2024-06-03 14:15:00+00:00,2024-06-03 14:45:00+00:00,18694.75,18612.25,330.0,327.0,1.4663677130044843,330.0,220.0,3.0,tp,2,8,0.5,1308.0,892.0,1320.0,2024-06-03
futures,NQ,reddit_orb_retest,reddit_orb_retest|ny|range=15|entry=150|rr=1.5|sl_atr=1|tp_atr=1.5|threshold=2|adx_max=none|adx_min=none|rsi2=none|trend=all|max_bars=24,short,131151,131152,131154,2024-06-04 16:00:00+00:00,2024-06-04 16:15:00+00:00,2024-06-04 16:45:00+00:00,18581.25,18650.75,-278.0,-281.0,-1.0,417.0,278.0,3.0,sl,2,8,0.5,-1124.0,1124.0,1668.0,2024-06-04
futures,NQ,reddit_orb_retest,reddit_orb_retest|ny|range=15|entry=150|rr=1.5|sl_atr=1|tp_atr=1.5|threshold=2|adx_max=none|adx_min=none|rsi2=none|trend=all|max_bars=24,short,131328,131329,131343,2024-06-06 14:15:00+00:00,2024-06-06 14:30:00+00:00,2024-06-06 18:00:00+00:00,19080.5,19027.625,211.5,208.5,1.4479166666666667,211.5,141.0,3.0,tp,14,8,0.5,834.0,576.0,846.0,2024-06-06
futures,NQ,reddit_orb_retest,reddit_orb_retest|ny|range=15|entry=150|rr=1.5|sl_atr=1|tp_atr=1.5|threshold=2|adx_max=none|adx_min=none|rsi2=none|trend=all|max_bars=24,long,131424,131425,131443,2024-06-07 15:15:00+00:00,2024-06-07 15:30:00+00:00,2024-06-07 20:00:00+00:00,19066.25,19025.0,-165.0,-168.0,-0.5637583892617449,442.5,295.0,3.0,session_close,18,8,0.5,-672.0,1192.0,1770.0,2024-06-07
futures,NQ,reddit_orb_retest,reddit_orb_retest|ny|range=15|entry=150|rr=1.5|sl_atr=1|tp_atr=1.5|threshold=2|adx_max=none|adx_min=none|rsi2=none|trend=all|max_bars=24,long,131513,131514,131520,2024-06-10 14:30:00+00:00,2024-06-10 14:45:00+00:00,2024-06-10 16:15:00+00:00,19033.25,19116.5,333.0,330.0,1.4666666666666666,333.0,222.0,3.0,tp,6,8,0.5,1320.0,900.0,1332.0,2024-06-10
futures,NQ,reddit_orb_retest,reddit_orb_retest|ny|range=15|entry=150|rr=1.5|sl_atr=1|tp_atr=1.5|threshold=2|adx_max=none|adx_min=none|rsi2=none|trend=all|max_bars=24,long,131880,131881,131903,2024-06-14 14:15:00+00:00,2024-06-14 14:30:00+00:00,2024-06-14 20:00:00+00:00,19624.25,19686.25,248.0,245.0,0.9040590405904059,402.0,268.0,3.0,session_close,22,8,0.5,980.0,1084.0,1608.0,2024-06-14
futures,NQ,reddit_orb_retest,reddit_orb_retest|ny|range=15|entry=150|rr=1.5|sl_atr=1|tp_atr=1.5|threshold=2|adx_max=none|adx_min=none|rsi2=none|trend=all|max_bars=24,short,132064,132065,132078,2024-06-18 14:15:00+00:00,2024-06-18 14:30:00+00:00,2024-06-18 17:45:00+00:00,19905.25,19944.25,-156.0,-159.0,-1.0,234.0,156.0,3.0,sl,13,8,0.5,-636.0,636.0,936.0,2024-06-18
futures,NQ,reddit_orb_retest,reddit_orb_retest|ny|range=15|entry=150|rr=1.5|sl_atr=1|tp_atr=1.5|threshold=2|adx_max=none|adx_min=none|rsi2=none|trend=all|max_bars=24,short,132236,132237,132240,2024-06-20 15:15:00+00:00,2024-06-20 15:30:00+00:00,2024-06-20 16:15:00+00:00,20189.75,20082.125,430.5,427.5,1.4741379310344827,430.5,287.0,3.0,tp,3,8,0.5,1710.0,1160.0,1722.0,2024-06-20
futures,NQ,reddit_orb_retest,reddit_orb_retest|ny|range=15|entry=150|rr=1.5|sl_atr=1|tp_atr=1.5|threshold=2|adx_max=none|adx_min=none|rsi2=none|trend=all|max_bars=24,short,132324,132325,132328,2024-06-21 14:15:00+00:00,2024-06-21 14:30:00+00:00,2024-06-21 15:15:00+00:00,19965.0,20028.0,-252.0,-255.0,-1.0,378.0,252.0,3.0,sl,3,8,0.5,-1020.0,1020.0,1512.0,2024-06-21
futures,NQ,reddit_orb_retest,reddit_orb_retest|ny|range=15|entry=150|rr=1.5|sl_atr=1|tp_atr=1.5|threshold=2|adx_max=none|adx_min=none|rsi2=none|trend=all|max_bars=24,long,132600,132601,132603,2024-06-26 14:15:00+00:00,2024-06-26 14:30:00+00:00,2024-06-26 15:00:00+00:00,19959.25,19919.25,-160.0,-163.0,-1.0,240.0,160.0,3.0,sl,2,8,0.5,-652.0,652.0,960.0,2024-06-26
futures,NQ,reddit_orb_retest,reddit_orb_retest|ny|range=15|entry=150|rr=1.5|sl_atr=1|tp_atr=1.5|threshold=2|adx_max=none|adx_min=none|rsi2=none|trend=all|max_bars=24,long,132790,132791,132792,2024-06-28 15:45:00+00:00,2024-06-28 16:00:00+00:00,2024-06-28 16:15:00+00:00,20109.0,20039.25,-279.0,-282.0,-1.0,418.5,279.0,3.0,sl,1,8,0.5,-1128.0,1128.0,1674.0,2024-06-28
futures,NQ,reddit_orb_retest,reddit_orb_retest|ny|range=15|entry=150|rr=1.5|sl_atr=1|tp_atr=1.5|threshold=2|adx_max=none|adx_min=none|rsi2=none|trend=all|max_bars=24,long,133059,133060,133067,2024-07-03 14:00:00+00:00,2024-07-03 14:15:00+00:00,2024-07-03 16:00:00+00:00,20283.25,20384.125,403.5,400.5,1.4724264705882353,403.5,269.0,3.0,tp,7,8,0.5,1602.0,1088.0,1614.0,2024-07-03
futures,NQ,reddit_orb_retest,reddit_orb_retest|ny|range=15|entry=150|rr=1.5|sl_atr=1|tp_atr=1.5|threshold=2|adx_max=none|adx_min=none|rsi2=none|trend=all|max_bars=24,short,133140,133141,133148,2024-07-04 15:00:00+00:00,2024-07-04 15:15:00+00:00,2024-07-04 22:00:00+00:00,20386.75,20384.0,11.0,8.0,0.09876543209876543,117.0,78.0,3.0,session_close,7,8,0.5,32.0,324.0,468.0,2024-07-04
futures,NQ,reddit_orb_retest,reddit_orb_retest|ny|range=15|entry=150|rr=1.5|sl_atr=1|tp_atr=1.5|threshold=2|adx_max=none|adx_min=none|rsi2=none|trend=all|max_bars=24,long,133213,133214,133226,2024-07-05 14:15:00+00:00,2024-07-05 14:30:00+00:00,2024-07-05 17:30:00+00:00,20517.25,20632.75,462.0,459.0,1.4758842443729903,462.0,308.0,3.0,tp,12,8,0.5,1836.0,1244.0,1848.0,2024-07-05
futures,NQ,reddit_orb_retest,reddit_orb_retest|ny|range=15|entry=150|rr=1.5|sl_atr=1|tp_atr=1.5|threshold=2|adx_max=none|adx_min=none|rsi2=none|trend=all|max_bars=24,short,133399,133400,133409,2024-07-09 14:45:00+00:00,2024-07-09 15:00:00+00:00,2024-07-09 17:15:00+00:00,20708.25,20623.875,337.5,334.5,1.4671052631578947,337.5,225.0,3.0,tp,9,8,0.5,1338.0,912.0,1350.0,2024-07-09
futures,NQ,reddit_orb_retest,reddit_orb_retest|ny|range=15|entry=150|rr=1.5|sl_atr=1|tp_atr=1.5|threshold=2|adx_max=none|adx_min=none|rsi2=none|trend=all|max_bars=24,long,135696,135697,135704,2024-08-13 14:00:00+00:00,2024-08-13 14:15:00+00:00,2024-08-13 16:00:00+00:00,18890.5,19001.875,445.5,442.5,1.475,445.5,297.0,3.0,tp,7,8,0.5,1770.0,1200.0,1782.0,2024-08-13
futures,NQ,reddit_orb_retest,reddit_orb_retest|ny|range=15|entry=150|rr=1.5|sl_atr=1|tp_atr=1.5|threshold=2|adx_max=none|adx_min=none|rsi2=none|trend=all|max_bars=24,long,136248,136249,136250,2024-08-21 14:00:00+00:00,2024-08-21 14:15:00+00:00,2024-08-21 14:30:00+00:00,19867.25,19948.625,325.5,322.5,1.4659090909090908,325.5,217.0,3.0,tp,1,8,0.5,1290.0,880.0,1302.0,2024-08-21
futures,NQ,reddit_orb_retest,reddit_orb_retest|ny|range=15|entry=150|rr=1.5|sl_atr=1|tp_atr=1.5|threshold=2|adx_max=none|adx_min=none|rsi2=none|trend=all|max_bars=24,long,136437,136438,136440,2024-08-23 15:15:00+00:00,2024-08-23 15:30:00+00:00,2024-08-23 16:00:00+00:00,19770.25,19706.5,-255.0,-258.0,-1.0,382.5,255.0,3.0,sl,2,8,0.5,-1032.0,1032.0,1530.0,2024-08-23
futures,NQ,reddit_orb_retest,reddit_orb_retest|ny|range=15|entry=150|rr=1.5|sl_atr=1|tp_atr=1.5|threshold=2|adx_max=none|adx_min=none|rsi2=none|trend=all|max_bars=24,short,136709,136710,136711,2024-08-28 14:15:00+00:00,2024-08-28 14:30:00+00:00,2024-08-28 14:45:00+00:00,19580.25,19465.875,457.5,454.5,1.4756493506493507,457.5,305.0,3.0,tp,1,8,0.5,1818.0,1232.0,1830.0,2024-08-28
futures,NQ,reddit_orb_retest,reddit_orb_retest|ny|range=15|entry=150|rr=1.5|sl_atr=1|tp_atr=1.5|threshold=2|adx_max=none|adx_min=none|rsi2=none|trend=all|max_bars=24,long,138350,138351,138360,2024-09-23 14:30:00+00:00,2024-09-23 14:45:00+00:00,2024-09-23 17:00:00+00:00,20104.5,20031.25,-293.0,-296.0,-1.0,439.5,293.0,3.0,sl,9,8,0.5,-1184.0,1184.0,1758.0,2024-09-23
futures,NQ,reddit_orb_retest,reddit_orb_retest|ny|range=15|entry=150|rr=1.5|sl_atr=1|tp_atr=1.5|threshold=2|adx_max=none|adx_min=none|rsi2=none|trend=all|max_bars=24,long,139271,139272,139276,2024-10-07 14:45:00+00:00,2024-10-07 15:00:00+00:00,2024-10-07 16:00:00+00:00,20165.75,20107.75,-232.0,-235.0,-1.0,348.0,232.0,3.0,sl,4,8,0.5,-940.0,940.0,1392.0,2024-10-07
futures,NQ,reddit_orb_retest,reddit_orb_retest|ny|range=15|entry=150|rr=1.5|sl_atr=1|tp_atr=1.5|threshold=2|adx_max=none|adx_min=none|rsi2=none|trend=all|max_bars=24,long,139545,139546,139552,2024-10-10 14:15:00+00:00,2024-10-10 14:30:00+00:00,2024-10-10 16:00:00+00:00,20403.0,20496.75,375.0,372.0,1.4703557312252964,375.0,250.0,3.0,tp,6,8,0.5,1488.0,1012.0,1500.0,2024-10-10
futures,NQ,reddit_orb_retest,reddit_orb_retest|ny|range=15|entry=150|rr=1.5|sl_atr=1|tp_atr=1.5|threshold=2|adx_max=none|adx_min=none|rsi2=none|trend=all|max_bars=24,short,140375,140376,140380,2024-10-23 14:45:00+00:00,2024-10-23 15:00:00+00:00,2024-10-23 16:00:00+00:00,20392.5,20287.125,421.5,418.5,1.4735915492957747,421.5,281.0,3.0,tp,4,8,0.5,1674.0,1136.0,1686.0,2024-10-23
futures,NQ,reddit_orb_retest,reddit_orb_retest|ny|range=15|entry=150|rr=1.5|sl_atr=1|tp_atr=1.5|threshold=2|adx_max=none|adx_min=none|rsi2=none|trend=all|max_bars=24,short,141478,141479,141483,2024-11-08 15:30:00+00:00,2024-11-08 15:45:00+00:00,2024-11-08 16:45:00+00:00,21181.0,21232.25,-205.0,-208.0,-1.0,307.5,205.0,3.0,sl,4,8,0.5,-832.0,832.0,1230.0,2024-11-08
futures,NQ,reddit_orb_retest,reddit_orb_retest|ny|range=15|entry=150|rr=1.5|sl_atr=1|tp_atr=1.5|threshold=2|adx_max=none|adx_min=none|rsi2=none|trend=all|max_bars=24,short,141665,141666,141671,2024-11-12 16:15:00+00:00,2024-11-12 16:30:00+00:00,2024-11-12 17:45:00+00:00,21181.25,21090.875,361.5,358.5,1.4692622950819672,361.5,241.0,3.0,tp,5,8,0.5,1434.0,976.0,1446.0,2024-11-12
futures,NQ,reddit_orb_retest,reddit_orb_retest|ny|range=15|entry=150|rr=1.5|sl_atr=1|tp_atr=1.5|threshold=2|adx_max=none|adx_min=none|rsi2=none|trend=all|max_bars=24,short,141754,141755,141760,2024-11-13 15:30:00+00:00,2024-11-13 15:45:00+00:00,2024-11-13 17:00:00+00:00,21123.75,21184.5,-243.0,-246.0,-1.0,364.5,243.0,3.0,sl,5,8,0.5,-984.0,984.0,1458.0,2024-11-13
futures,NQ,reddit_orb_retest,reddit_orb_retest|ny|range=15|entry=150|rr=1.5|sl_atr=1|tp_atr=1.5|threshold=2|adx_max=none|adx_min=none|rsi2=none|trend=all|max_bars=24,long,142769,142770,142776,2024-11-28 16:15:00+00:00,2024-11-28 16:30:00+00:00,2024-11-28 23:00:00+00:00,20893.75,20878.75,-60.0,-63.0,-0.7682926829268293,118.5,79.0,3.0,session_close,6,8,0.5,-252.0,328.0,474.0,2024-11-28
futures,NQ,reddit_orb_retest,reddit_orb_retest|ny|range=15|entry=150|rr=1.5|sl_atr=1|tp_atr=1.5|threshold=2|adx_max=none|adx_min=none|rsi2=none|trend=all|max_bars=24,long,143012,143013,143033,2024-12-03 15:45:00+00:00,2024-12-03 16:00:00+00:00,2024-12-03 21:00:00+00:00,21207.25,21310.25,412.0,409.0,1.3864406779661016,438.0,292.0,3.0,session_close,20,8,0.5,1636.0,1180.0,1752.0,2024-12-03
futures,NQ,reddit_orb_retest,reddit_orb_retest|ny|range=15|entry=150|rr=1.5|sl_atr=1|tp_atr=1.5|threshold=2|adx_max=none|adx_min=none|rsi2=none|trend=all|max_bars=24,long,143102,143103,143125,2024-12-04 15:15:00+00:00,2024-12-04 15:30:00+00:00,2024-12-04 21:00:00+00:00,21456.75,21519.5,251.0,248.0,0.8953068592057761,411.0,274.0,3.0,session_close,22,8,0.5,992.0,1108.0,1644.0,2024-12-04
futures,NQ,reddit_orb_retest,reddit_orb_retest|ny|range=15|entry=150|rr=1.5|sl_atr=1|tp_atr=1.5|threshold=2|adx_max=none|adx_min=none|rsi2=none|trend=all|max_bars=24,short,143194,143195,143201,2024-12-05 15:15:00+00:00,2024-12-05 15:30:00+00:00,2024-12-05 17:00:00+00:00,21517.75,21551.5,-135.0,-138.0,-1.0,202.5,135.0,3.0,sl,6,8,0.5,-552.0,552.0,810.0,2024-12-05
futures,NQ,reddit_orb_retest,reddit_orb_retest|ny|range=15|entry=150|rr=1.5|sl_atr=1|tp_atr=1.5|threshold=2|adx_max=none|adx_min=none|rsi2=none|trend=all|max_bars=24,short,144301,144302,144303,2024-12-23 16:00:00+00:00,2024-12-23 16:15:00+00:00,2024-12-23 16:30:00+00:00,21606.75,21675.5,-275.0,-278.0,-1.0,412.5,275.0,3.0,sl,1,8,0.5,-1112.0,1112.0,1650.0,2024-12-23
futures,NQ,reddit_orb_retest,reddit_orb_retest|ny|range=15|entry=150|rr=1.5|sl_atr=1|tp_atr=1.5|threshold=2|adx_max=none|adx_min=none|rsi2=none|trend=all|max_bars=24,short,145913,145914,145920,2025-01-20 16:15:00+00:00,2025-01-20 16:30:00+00:00,2025-01-20 23:00:00+00:00,21707.75,21712.5,-19.0,-22.0,-0.07665505226480836,426.0,284.0,3.0,session_close,6,8,0.5,-88.0,1148.0,1704.0,2025-01-20
futures,NQ,reddit_orb_retest,reddit_orb_retest|ny|range=15|entry=150|rr=1.5|sl_atr=1|tp_atr=1.5|threshold=2|adx_max=none|adx_min=none|rsi2=none|trend=all|max_bars=24,long,146172,146173,146192,2025-01-23 16:00:00+00:00,2025-01-23 16:15:00+00:00,2025-01-23 21:00:00+00:00,21939.25,22025.25,344.0,341.0,1.152027027027027,439.5,293.0,3.0,session_close,19,8,0.5,1364.0,1184.0,1758.0,2025-01-23
futures,NQ,reddit_orb_retest,reddit_orb_retest|ny|range=15|entry=150|rr=1.5|sl_atr=1|tp_atr=1.5|threshold=2|adx_max=none|adx_min=none|rsi2=none|trend=all|max_bars=24,long,146999,147000,147003,2025-02-05 15:45:00+00:00,2025-02-05 16:00:00+00:00,2025-02-05 16:45:00+00:00,21591.25,21699.625,433.5,430.5,1.4743150684931507,433.5,289.0,3.0,tp,3,8,0.5,1722.0,1168.0,1734.0,2025-02-05
futures,NQ,reddit_orb_retest,reddit_orb_retest|ny|range=15|entry=150|rr=1.5|sl_atr=1|tp_atr=1.5|threshold=2|adx_max=none|adx_min=none|rsi2=none|trend=all|max_bars=24,long,147641,147642,147663,2025-02-14 15:15:00+00:00,2025-02-14 15:30:00+00:00,2025-02-14 20:45:00+00:00,22138.75,22211.875,292.5,289.5,1.4621212121212122,292.5,195.0,3.0,tp,21,8,0.5,1158.0,792.0,1170.0,2025-02-14
futures,NQ,reddit_orb_retest,reddit_orb_retest|ny|range=15|entry=150|rr=1.5|sl_atr=1|tp_atr=1.5|threshold=2|adx_max=none|adx_min=none|rsi2=none|trend=all|max_bars=24,long,147737,147738,147744,2025-02-17 16:15:00+00:00,2025-02-17 16:30:00+00:00,2025-02-17 23:00:00+00:00,22247.25,22219.25,-112.0,-115.0,-0.5180180180180181,328.5,219.0,3.0,session_close,6,8,0.5,-460.0,888.0,1314.0,2025-02-17
futures,NQ,reddit_orb_retest,reddit_orb_retest|ny|range=15|entry=150|rr=1.5|sl_atr=1|tp_atr=1.5|threshold=2|adx_max=none|adx_min=none|rsi2=none|trend=all|max_bars=24,long,152685,152686,152700,2025-05-05 14:15:00+00:00,2025-05-05 14:30:00+00:00,2025-05-05 18:00:00+00:00,20059.75,20171.5,447.0,444.0,1.4750830564784052,447.0,298.0,3.0,tp,14,8,0.5,1776.0,1204.0,1788.0,2025-05-05
futures,NQ,reddit_orb_retest,reddit_orb_retest|ny|range=15|entry=150|rr=1.5|sl_atr=1|tp_atr=1.5|threshold=2|adx_max=none|adx_min=none|rsi2=none|trend=all|max_bars=24,long,154973,154974,154992,2025-06-09 15:15:00+00:00,2025-06-09 15:30:00+00:00,2025-06-09 20:00:00+00:00,21825.0,21804.0,-84.0,-87.0,-0.29,445.5,297.0,3.0,session_close,18,8,0.5,-348.0,1200.0,1782.0,2025-06-09
futures,NQ,reddit_orb_retest,reddit_orb_retest|ny|range=15|entry=150|rr=1.5|sl_atr=1|tp_atr=1.5|threshold=2|adx_max=none|adx_min=none|rsi2=none|trend=all|max_bars=24,short,156057,156058,156070,2025-06-25 14:15:00+00:00,2025-06-25 14:30:00+00:00,2025-06-25 17:30:00+00:00,22488.5,22398.875,358.5,355.5,1.46900826446281,358.5,239.0,3.0,tp,12,8,0.5,1422.0,968.0,1434.0,2025-06-25
futures,NQ,reddit_orb_retest,reddit_orb_retest|ny|range=15|entry=150|rr=1.5|sl_atr=1|tp_atr=1.5|threshold=2|adx_max=none|adx_min=none|rsi2=none|trend=all|max_bars=24,long,156151,156152,156165,2025-06-26 14:45:00+00:00,2025-06-26 15:00:00+00:00,2025-06-26 18:15:00+00:00,22570.25,22683.125,451.5,448.5,1.475328947368421,451.5,301.0,3.0,tp,13,8,0.5,1794.0,1216.0,1806.0,2025-06-26
futures,NQ,reddit_orb_retest,reddit_orb_retest|ny|range=15|entry=150|rr=1.5|sl_atr=1|tp_atr=1.5|threshold=2|adx_max=none|adx_min=none|rsi2=none|trend=all|max_bars=24,long,156687,156688,156697,2025-07-04 14:30:00+00:00,2025-07-04 14:45:00+00:00,2025-07-06 22:00:00+00:00,22942.25,22992.25,200.0,197.0,0.8954545454545455,325.5,217.0,3.0,session_close,9,8,0.5,788.0,880.0,1302.0,2025-07-04
futures,NQ,reddit_orb_retest,reddit_orb_retest|ny|range=15|entry=150|rr=1.5|sl_atr=1|tp_atr=1.5|threshold=2|adx_max=none|adx_min=none|rsi2=none|trend=all|max_bars=24,short,156853,156854,156862,2025-07-08 14:00:00+00:00,2025-07-08 14:15:00+00:00,2025-07-08 16:15:00+00:00,22881.75,22943.5,-247.0,-250.0,-1.0,370.5,247.0,3.0,sl,8,8,0.5,-1000.0,1000.0,1482.0,2025-07-08
futures,NQ,reddit_orb_retest,reddit_orb_retest|ny|range=15|entry=150|rr=1.5|sl_atr=1|tp_atr=1.5|threshold=2|adx_max=none|adx_min=none|rsi2=none|trend=all|max_bars=24,short,157958,157959,157964,2025-07-24 14:15:00+00:00,2025-07-24 14:30:00+00:00,2025-07-24 15:45:00+00:00,23332.5,23399.5,-268.0,-271.0,-1.0,402.0,268.0,3.0,sl,5,8,0.5,-1084.0,1084.0,1608.0,2025-07-24
futures,NQ,reddit_orb_retest,reddit_orb_retest|ny|range=15|entry=150|rr=1.5|sl_atr=1|tp_atr=1.5|threshold=2|adx_max=none|adx_min=none|rsi2=none|trend=all|max_bars=24,long,158141,158142,158146,2025-07-28 14:00:00+00:00,2025-07-28 14:15:00+00:00,2025-07-28 15:15:00+00:00,23515.75,23464.75,-204.0,-207.0,-1.0,306.0,204.0,3.0,sl,4,8,0.5,-828.0,828.0,1224.0,2025-07-28
futures,NQ,reddit_orb_retest,reddit_orb_retest|ny|range=15|entry=150|rr=1.5|sl_atr=1|tp_atr=1.5|threshold=2|adx_max=none|adx_min=none|rsi2=none|trend=all|max_bars=24,long,159061,159062,159077,2025-08-11 14:00:00+00:00,2025-08-11 14:15:00+00:00,2025-08-11 18:00:00+00:00,23746.25,23680.75,-262.0,-265.0,-1.0,393.0,262.0,3.0,sl,15,8,0.5,-1060.0,1060.0,1572.0,2025-08-11
futures,NQ,reddit_orb_retest,reddit_orb_retest|ny|range=15|entry=150|rr=1.5|sl_atr=1|tp_atr=1.5|threshold=2|adx_max=none|adx_min=none|rsi2=none|trend=all|max_bars=24,short,159523,159524,159545,2025-08-18 14:30:00+00:00,2025-08-18 14:45:00+00:00,2025-08-18 20:00:00+00:00,23751.75,23797.5,-183.0,-186.0,-0.7018867924528301,393.0,262.0,3.0,session_close,21,8,0.5,-744.0,1060.0,1572.0,2025-08-18
futures,NQ,reddit_orb_retest,reddit_orb_retest|ny|range=15|entry=150|rr=1.5|sl_atr=1|tp_atr=1.5|threshold=2|adx_max=none|adx_min=none|rsi2=none|trend=all|max_bars=24,long,160441,160442,160453,2025-09-01 14:00:00+00:00,2025-09-01 14:15:00+00:00,2025-09-01 22:00:00+00:00,23486.25,23492.0,23.0,20.0,0.11049723756906077,267.0,178.0,3.0,session_close,11,8,0.5,80.0,724.0,1068.0,2025-09-01
futures,NQ,reddit_orb_retest,reddit_orb_retest|ny|range=15|entry=150|rr=1.5|sl_atr=1|tp_atr=1.5|threshold=2|adx_max=none|adx_min=none|rsi2=none|trend=all|max_bars=24,short,160978,160979,160979,2025-09-09 14:15:00+00:00,2025-09-09 14:30:00+00:00,2025-09-09 14:30:00+00:00,23810.25,23739.0,285.0,282.0,1.461139896373057,285.0,190.0,3.0,tp,1,8,0.5,1128.0,772.0,1140.0,2025-09-09
futures,NQ,reddit_orb_retest,reddit_orb_retest|ny|range=15|entry=150|rr=1.5|sl_atr=1|tp_atr=1.5|threshold=2|adx_max=none|adx_min=none|rsi2=none|trend=all|max_bars=24,short,161437,161438,161461,2025-09-16 14:00:00+00:00,2025-09-16 14:15:00+00:00,2025-09-16 20:00:00+00:00,24295.0,24296.5,-6.0,-9.0,-0.036585365853658534,364.5,243.0,3.0,session_close,23,8,0.5,-36.0,984.0,1458.0,2025-09-16
futures,NQ,reddit_orb_retest,reddit_orb_retest|ny|range=15|entry=150|rr=1.5|sl_atr=1|tp_atr=1.5|threshold=2|adx_max=none|adx_min=none|rsi2=none|trend=all|max_bars=24,long,161713,161714,161716,2025-09-19 14:00:00+00:00,2025-09-19 14:15:00+00:00,2025-09-19 14:45:00+00:00,24789.5,24737.5,-208.0,-211.0,-1.0,312.0,208.0,3.0,sl,2,8,0.5,-844.0,844.0,1248.0,2025-09-19
futures,NQ,reddit_orb_retest,reddit_orb_retest|ny|range=15|entry=150|rr=1.5|sl_atr=1|tp_atr=1.5|threshold=2|adx_max=none|adx_min=none|rsi2=none|trend=all|max_bars=24,long,161805,161806,161809,2025-09-22 14:00:00+00:00,2025-09-22 14:15:00+00:00,2025-09-22 15:00:00+00:00,24863.5,24937.375,295.5,292.5,1.4625,295.5,197.0,3.0,tp,3,8,0.5,1170.0,800.0,1182.0,2025-09-22
futures,NQ,reddit_orb_retest,reddit_orb_retest|ny|range=15|entry=150|rr=1.5|sl_atr=1|tp_atr=1.5|threshold=2|adx_max=none|adx_min=none|rsi2=none|trend=all|max_bars=24,short,162635,162636,162645,2025-10-03 14:30:00+00:00,2025-10-03 14:45:00+00:00,2025-10-03 17:00:00+00:00,25110.75,25028.625,328.5,325.5,1.4662162162162162,328.5,219.0,3.0,tp,9,8,0.5,1302.0,888.0,1314.0,2025-10-03
futures,NQ,reddit_orb_retest,reddit_orb_retest|ny|range=15|entry=150|rr=1.5|sl_atr=1|tp_atr=1.5|threshold=2|adx_max=none|adx_min=none|rsi2=none|trend=all|max_bars=24,short,162819,162820,162821,2025-10-07 14:30:00+00:00,2025-10-07 14:45:00+00:00,2025-10-07 15:00:00+00:00,25198.5,25101.375,388.5,385.5,1.4713740458015268,388.5,259.0,3.0,tp,1,8,0.5,1542.0,1048.0,1554.0,2025-10-07
futures,NQ,reddit_orb_retest,reddit_orb_retest|ny|range=15|entry=150|rr=1.5|sl_atr=1|tp_atr=1.5|threshold=2|adx_max=none|adx_min=none|rsi2=none|trend=all|max_bars=24,short,164200,164201,164206,2025-10-28 14:45:00+00:00,2025-10-28 15:00:00+00:00,2025-10-28 16:15:00+00:00,26035.5,26094.75,-237.0,-240.0,-1.0,355.5,237.0,3.0,sl,5,8,0.5,-960.0,960.0,1422.0,2025-10-28
futures,NQ,reddit_orb_retest,reddit_orb_retest|ny|range=15|entry=150|rr=1.5|sl_atr=1|tp_atr=1.5|threshold=2|adx_max=none|adx_min=none|rsi2=none|trend=all|max_bars=24,long,164290,164291,164292,2025-10-29 14:15:00+00:00,2025-10-29 14:30:00+00:00,2025-10-29 14:45:00+00:00,26298.25,26254.75,-174.0,-177.0,-1.0,261.0,174.0,3.0,sl,1,8,0.5,-708.0,708.0,1044.0,2025-10-29
futures,NQ,reddit_orb_retest,reddit_orb_retest|ny|range=15|entry=150|rr=1.5|sl_atr=1|tp_atr=1.5|threshold=2|adx_max=none|adx_min=none|rsi2=none|trend=all|max_bars=24,long,167898,167899,167908,2025-12-24 15:45:00+00:00,2025-12-24 16:00:00+00:00,2025-12-25 23:00:00+00:00,25829.0,25892.0,252.0,249.0,1.360655737704918,270.0,180.0,3.0,session_close,9,8,0.5,996.0,732.0,1080.0,2025-12-24
futures,NQ,reddit_orb_retest,reddit_orb_retest|ny|range=15|entry=150|rr=1.5|sl_atr=1|tp_atr=1.5|threshold=2|adx_max=none|adx_min=none|rsi2=none|trend=all|max_bars=24,long,168159,168160,168179,2025-12-30 15:45:00+00:00,2025-12-30 16:00:00+00:00,2025-12-30 20:45:00+00:00,25744.5,25681.75,-251.0,-254.0,-1.0,376.5,251.0,3.0,sl,19,8,0.5,-1016.0,1016.0,1506.0,2025-12-30
