strategy_id,asset_key,market,engine,signal_time,entry_time,exit_time,side,entry_price,exit_price,r_multiple,exit_reason
rs_crude_inventory_session_crude_oil_futures_intraday_momentum_c2bc7e53,crude_oil_futures,futures,intraday_momentum,1641397500,1641398400,1641414600,-1,78.27,77.22,3.644312643358444,time_exit
rs_crude_inventory_session_crude_oil_futures_intraday_momentum_c2bc7e53,crude_oil_futures,futures,intraday_momentum,1642002300,1642003200,1642019400,1,82.39,82.54,0.4932431240143887,time_exit
rs_crude_inventory_session_crude_oil_futures_intraday_momentum_c2bc7e53,crude_oil_futures,futures,intraday_momentum,1642607100,1642608000,1642624200,1,87.07,86.63,-1.5101581559614445,time_exit
rs_crude_inventory_session_crude_oil_futures_intraday_momentum_c2bc7e53,crude_oil_futures,futures,intraday_momentum,1643211900,1643212800,1643229000,1,87.49,86.54,-2.7789307725909023,time_exit
rs_crude_inventory_session_crude_oil_futures_intraday_momentum_c2bc7e53,crude_oil_futures,futures,intraday_momentum,1643816700,1643817600,1643833800,1,88.02,88.33,0.6930269863276,time_exit
rs_crude_inventory_session_crude_oil_futures_intraday_momentum_c2bc7e53,crude_oil_futures,futures,intraday_momentum,1644421500,1644422400,1644438600,1,89.98,89.99,0.02814168763607393,time_exit
rs_crude_inventory_session_crude_oil_futures_intraday_momentum_c2bc7e53,crude_oil_futures,futures,intraday_momentum,1645026300,1645027200,1645043400,1,94.6,91.02,-8.975934090094007,time_exit
rs_crude_inventory_session_crude_oil_futures_intraday_momentum_c2bc7e53,crude_oil_futures,futures,intraday_momentum,1645631100,1645632000,1645648200,-1,92.92,91.81,2.385624164182929,time_exit
rs_crude_inventory_session_crude_oil_futures_intraday_momentum_c2bc7e53,crude_oil_futures,futures,intraday_momentum,1646235900,1646236800,1646253000,-1,105.91,111.93,-5.000878020435766,time_exit
rs_crude_inventory_session_crude_oil_futures_intraday_momentum_c2bc7e53,crude_oil_futures,futures,intraday_momentum,1646840700,1646841600,1646857800,1,118.01,109.87,-5.660542487161916,time_exit
rs_crude_inventory_session_crude_oil_futures_intraday_momentum_c2bc7e53,crude_oil_futures,futures,intraday_momentum,1647441900,1647442800,1647459000,-1,95.38,95.26,0.12200189841408836,time_exit
rs_crude_inventory_session_crude_oil_futures_intraday_momentum_c2bc7e53,crude_oil_futures,futures,intraday_momentum,1648046700,1648047600,1648063800,1,115.09,114.98,-0.16288214380086166,time_exit
rs_crude_inventory_session_crude_oil_futures_intraday_momentum_c2bc7e53,crude_oil_futures,futures,intraday_momentum,1648651500,1648652400,1648668600,1,108.34,107.35,-1.3798059734309178,time_exit
rs_crude_inventory_session_crude_oil_futures_intraday_momentum_c2bc7e53,crude_oil_futures,futures,intraday_momentum,1649256300,1649257200,1649273400,-1,101.34,97.09,6.397772234373667,time_exit
rs_crude_inventory_session_crude_oil_futures_intraday_momentum_c2bc7e53,crude_oil_futures,futures,intraday_momentum,1649861100,1649862000,1649878200,1,102.11,104.13,3.273573269957474,time_exit
rs_crude_inventory_session_crude_oil_futures_intraday_momentum_c2bc7e53,crude_oil_futures,futures,intraday_momentum,1650465900,1650466800,1650483000,1,102.86,102.9,0.06396138356247028,time_exit
rs_crude_inventory_session_crude_oil_futures_intraday_momentum_c2bc7e53,crude_oil_futures,futures,intraday_momentum,1651070700,1651071600,1651087800,1,101.57,102.21,1.04994184065465,time_exit
rs_crude_inventory_session_crude_oil_futures_intraday_momentum_c2bc7e53,crude_oil_futures,futures,intraday_momentum,1651675500,1651676400,1651692600,1,106.33,108.15,3.443558311279219,time_exit
rs_crude_inventory_session_crude_oil_futures_intraday_momentum_c2bc7e53,crude_oil_futures,futures,intraday_momentum,1652280300,1652281200,1652297400,1,105.14,105.18,0.0514469486536529,time_exit
rs_crude_inventory_session_crude_oil_futures_intraday_momentum_c2bc7e53,crude_oil_futures,futures,intraday_momentum,1652885100,1652886000,1652902200,-1,111.28,109.47,2.4678393740248796,time_exit
rs_crude_inventory_session_crude_oil_futures_intraday_momentum_c2bc7e53,crude_oil_futures,futures,intraday_momentum,1653489900,1653490800,1653507000,-1,110.12,110.69,-1.2828198977058358,time_exit
rs_crude_inventory_session_crude_oil_futures_intraday_momentum_c2bc7e53,crude_oil_futures,futures,intraday_momentum,1654094700,1654095600,1654111800,-1,116.14,115.19,1.6395491652317866,time_exit
rs_crude_inventory_session_crude_oil_futures_intraday_momentum_c2bc7e53,crude_oil_futures,futures,intraday_momentum,1654699500,1654700400,1654716600,1,120.7,122.44,4.033767988754903,time_exit
rs_crude_inventory_session_crude_oil_futures_intraday_momentum_c2bc7e53,crude_oil_futures,futures,intraday_momentum,1655304300,1655305200,1655321400,-1,117.54,116.05,2.3782808575404952,time_exit
rs_crude_inventory_session_crude_oil_futures_intraday_momentum_c2bc7e53,crude_oil_futures,futures,intraday_momentum,1655909100,1655910000,1655926200,1,104.74,105.64,1.1234794514226962,time_exit
rs_crude_inventory_session_crude_oil_futures_intraday_momentum_c2bc7e53,crude_oil_futures,futures,intraday_momentum,1656513900,1656514800,1656531000,-1,112.88,109.48,6.267063302963312,time_exit
rs_crude_inventory_session_crude_oil_futures_intraday_momentum_c2bc7e53,crude_oil_futures,futures,intraday_momentum,1657118700,1657119600,1657135800,-1,96.27,98.66,-2.704715744271443,time_exit
rs_crude_inventory_session_crude_oil_futures_intraday_momentum_c2bc7e53,crude_oil_futures,futures,intraday_momentum,1657723500,1657724400,1657740600,1,97.06,95.88,-1.3496776095847363,time_exit
rs_crude_inventory_session_crude_oil_futures_intraday_momentum_c2bc7e53,crude_oil_futures,futures,intraday_momentum,1658328300,1658329200,1658345400,1,99.97,100.05,0.132992991004871,time_exit
rs_crude_inventory_session_crude_oil_futures_intraday_momentum_c2bc7e53,crude_oil_futures,futures,intraday_momentum,1658933100,1658934000,1658950200,1,97.1,98.41,1.9039632873578967,time_exit
rs_crude_inventory_session_crude_oil_futures_intraday_momentum_c2bc7e53,crude_oil_futures,futures,intraday_momentum,1659537900,1659538800,1659555000,-1,92.44,90.97,2.092444022557178,time_exit
rs_crude_inventory_session_crude_oil_futures_intraday_momentum_c2bc7e53,crude_oil_futures,futures,intraday_momentum,1660142700,1660143600,1660159800,1,88.91,91.71,4.01053765755337,time_exit
rs_crude_inventory_session_crude_oil_futures_intraday_momentum_c2bc7e53,crude_oil_futures,futures,intraday_momentum,1660747500,1660748400,1660764600,1,87.97,87.67,-0.4833060932608196,time_exit
rs_crude_inventory_session_crude_oil_futures_intraday_momentum_c2bc7e53,crude_oil_futures,futures,intraday_momentum,1661352300,1661353200,1661369400,1,94.38,95.2,1.4782080385020508,time_exit
rs_crude_inventory_session_crude_oil_futures_intraday_momentum_c2bc7e53,crude_oil_futures,futures,intraday_momentum,1661957100,1661958000,1661974200,1,90.36,89.18,-1.6796260618432806,time_exit
rs_crude_inventory_session_crude_oil_futures_intraday_momentum_c2bc7e53,crude_oil_futures,futures,intraday_momentum,1662561900,1662562800,1662579000,1,83.61,82.24,-2.2848286394045103,time_exit
rs_crude_inventory_session_crude_oil_futures_intraday_momentum_c2bc7e53,crude_oil_futures,futures,intraday_momentum,1663166700,1663167600,1663183800,-1,88.98,88.44,0.8476489905792335,time_exit
rs_crude_inventory_session_crude_oil_futures_intraday_momentum_c2bc7e53,crude_oil_futures,futures,intraday_momentum,1663771500,1663772400,1663788600,-1,83.45,83.32,0.20863418060158231,time_exit
rs_crude_inventory_session_crude_oil_futures_intraday_momentum_c2bc7e53,crude_oil_futures,futures,intraday_momentum,1664376300,1664377200,1664393400,1,80.9,82.04,2.0555923400652123,time_exit
rs_crude_inventory_session_crude_oil_futures_intraday_momentum_c2bc7e53,crude_oil_futures,futures,intraday_momentum,1664981100,1664982000,1664998200,1,88.11,87.82,-0.42909837847178184,time_exit
rs_crude_inventory_session_crude_oil_futures_intraday_momentum_c2bc7e53,crude_oil_futures,futures,intraday_momentum,1665585900,1665586800,1665603000,-1,87.63,87.14,1.0266708728890164,time_exit
rs_crude_inventory_session_crude_oil_futures_intraday_momentum_c2bc7e53,crude_oil_futures,futures,intraday_momentum,1666190700,1666191600,1666207800,-1,82.69,84.25,-3.1177478175304305,time_exit
rs_crude_inventory_session_crude_oil_futures_intraday_momentum_c2bc7e53,crude_oil_futures,futures,intraday_momentum,1666795500,1666796400,1666812600,1,87.75,88.15,0.8914136312487544,time_exit
rs_crude_inventory_session_crude_oil_futures_intraday_momentum_c2bc7e53,crude_oil_futures,futures,intraday_momentum,1667400300,1667401200,1667417400,1,88.9,89.23,0.9033217189360652,time_exit
rs_crude_inventory_session_crude_oil_futures_intraday_momentum_c2bc7e53,crude_oil_futures,futures,intraday_momentum,1668008700,1668009600,1668025800,-1,86.66,85.61,2.2753798820827407,time_exit
rs_crude_inventory_session_crude_oil_futures_intraday_momentum_c2bc7e53,crude_oil_futures,futures,intraday_momentum,1668613500,1668614400,1668630600,1,85.01,85.51,1.019262780676924,time_exit
rs_crude_inventory_session_crude_oil_futures_intraday_momentum_c2bc7e53,crude_oil_futures,futures,intraday_momentum,1669218300,1669219200,1669235400,-1,77.34,77.4,-0.1001703671031943,time_exit
rs_crude_inventory_session_crude_oil_futures_intraday_momentum_c2bc7e53,crude_oil_futures,futures,intraday_momentum,1669823100,1669824000,1669840200,-1,80.4,80.6,-0.46228187667202914,time_exit
rs_crude_inventory_session_crude_oil_futures_intraday_momentum_c2bc7e53,crude_oil_futures,futures,intraday_momentum,1670427900,1670428800,1670445000,-1,73.7,72.18,2.5052179579442013,time_exit
rs_crude_inventory_session_crude_oil_futures_intraday_momentum_c2bc7e53,crude_oil_futures,futures,intraday_momentum,1671032700,1671033600,1671049800,1,76.77,77.39,1.5509073419493098,time_exit
rs_crude_inventory_session_crude_oil_futures_intraday_momentum_c2bc7e53,crude_oil_futures,futures,intraday_momentum,1671637500,1671638400,1671654600,1,78.06,78.42,0.9790914081375535,time_exit
rs_crude_inventory_session_crude_oil_futures_intraday_momentum_c2bc7e53,crude_oil_futures,futures,intraday_momentum,1672242300,1672243200,1672259400,-1,77.56,78.73,-2.897978563781571,time_exit
rs_crude_inventory_session_crude_oil_futures_intraday_momentum_c2bc7e53,crude_oil_futures,futures,intraday_momentum,1672847100,1672848000,1672864200,-1,73.27,72.99,0.5883429685841219,time_exit
rs_crude_inventory_session_crude_oil_futures_intraday_momentum_c2bc7e53,crude_oil_futures,futures,intraday_momentum,1673451900,1673452800,1673469000,1,76.61,77.63,2.3730498804301776,time_exit
rs_crude_inventory_session_crude_oil_futures_intraday_momentum_c2bc7e53,crude_oil_futures,futures,intraday_momentum,1674056700,1674057600,1674073800,-1,81.77,79.19,8.225086420436444,time_exit
rs_crude_inventory_session_crude_oil_futures_intraday_momentum_c2bc7e53,crude_oil_futures,futures,intraday_momentum,1674661500,1674662400,1674678600,1,80.49,80.54,0.1218212676317338,time_exit
rs_crude_inventory_session_crude_oil_futures_intraday_momentum_c2bc7e53,crude_oil_futures,futures,intraday_momentum,1675266300,1675267200,1675283400,-1,78.31,77.08,3.4218940921012155,time_exit
rs_crude_inventory_session_crude_oil_futures_intraday_momentum_c2bc7e53,crude_oil_futures,futures,intraday_momentum,1675871100,1675872000,1675888200,1,77.93,78.46,1.4384382233614594,time_exit
rs_crude_inventory_session_crude_oil_futures_intraday_momentum_c2bc7e53,crude_oil_futures,futures,intraday_momentum,1676475900,1676476800,1676493000,-1,77.77,78.66,-2.5107615908678182,time_exit
rs_crude_inventory_session_crude_oil_futures_intraday_momentum_c2bc7e53,crude_oil_futures,futures,intraday_momentum,1677080700,1677081600,1677097800,-1,74.76,73.9,2.5409763795135576,time_exit
rs_crude_inventory_session_crude_oil_futures_intraday_momentum_c2bc7e53,crude_oil_futures,futures,intraday_momentum,1677685500,1677686400,1677702600,1,77.53,77.78,0.649110958893939,time_exit
rs_crude_inventory_session_crude_oil_futures_intraday_momentum_c2bc7e53,crude_oil_futures,futures,intraday_momentum,1678290300,1678291200,1678307400,-1,76.37,76.53,-0.42432691836793446,time_exit
rs_crude_inventory_session_crude_oil_futures_intraday_momentum_c2bc7e53,crude_oil_futures,futures,intraday_momentum,1678891500,1678892400,1678908600,-1,67.59,68.36,-1.2301041138973663,time_exit
rs_crude_inventory_session_crude_oil_futures_intraday_momentum_c2bc7e53,crude_oil_futures,futures,intraday_momentum,1679496300,1679497200,1679513400,1,70.34,70.37,0.08590284723526785,time_exit
rs_crude_inventory_session_crude_oil_futures_intraday_momentum_c2bc7e53,crude_oil_futures,futures,intraday_momentum,1680101100,1680102000,1680118200,-1,73.95,72.95,3.1383581034982777,time_exit
rs_crude_inventory_session_crude_oil_futures_intraday_momentum_c2bc7e53,crude_oil_futures,futures,intraday_momentum,1680705900,1680706800,1680723000,-1,80.12,80.46,-1.003749034574837,time_exit
rs_crude_inventory_session_crude_oil_futures_intraday_momentum_c2bc7e53,crude_oil_futures,futures,intraday_momentum,1681310700,1681311600,1681327800,-1,82.7,83.28,-1.9573970495829542,time_exit
rs_crude_inventory_session_crude_oil_futures_intraday_momentum_c2bc7e53,crude_oil_futures,futures,intraday_momentum,1681915500,1681916400,1681932600,1,79.7,79.21,-1.3393338468534368,time_exit
rs_crude_inventory_session_crude_oil_futures_intraday_momentum_c2bc7e53,crude_oil_futures,futures,intraday_momentum,1682520300,1682521200,1682537400,1,76.56,74.17,-6.218806346070753,time_exit
rs_crude_inventory_session_crude_oil_futures_intraday_momentum_c2bc7e53,crude_oil_futures,futures,intraday_momentum,1683125100,1683126000,1683142200,-1,68.76,68.22,1.4262011589849535,time_exit
rs_crude_inventory_session_crude_oil_futures_intraday_momentum_c2bc7e53,crude_oil_futures,futures,intraday_momentum,1683729900,1683730800,1683747000,-1,72.31,72.83,-1.3751511136139096,time_exit
rs_crude_inventory_session_crude_oil_futures_intraday_momentum_c2bc7e53,crude_oil_futures,futures,intraday_momentum,1684334700,1684335600,1684351800,-1,71.4,72.73,-3.7640792031774226,time_exit
rs_crude_inventory_session_crude_oil_futures_intraday_momentum_c2bc7e53,crude_oil_futures,futures,intraday_momentum,1684939500,1684940400,1684956600,1,74.52,73.86,-2.410091433761428,time_exit
rs_crude_inventory_session_crude_oil_futures_intraday_momentum_c2bc7e53,crude_oil_futures,futures,intraday_momentum,1685544300,1685545200,1685561400,1,68.88,67.94,-2.219009837677339,time_exit
rs_crude_inventory_session_crude_oil_futures_intraday_momentum_c2bc7e53,crude_oil_futures,futures,intraday_momentum,1686149100,1686150000,1686166200,-1,72.56,72.55,0.035315763617540456,time_exit
rs_crude_inventory_session_crude_oil_futures_intraday_momentum_c2bc7e53,crude_oil_futures,futures,intraday_momentum,1686753900,1686754800,1686771000,-1,69.34,68.73,1.9026879022731602,time_exit
rs_crude_inventory_session_crude_oil_futures_intraday_momentum_c2bc7e53,crude_oil_futures,futures,intraday_momentum,1687358700,1687359600,1687375800,1,72.22,72.57,1.1580306769479198,time_exit
rs_crude_inventory_session_crude_oil_futures_intraday_momentum_c2bc7e53,crude_oil_futures,futures,intraday_momentum,1687963500,1687964400,1687980600,1,68.37,69.32,2.2596021258735486,time_exit
rs_crude_inventory_session_crude_oil_futures_intraday_momentum_c2bc7e53,crude_oil_futures,futures,intraday_momentum,1688568300,1688569200,1688585400,-1,71.36,72.01,-1.924811195238479,time_exit
rs_crude_inventory_session_crude_oil_futures_intraday_momentum_c2bc7e53,crude_oil_futures,futures,intraday_momentum,1689173100,1689174000,1689190200,1,75.87,75.98,0.37207224872540207,time_exit
rs_crude_inventory_session_crude_oil_futures_intraday_momentum_c2bc7e53,crude_oil_futures,futures,intraday_momentum,1689777900,1689778800,1689795000,-1,76.09,75.22,2.844460575399604,time_exit
rs_crude_inventory_session_crude_oil_futures_intraday_momentum_c2bc7e53,crude_oil_futures,futures,intraday_momentum,1690382700,1690383600,1690399800,-1,79.29,78.88,1.6930681461422572,time_exit
rs_crude_inventory_session_crude_oil_futures_intraday_momentum_c2bc7e53,crude_oil_futures,futures,intraday_momentum,1690987500,1690988400,1691004600,-1,79.51,79.75,-0.5867938495991798,time_exit
rs_crude_inventory_session_crude_oil_futures_intraday_momentum_c2bc7e53,crude_oil_futures,futures,intraday_momentum,1691592300,1691593200,1691609400,1,83.97,84.21,0.7122180194174764,time_exit
rs_crude_inventory_session_crude_oil_futures_intraday_momentum_c2bc7e53,crude_oil_futures,futures,intraday_momentum,1692197100,1692198000,1692214200,1,80.83,79.21,-5.706585749723628,time_exit
rs_crude_inventory_session_crude_oil_futures_intraday_momentum_c2bc7e53,crude_oil_futures,futures,intraday_momentum,1692801900,1692802800,1692819000,1,79.11,78.57,-1.7259627492042977,time_exit
rs_crude_inventory_session_crude_oil_futures_intraday_momentum_c2bc7e53,crude_oil_futures,futures,intraday_momentum,1693406700,1693407600,1693423800,-1,81.39,81.61,-0.9656259516446738,time_exit
rs_crude_inventory_session_crude_oil_futures_intraday_momentum_c2bc7e53,crude_oil_futures,futures,intraday_momentum,1694011500,1694012400,1694028600,-1,86.31,87.65,-4.89102180446314,time_exit
rs_crude_inventory_session_crude_oil_futures_intraday_momentum_c2bc7e53,crude_oil_futures,futures,intraday_momentum,1694616300,1694617200,1694633400,1,89.17,88.75,-1.5517566214974525,time_exit
rs_crude_inventory_session_crude_oil_futures_intraday_momentum_c2bc7e53,crude_oil_futures,futures,intraday_momentum,1695221100,1695222000,1695238200,-1,90.48,89.36,3.161125172053707,time_exit
rs_crude_inventory_session_crude_oil_futures_intraday_momentum_c2bc7e53,crude_oil_futures,futures,intraday_momentum,1695825900,1695826800,1695843000,1,92.92,93.73,2.112646593003022,time_exit
rs_crude_inventory_session_crude_oil_futures_intraday_momentum_c2bc7e53,crude_oil_futures,futures,intraday_momentum,1696430700,1696431600,1696447800,-1,85.99,84.72,3.0006849709233054,time_exit
rs_crude_inventory_session_crude_oil_futures_intraday_momentum_c2bc7e53,crude_oil_futures,futures,intraday_momentum,1697035500,1697036400,1697052600,-1,83.72,84.03,-0.6940139156655413,time_exit
rs_crude_inventory_session_crude_oil_futures_intraday_momentum_c2bc7e53,crude_oil_futures,futures,intraday_momentum,1697640300,1697641200,1697657400,1,88.19,88.34,0.39569820199635675,time_exit
rs_crude_inventory_session_crude_oil_futures_intraday_momentum_c2bc7e53,crude_oil_futures,futures,intraday_momentum,1698245100,1698246000,1698262200,1,83.25,85.31,4.766214256390892,time_exit
rs_crude_inventory_session_crude_oil_futures_intraday_momentum_c2bc7e53,crude_oil_futures,futures,intraday_momentum,1698849900,1698850800,1698867000,-1,82.96,80.89,6.139632654831083,time_exit
rs_crude_inventory_session_crude_oil_futures_intraday_momentum_c2bc7e53,crude_oil_futures,futures,intraday_momentum,1699458300,1699459200,1699475400,-1,75.53,75.65,-0.28940265379667957,time_exit
rs_crude_inventory_session_crude_oil_futures_intraday_momentum_c2bc7e53,crude_oil_futures,futures,intraday_momentum,1700063100,1700064000,1700080200,-1,77.17,76.6,1.9359608118693032,time_exit
rs_crude_inventory_session_crude_oil_futures_intraday_momentum_c2bc7e53,crude_oil_futures,futures,intraday_momentum,1700667900,1700668800,1700685000,1,74.62,76.88,4.796837178014607,time_exit
rs_crude_inventory_session_crude_oil_futures_intraday_momentum_c2bc7e53,crude_oil_futures,futures,intraday_momentum,1701272700,1701273600,1701289800,1,76.62,77.78,3.3189803107202653,time_exit
rs_crude_inventory_session_crude_oil_futures_intraday_momentum_c2bc7e53,crude_oil_futures,futures,intraday_momentum,1701877500,1701878400,1701894600,-1,70.2,69.32,2.3665978942042267,time_exit
rs_crude_inventory_session_crude_oil_futures_intraday_momentum_c2bc7e53,crude_oil_futures,futures,intraday_momentum,1702482300,1702483200,1702499400,1,69.53,69.7,0.5818509973194395,time_exit
rs_crude_inventory_session_crude_oil_futures_intraday_momentum_c2bc7e53,crude_oil_futures,futures,intraday_momentum,1703087100,1703088000,1703104200,-1,74.6,73.87,2.816512874863067,time_exit
rs_crude_inventory_session_crude_oil_futures_intraday_momentum_c2bc7e53,crude_oil_futures,futures,intraday_momentum,1703691900,1703692800,1703709000,-1,74.89,73.9,3.3278019242402856,time_exit
rs_crude_inventory_session_crude_oil_futures_intraday_momentum_c2bc7e53,crude_oil_futures,futures,intraday_momentum,1704296700,1704297600,1704313800,1,72.83,73.04,0.5423852176474567,time_exit
rs_crude_inventory_session_crude_oil_futures_intraday_momentum_c2bc7e53,crude_oil_futures,futures,intraday_momentum,1704901500,1704902400,1704918600,-1,72.21,71.31,2.6461201920433837,time_exit
rs_crude_inventory_session_crude_oil_futures_intraday_momentum_c2bc7e53,crude_oil_futures,futures,intraday_momentum,1705506300,1705507200,1705523400,1,71.67,72.72,3.5674853728886315,time_exit
rs_crude_inventory_session_crude_oil_futures_intraday_momentum_c2bc7e53,crude_oil_futures,futures,intraday_momentum,1706111100,1706112000,1706128200,1,75.06,75.28,0.6941162933826257,time_exit
rs_crude_inventory_session_crude_oil_futures_intraday_momentum_c2bc7e53,crude_oil_futures,futures,intraday_momentum,1706715900,1706716800,1706733000,1,76.89,75.79,-2.969399038736521,time_exit
rs_crude_inventory_session_crude_oil_futures_intraday_momentum_c2bc7e53,crude_oil_futures,futures,intraday_momentum,1707320700,1707321600,1707337800,1,73.62,74.08,1.70781084950946,time_exit
rs_crude_inventory_session_crude_oil_futures_intraday_momentum_c2bc7e53,crude_oil_futures,futures,intraday_momentum,1707925500,1707926400,1707942600,-1,77.88,76.62,3.7074276795400847,time_exit
rs_crude_inventory_session_crude_oil_futures_intraday_momentum_c2bc7e53,crude_oil_futures,futures,intraday_momentum,1708530300,1708531200,1708547400,1,77.52,78.0,1.8344377069343776,time_exit
rs_crude_inventory_session_crude_oil_futures_intraday_momentum_c2bc7e53,crude_oil_futures,futures,intraday_momentum,1709135100,1709136000,1709152200,-1,79.07,78.39,2.4791905113049153,time_exit
rs_crude_inventory_session_crude_oil_futures_intraday_momentum_c2bc7e53,crude_oil_futures,futures,intraday_momentum,1709739900,1709740800,1709757000,1,80.29,79.06,-5.248152409004248,time_exit
rs_crude_inventory_session_crude_oil_futures_intraday_momentum_c2bc7e53,crude_oil_futures,futures,intraday_momentum,1710341100,1710342000,1710358200,-1,79.05,79.79,-2.9449984073230286,time_exit
rs_crude_inventory_session_crude_oil_futures_intraday_momentum_c2bc7e53,crude_oil_futures,futures,intraday_momentum,1710945900,1710946800,1710963000,1,81.37,81.4,0.09411577111264029,time_exit
rs_crude_inventory_session_crude_oil_futures_intraday_momentum_c2bc7e53,crude_oil_futures,futures,intraday_momentum,1711550700,1711551600,1711567800,-1,81.37,81.69,-1.3501602508114146,time_exit
rs_crude_inventory_session_crude_oil_futures_intraday_momentum_c2bc7e53,crude_oil_futures,futures,intraday_momentum,1712155500,1712156400,1712172600,-1,85.76,85.54,0.9377216950990417,time_exit
rs_crude_inventory_session_crude_oil_futures_intraday_momentum_c2bc7e53,crude_oil_futures,futures,intraday_momentum,1712760300,1712761200,1712777400,-1,85.17,86.27,-3.2525859624742264,time_exit
rs_crude_inventory_session_crude_oil_futures_intraday_momentum_c2bc7e53,crude_oil_futures,futures,intraday_momentum,1713365100,1713366000,1713382200,1,84.79,82.68,-7.263692985897393,time_exit
rs_crude_inventory_session_crude_oil_futures_intraday_momentum_c2bc7e53,crude_oil_futures,futures,intraday_momentum,1713969900,1713970800,1713987000,-1,82.74,82.91,-0.5736698917165464,time_exit
rs_crude_inventory_session_crude_oil_futures_intraday_momentum_c2bc7e53,crude_oil_futures,futures,intraday_momentum,1714574700,1714575600,1714591800,-1,80.11,79.14,2.9011163371307993,time_exit
rs_crude_inventory_session_crude_oil_futures_intraday_momentum_c2bc7e53,crude_oil_futures,futures,intraday_momentum,1715179500,1715180400,1715196600,1,78.56,79.16,2.260091802864517,time_exit
rs_crude_inventory_session_crude_oil_futures_intraday_momentum_c2bc7e53,crude_oil_futures,futures,intraday_momentum,1715784300,1715785200,1715801400,1,77.41,78.8,4.365235326629698,time_exit
rs_crude_inventory_session_crude_oil_futures_intraday_momentum_c2bc7e53,crude_oil_futures,futures,intraday_momentum,1716389100,1716390000,1716406200,1,78.23,77.33,-3.3944911552145407,time_exit
rs_crude_inventory_session_crude_oil_futures_intraday_momentum_c2bc7e53,crude_oil_futures,futures,intraday_momentum,1716993900,1716994800,1717011000,-1,79.51,79.11,1.989104281111297,time_exit
rs_crude_inventory_session_crude_oil_futures_intraday_momentum_c2bc7e53,crude_oil_futures,futures,intraday_momentum,1717598700,1717599600,1717615800,1,73.52,74.14,2.226297416231324,time_exit
rs_crude_inventory_session_crude_oil_futures_intraday_momentum_c2bc7e53,crude_oil_futures,futures,intraday_momentum,1718203500,1718204400,1718220600,-1,78.24,78.28,-0.1750001720065287,time_exit
rs_crude_inventory_session_crude_oil_futures_intraday_momentum_c2bc7e53,crude_oil_futures,futures,intraday_momentum,1719413100,1719414000,1719430200,-1,80.73,80.68,0.17893236835423432,time_exit
rs_crude_inventory_session_crude_oil_futures_intraday_momentum_c2bc7e53,crude_oil_futures,futures,intraday_momentum,1720017900,1720018800,1720035000,-1,82.58,83.72,-4.504752754602267,time_exit
rs_crude_inventory_session_crude_oil_futures_intraday_momentum_c2bc7e53,crude_oil_futures,futures,intraday_momentum,1720622700,1720623600,1720639800,1,81.81,82.35,2.079184529064501,time_exit
rs_crude_inventory_session_crude_oil_futures_intraday_momentum_c2bc7e53,crude_oil_futures,futures,intraday_momentum,1721227500,1721228400,1721244600,1,82.49,82.85,1.752113943886647,time_exit
rs_crude_inventory_session_crude_oil_futures_intraday_momentum_c2bc7e53,crude_oil_futures,futures,intraday_momentum,1721832300,1721833200,1721849400,-1,77.17,77.63,-1.7861346497947008,time_exit
rs_crude_inventory_session_crude_oil_futures_intraday_momentum_c2bc7e53,crude_oil_futures,futures,intraday_momentum,1722437100,1722438000,1722454200,-1,76.91,78.35,-4.7104474699296786,time_exit
rs_crude_inventory_session_crude_oil_futures_intraday_momentum_c2bc7e53,crude_oil_futures,futures,intraday_momentum,1723041900,1723042800,1723059000,1,75.24,75.43,0.6130703938175788,time_exit
rs_crude_inventory_session_crude_oil_futures_intraday_momentum_c2bc7e53,crude_oil_futures,futures,intraday_momentum,1723646700,1723647600,1723663800,-1,77.58,77.13,1.6979180604603064,time_exit
rs_crude_inventory_session_crude_oil_futures_intraday_momentum_c2bc7e53,crude_oil_futures,futures,intraday_momentum,1724251500,1724252400,1724268600,-1,73.3,71.89,4.679383884615318,time_exit
rs_crude_inventory_session_crude_oil_futures_intraday_momentum_c2bc7e53,crude_oil_futures,futures,intraday_momentum,1724856300,1724857200,1724873400,1,75.14,74.76,-1.0915784435909375,time_exit
rs_crude_inventory_session_crude_oil_futures_intraday_momentum_c2bc7e53,crude_oil_futures,futures,intraday_momentum,1725461100,1725462000,1725478200,1,69.67,68.93,-1.335387486633017,time_exit
rs_crude_inventory_session_crude_oil_futures_intraday_momentum_c2bc7e53,crude_oil_futures,futures,intraday_momentum,1726065900,1726066800,1726083000,-1,66.23,67.12,-2.2602655150646216,time_exit
rs_crude_inventory_session_crude_oil_futures_intraday_momentum_c2bc7e53,crude_oil_futures,futures,intraday_momentum,1726670700,1726671600,1726687800,-1,71.06,70.07,3.5974326831213386,time_exit
rs_crude_inventory_session_crude_oil_futures_intraday_momentum_c2bc7e53,crude_oil_futures,futures,intraday_momentum,1727275500,1727276400,1727292600,1,70.66,69.68,-3.0468171629725624,time_exit
rs_crude_inventory_session_crude_oil_futures_intraday_momentum_c2bc7e53,crude_oil_futures,futures,intraday_momentum,1727880300,1727881200,1727897400,-1,70.88,70.88,-0.0,time_exit
rs_crude_inventory_session_crude_oil_futures_intraday_momentum_c2bc7e53,crude_oil_futures,futures,intraday_momentum,1728485100,1728486000,1728502200,1,72.59,73.5,1.894256258598947,time_exit
rs_crude_inventory_session_crude_oil_futures_intraday_momentum_c2bc7e53,crude_oil_futures,futures,intraday_momentum,1729089900,1729090800,1729107000,-1,70.28,70.56,-0.9401833139239559,time_exit
rs_crude_inventory_session_crude_oil_futures_intraday_momentum_c2bc7e53,crude_oil_futures,futures,intraday_momentum,1729694700,1729695600,1729711800,-1,70.76,70.91,-0.5276719963300854,time_exit
rs_crude_inventory_session_crude_oil_futures_intraday_momentum_c2bc7e53,crude_oil_futures,futures,intraday_momentum,1730299500,1730300400,1730316600,1,68.46,68.89,1.4122920547665783,time_exit
rs_crude_inventory_session_crude_oil_futures_intraday_momentum_c2bc7e53,crude_oil_futures,futures,intraday_momentum,1730907900,1730908800,1730925000,1,72.52,71.95,-1.3169170500665344,time_exit
rs_crude_inventory_session_crude_oil_futures_intraday_momentum_c2bc7e53,crude_oil_futures,futures,intraday_momentum,1731512700,1731513600,1731529800,1,67.99,68.1,0.3338495642466646,time_exit
rs_crude_inventory_session_crude_oil_futures_intraday_momentum_c2bc7e53,crude_oil_futures,futures,intraday_momentum,1732117500,1732118400,1732134600,1,69.48,69.03,-1.919131987938764,time_exit
rs_crude_inventory_session_crude_oil_futures_intraday_momentum_c2bc7e53,crude_oil_futures,futures,intraday_momentum,1732722300,1732723200,1732739400,-1,68.9,68.75,0.5414848293085327,time_exit
rs_crude_inventory_session_crude_oil_futures_intraday_momentum_c2bc7e53,crude_oil_futures,futures,intraday_momentum,1733327100,1733328000,1733344200,1,69.91,68.83,-4.443720511915494,time_exit
rs_crude_inventory_session_crude_oil_futures_intraday_momentum_c2bc7e53,crude_oil_futures,futures,intraday_momentum,1733931900,1733932800,1733949000,-1,69.51,70.33,-3.8082065479637026,time_exit
rs_crude_inventory_session_crude_oil_futures_intraday_momentum_c2bc7e53,crude_oil_futures,futures,intraday_momentum,1734536700,1734537600,1734553800,1,70.56,69.41,-5.831059525206137,time_exit
rs_crude_inventory_session_crude_oil_futures_intraday_momentum_c2bc7e53,crude_oil_futures,futures,intraday_momentum,1736351100,1736352000,1736368200,-1,74.08,73.34,2.920970349820211,time_exit
rs_crude_inventory_session_crude_oil_futures_intraday_momentum_c2bc7e53,crude_oil_futures,futures,intraday_momentum,1736955900,1736956800,1736973000,-1,77.44,79.19,-6.366530714523142,time_exit
rs_crude_inventory_session_crude_oil_futures_intraday_momentum_c2bc7e53,crude_oil_futures,futures,intraday_momentum,1737560700,1737561600,1737577800,1,75.64,75.48,-0.5768208136164449,time_exit
rs_crude_inventory_session_crude_oil_futures_intraday_momentum_c2bc7e53,crude_oil_futures,futures,intraday_momentum,1738165500,1738166400,1738182600,-1,73.48,72.84,2.4227382478681454,time_exit
rs_crude_inventory_session_crude_oil_futures_intraday_momentum_c2bc7e53,crude_oil_futures,futures,intraday_momentum,1738770300,1738771200,1738787400,1,71.64,71.21,-1.606660836967408,time_exit
rs_crude_inventory_session_crude_oil_futures_intraday_momentum_c2bc7e53,crude_oil_futures,futures,intraday_momentum,1739979900,1739980800,1739997000,-1,72.24,72.18,0.34577619164180307,time_exit
rs_crude_inventory_session_crude_oil_futures_intraday_momentum_c2bc7e53,crude_oil_futures,futures,intraday_momentum,1740584700,1740585600,1740601800,-1,68.71,68.85,-0.6429112826131008,time_exit
rs_crude_inventory_session_crude_oil_futures_intraday_momentum_c2bc7e53,crude_oil_futures,futures,intraday_momentum,1741189500,1741190400,1741206600,-1,65.79,66.42,-2.208080733537758,time_exit
rs_crude_inventory_session_crude_oil_futures_intraday_momentum_c2bc7e53,crude_oil_futures,futures,intraday_momentum,1741790700,1741791600,1741807800,1,67.67,67.68,0.04667315203882133,time_exit
rs_crude_inventory_session_crude_oil_futures_intraday_momentum_c2bc7e53,crude_oil_futures,futures,intraday_momentum,1742395500,1742396400,1742412600,1,66.93,67.09,0.8672247162104502,time_exit
rs_crude_inventory_session_crude_oil_futures_intraday_momentum_c2bc7e53,crude_oil_futures,futures,intraday_momentum,1743000300,1743001200,1743017400,-1,69.98,69.72,1.8981945620825638,time_exit
rs_crude_inventory_session_crude_oil_futures_intraday_momentum_c2bc7e53,crude_oil_futures,futures,intraday_momentum,1743605100,1743606000,1743622200,1,71.38,71.83,2.0218955691171425,time_exit
rs_crude_inventory_session_crude_oil_futures_intraday_momentum_c2bc7e53,crude_oil_futures,futures,intraday_momentum,1744209900,1744210800,1744227000,-1,56.09,62.75,-10.42953711775804,time_exit
rs_crude_inventory_session_crude_oil_futures_intraday_momentum_c2bc7e53,crude_oil_futures,futures,intraday_momentum,1744814700,1744815600,1744831800,1,62.5,62.66,0.6128384037523698,time_exit
rs_crude_inventory_session_crude_oil_futures_intraday_momentum_c2bc7e53,crude_oil_futures,futures,intraday_momentum,1745419500,1745420400,1745436600,1,62.48,62.18,-0.579455019268597,time_exit
rs_crude_inventory_session_crude_oil_futures_intraday_momentum_c2bc7e53,crude_oil_futures,futures,intraday_momentum,1746024300,1746025200,1746041400,-1,59.52,58.17,4.48411566772129,time_exit
rs_crude_inventory_session_crude_oil_futures_intraday_momentum_c2bc7e53,crude_oil_futures,futures,intraday_momentum,1746629100,1746630000,1746646200,-1,58.77,58.04,3.105527635874227,time_exit
rs_crude_inventory_session_crude_oil_futures_intraday_momentum_c2bc7e53,crude_oil_futures,futures,intraday_momentum,1747233900,1747234800,1747251000,-1,63.4,62.85,2.604063665763769,time_exit
rs_crude_inventory_session_crude_oil_futures_intraday_momentum_c2bc7e53,crude_oil_futures,futures,intraday_momentum,1747838700,1747839600,1747855800,-1,61.94,61.6,1.3243959596581358,time_exit
rs_crude_inventory_session_crude_oil_futures_intraday_momentum_c2bc7e53,crude_oil_futures,futures,intraday_momentum,1748443500,1748444400,1748460600,-1,61.67,61.5,0.9538274437469402,time_exit
rs_crude_inventory_session_crude_oil_futures_intraday_momentum_c2bc7e53,crude_oil_futures,futures,intraday_momentum,1749048300,1749049200,1749065400,-1,63.26,62.81,1.6757399385095584,time_exit
rs_crude_inventory_session_crude_oil_futures_intraday_momentum_c2bc7e53,crude_oil_futures,futures,intraday_momentum,1749653100,1749654000,1749670200,-1,66.25,67.81,-6.250539956517967,time_exit
rs_crude_inventory_session_crude_oil_futures_intraday_momentum_c2bc7e53,crude_oil_futures,futures,intraday_momentum,1750257900,1750258800,1750275000,-1,72.01,73.23,-2.161231011519549,time_exit
rs_crude_inventory_session_crude_oil_futures_intraday_momentum_c2bc7e53,crude_oil_futures,futures,intraday_momentum,1750862700,1750863600,1750879800,1,65.23,65.23,0.0,time_exit
rs_crude_inventory_session_crude_oil_futures_intraday_momentum_c2bc7e53,crude_oil_futures,futures,intraday_momentum,1751467500,1751468400,1751484600,1,65.75,67.24,7.04083035422644,time_exit
rs_crude_inventory_session_crude_oil_futures_intraday_momentum_c2bc7e53,crude_oil_futures,futures,intraday_momentum,1752072300,1752073200,1752089400,1,68.37,68.24,-0.562877645527458,time_exit
rs_crude_inventory_session_crude_oil_futures_intraday_momentum_c2bc7e53,crude_oil_futures,futures,intraday_momentum,1753281900,1753282800,1753299000,-1,64.9,65.49,-2.8817774340188373,time_exit
rs_crude_inventory_session_crude_oil_futures_intraday_momentum_c2bc7e53,crude_oil_futures,futures,intraday_momentum,1753886700,1753887600,1753903800,1,69.63,70.25,2.635923165129133,time_exit
rs_crude_inventory_session_crude_oil_futures_intraday_momentum_c2bc7e53,crude_oil_futures,futures,intraday_momentum,1754491500,1754492400,1754508600,1,65.97,64.06,-6.709920085264724,time_exit
rs_crude_inventory_session_crude_oil_futures_intraday_momentum_c2bc7e53,crude_oil_futures,futures,intraday_momentum,1755096300,1755097200,1755113400,-1,62.29,62.79,-2.340297684939842,time_exit
rs_crude_inventory_session_crude_oil_futures_intraday_momentum_c2bc7e53,crude_oil_futures,futures,intraday_momentum,1755701100,1755702000,1755718200,-1,62.27,62.92,-3.357211198545497,time_exit
rs_crude_inventory_session_crude_oil_futures_intraday_momentum_c2bc7e53,crude_oil_futures,futures,intraday_momentum,1756305900,1756306800,1756323000,1,63.79,63.93,0.8177007563704258,time_exit
rs_crude_inventory_session_crude_oil_futures_intraday_momentum_c2bc7e53,crude_oil_futures,futures,intraday_momentum,1756910700,1756911600,1756927800,1,63.99,63.86,-0.6308334429945301,time_exit
rs_crude_inventory_session_crude_oil_futures_intraday_momentum_c2bc7e53,crude_oil_futures,futures,intraday_momentum,1757515500,1757516400,1757532600,-1,63.26,63.81,-2.612252930824386,time_exit
rs_crude_inventory_session_crude_oil_futures_intraday_momentum_c2bc7e53,crude_oil_futures,futures,intraday_momentum,1758120300,1758121200,1758137400,-1,64.36,63.95,2.4676175328416234,time_exit
rs_crude_inventory_session_crude_oil_futures_intraday_momentum_c2bc7e53,crude_oil_futures,futures,intraday_momentum,1758725100,1758726000,1758742200,1,64.56,64.82,1.4951826651061442,time_exit
rs_crude_inventory_session_crude_oil_futures_intraday_momentum_c2bc7e53,crude_oil_futures,futures,intraday_momentum,1759329900,1759330800,1759347000,1,61.86,62.02,0.6027095033993897,time_exit
rs_crude_inventory_session_crude_oil_futures_intraday_momentum_c2bc7e53,crude_oil_futures,futures,intraday_momentum,1759934700,1759935600,1759951800,1,62.56,62.4,-0.8184569024634147,time_exit
rs_crude_inventory_session_crude_oil_futures_intraday_momentum_c2bc7e53,crude_oil_futures,futures,intraday_momentum,1760539500,1760540400,1760556600,-1,58.66,58.47,0.9516473015200846,time_exit
rs_crude_inventory_session_crude_oil_futures_intraday_momentum_c2bc7e53,crude_oil_futures,futures,intraday_momentum,1761144300,1761145200,1761161400,1,58.58,59.67,5.354650735556275,time_exit
rs_crude_inventory_session_crude_oil_futures_intraday_momentum_c2bc7e53,crude_oil_futures,futures,intraday_momentum,1761749100,1761750000,1761766200,1,60.88,60.34,-2.8702451329412,time_exit
rs_crude_inventory_session_crude_oil_futures_intraday_momentum_c2bc7e53,crude_oil_futures,futures,intraday_momentum,1762357500,1762358400,1762374600,1,60.72,59.63,-5.443753086555559,time_exit
rs_crude_inventory_session_crude_oil_futures_intraday_momentum_c2bc7e53,crude_oil_futures,futures,intraday_momentum,1762962300,1762963200,1762979400,-1,58.91,58.43,2.7004517697684234,time_exit
rs_crude_inventory_session_crude_oil_futures_intraday_momentum_c2bc7e53,crude_oil_futures,futures,intraday_momentum,1763567100,1763568000,1763584200,1,59.04,59.31,1.2517693178304086,time_exit
rs_crude_inventory_session_crude_oil_futures_intraday_momentum_c2bc7e53,crude_oil_futures,futures,intraday_momentum,1764171900,1764172800,1764189000,1,57.99,58.65,3.926192631543392,time_exit
rs_crude_inventory_session_crude_oil_futures_intraday_momentum_c2bc7e53,crude_oil_futures,futures,intraday_momentum,1764776700,1764777600,1764793800,1,59.53,59.06,-2.6299250580762608,time_exit
rs_crude_inventory_session_crude_oil_futures_intraday_momentum_c2bc7e53,crude_oil_futures,futures,intraday_momentum,1765381500,1765382400,1765398600,-1,57.75,58.94,-8.027168350756224,time_exit
rs_crude_inventory_session_crude_oil_futures_intraday_momentum_c2bc7e53,crude_oil_futures,futures,intraday_momentum,1765986300,1765987200,1766003400,-1,56.05,56.67,-2.9574944356347044,time_exit
rs_crude_inventory_session_crude_oil_futures_intraday_momentum_c2bc7e53,crude_oil_futures,futures,intraday_momentum,1767195900,1767196800,1767213000,-1,57.83,57.45,2.1259635869111437,time_exit
rs_crude_inventory_session_crude_oil_futures_intraday_momentum_c2bc7e53,crude_oil_futures,futures,intraday_momentum,1767800700,1767801600,1767817800,1,56.44,56.22,-1.0841430887287833,time_exit
rs_crude_inventory_session_crude_oil_futures_intraday_momentum_c2bc7e53,crude_oil_futures,futures,intraday_momentum,1768405500,1768406400,1768422600,1,61.68,59.66,-7.946691645014332,time_exit
rs_crude_inventory_session_crude_oil_futures_intraday_momentum_c2bc7e53,crude_oil_futures,futures,intraday_momentum,1769010300,1769011200,1769027400,1,60.5,60.68,0.8098058585899651,time_exit
rs_crude_inventory_session_crude_oil_futures_intraday_momentum_c2bc7e53,crude_oil_futures,futures,intraday_momentum,1769615100,1769616000,1769632200,1,62.97,63.46,1.8420411486527257,time_exit
rs_crude_inventory_session_crude_oil_futures_intraday_momentum_c2bc7e53,crude_oil_futures,futures,intraday_momentum,1770219900,1770220800,1770237000,-1,63.32,64.48,-4.362070640385107,time_exit
rs_crude_inventory_session_crude_oil_futures_intraday_momentum_c2bc7e53,crude_oil_futures,futures,intraday_momentum,1770824700,1770825600,1770841800,-1,64.97,64.93,0.17483924133216971,time_exit
rs_crude_inventory_session_crude_oil_futures_intraday_momentum_c2bc7e53,crude_oil_futures,futures,intraday_momentum,1771429500,1771430400,1771446600,1,64.33,65.39,5.347631483949786,time_exit
rs_crude_inventory_session_crude_oil_futures_intraday_momentum_c2bc7e53,crude_oil_futures,futures,intraday_momentum,1772034300,1772035200,1772051400,-1,65.41,65.49,-0.3392477815192491,time_exit
rs_crude_inventory_session_crude_oil_futures_intraday_momentum_c2bc7e53,crude_oil_futures,futures,intraday_momentum,1772639100,1772640000,1772656200,1,74.24,75.22,1.43190618614074,time_exit
rs_crude_inventory_session_crude_oil_futures_intraday_momentum_c2bc7e53,crude_oil_futures,futures,intraday_momentum,1773240300,1773241200,1773257400,1,86.21,87.73,1.042546135992157,time_exit
rs_crude_inventory_session_crude_oil_futures_intraday_momentum_c2bc7e53,crude_oil_futures,futures,intraday_momentum,1773845100,1773846000,1773862200,-1,98.87,98.51,0.4885910805182321,time_exit
rs_crude_inventory_session_crude_oil_futures_intraday_momentum_c2bc7e53,crude_oil_futures,futures,intraday_momentum,1774449900,1774450800,1774467000,1,89.02,90.99,2.5978309449899415,time_exit
rs_crude_inventory_session_crude_oil_futures_intraday_momentum_c2bc7e53,crude_oil_futures,futures,intraday_momentum,1775054700,1775055600,1775071800,1,99.06,99.22,0.1688636048893986,time_exit
rs_crude_inventory_session_crude_oil_futures_intraday_momentum_c2bc7e53,crude_oil_futures,futures,intraday_momentum,1775659500,1775660400,1775676600,1,95.56,96.44,0.7277614096292486,time_exit
rs_crude_inventory_session_crude_oil_futures_intraday_momentum_c2bc7e53,crude_oil_futures,futures,intraday_momentum,1776264300,1776265200,1776281400,1,92.34,91.04,-1.7596517796497588,time_exit
rs_crude_inventory_session_crude_oil_futures_intraday_momentum_c2bc7e53,crude_oil_futures,futures,intraday_momentum,1777473900,1777474800,1777491000,1,105.18,107.98,5.0040798794823855,time_exit
rs_crude_inventory_session_crude_oil_futures_intraday_momentum_c2bc7e53,crude_oil_futures,futures,intraday_momentum,1778078700,1778079600,1778095800,-1,94.77,95.19,-0.31908024840441773,time_exit
rs_crude_inventory_session_crude_oil_futures_intraday_momentum_c2bc7e53,crude_oil_futures,futures,intraday_momentum,1778683500,1778684400,1778700600,-1,103.14,101.19,4.474904085055249,time_exit
